timestamp_unix;timestamp_esp;device_id;suhu;kelembaban;interval_ms;latency_ms;jitter_ms;packet_rate;label
1.779.165.104.441;763232;ESP32-IDS-01;30.8;60.0;10000;9999;0;2.27;dos
1779146066.92;9760;ESP32-IDS-01;28.5;63.7;732;19;1;0.9;normal
1.779.148.354.871;159371;ESP32-IDS-01;28.5;70.1;917;18;1;0.7;normal
1.779.149.330.215;1134748;ESP32-IDS-01;28.9;68.3;884;18;1;2.3;normal
1.779.149.632.787;1437321;ESP32-IDS-01;29.0;67.7;447;18;2;1.1;normal
1.779.154.246.318;41054;ESP32-IDS-01;30.0;62.6;801;26;25;4.15;dos
1.779.145.932.717;114950;ESP32-IDS-01;28.6;64.6;634;21;2;2.5;normal
1.779.150.698.306;500273;ESP32-IDS-01;29.4;66.6;494;25;7;7.45;dos
1779165834.5;87885;ESP32-IDS-01;31.4;57.9;563;362;1019;8.4;dos
1.779.148.767.512;571995;ESP32-IDS-01;28.9;68.5;770;20;0;2.1;normal
1.779.146.495.725;123493;ESP32-IDS-01;28.6;63.0;990;21;1;1.1;normal
1.779.167.395.045;433903;ESP32-IDS-01;28.6;52.4;831;24;23;3.8;dos
1.779.156.402.008;94559;ESP32-IDS-01;30.1;61.8;823;27;8;4.12;dos
1.779.159.458.654;261209;ESP32-IDS-01;30.6;61.1;10000;627;664;2.45;dos
1.779.145.622.305;889235;ESP32-IDS-01;28.4;65.9;967;20;1;2.5;normal
1.779.156.493.375;184935;ESP32-IDS-01;30.0;61.8;301;361;518;6.32;dos
1.779.146.023.504;205754;ESP32-IDS-01;28.6;64.5;952;23;6;2.4;normal
1.779.155.161.641;416125;ESP32-IDS-01;30.1;62.2;428;3438;869;3.4;dos
1.779.157.834.239;40754;ESP32-IDS-01;30.3;60.9;1425;306;375;3.0;dos
1.779.151.360.935;1163001;ESP32-IDS-01;29.9;64.4;828;20;0;3.3;dos
1.779.154.419.845;98959;ESP32-IDS-01;30.1;62.3;314;23;7;2.6;dos
1.779.145.422.897;689817;ESP32-IDS-01;28.3;68.8;933;20;1;2.9;normal
1.779.149.458.558;1263088;ESP32-IDS-01;28.9;68.2;920;21;1;3.3;normal
1779151588.78;1390853;ESP32-IDS-01;29.9;64.2;783;20;0;0.2;dos
1.779.145.971.527;153779;ESP32-IDS-01;28.6;62.6;939;24;5;2.3;normal
1.779.164.476.207;147990;ESP32-IDS-01;29.6;64.7;438;18;3;2.4;dos
1.779.149.256.228;1060755;ESP32-IDS-01;28.9;68.5;721;19;0;0.4;normal
1.779.150.790.616;591124;ESP32-IDS-01;29.4;66.3;1194;516;619;1.54;dos
1.779.151.677.081;1479104;ESP32-IDS-01;29.8;64.5;1170;38;12;4.05;dos
1.779.158.691.701;171009;ESP32-IDS-01;30.1;61.9;3593;743;527;0.78;dos
1.779.149.393.192;1197724;ESP32-IDS-01;29.0;68.1;585;19;1;1.8;normal
1.779.149.122.629;927150;ESP32-IDS-01;28.9;68.3;346;20;1;1.9;normal
1.779.145.980.964;163227;ESP32-IDS-01;28.6;65.4;620;20;2;1.5;normal
1.779.148.604.613;409119;ESP32-IDS-01;28.8;69.2;418;19;1;2.8;normal
1.779.165.610.114;1281816;ESP32-IDS-01;31.3;58.5;575;33;25;2.2;dos
1.779.148.784.434;588944;ESP32-IDS-01;28.9;68.5;708;20;2;2.0;normal
1779153613.75;588559;ESP32-IDS-01;30.0;62.6;679;22;8;3.85;dos
1.779.149.491.497;1296005;ESP32-IDS-01;29.0;68.1;685;20;1;2.6;normal
1.779.148.530.569;335072;ESP32-IDS-01;28.7;69.5;935;19;1;3.5;normal
1.779.154.456.626;132495;ESP32-IDS-01;30.1;62.4;10000;757;1012;2.2;dos
1.779.150.955.228;742387;ESP32-IDS-01;29.5;66.1;10000;9999;0;2.7;dos
1.779.149.106.525;911037;ESP32-IDS-01;28.9;68.3;761;21;1;0.7;normal
1779165919.62;25291;ESP32-IDS-01;31.5;56.5;1015;148;155;2.59;dos
1.779.146.301.679;244520;ESP32-IDS-01;28.6;64.0;580;21;5;1.8;normal
1.779.152.805.729;282486;ESP32-IDS-01;29.9;63.3;906;29;12;2.6;dos
1779145476.74;743669;ESP32-IDS-01;28.3;68.4;723;19;3;1.9;normal
1.779.146.805.864;21364;ESP32-IDS-01;28.6;63.5;1214;17;2;1.5;normal
1.779.148.802.328;606839;ESP32-IDS-01;28.9;68.5;423;20;0;2.1;normal
1.779.145.264.162;531079;ESP32-IDS-01;28.3;68.4;560;20;3;0.6;normal
1.779.145.417.929;684852;ESP32-IDS-01;28.3;68.7;746;20;0;1.4;normal
1.779.149.469.561;1274084;ESP32-IDS-01;28.9;68.2;309;23;10;1.1;normal
1.779.158.874.737;46675;ESP32-IDS-01;30.4;61.0;1183;19;3;1.8;dos
1.779.149.041.694;846216;ESP32-IDS-01;29.0;68.2;425;18;2;1.0;normal
1.779.150.922.921;724837;ESP32-IDS-01;29.5;66.2;364;53;54;5.05;dos
1.779.145.663.129;930054;ESP32-IDS-01;28.4;66.7;699;20;1;3.4;normal
1779151422.73;1224796;ESP32-IDS-01;29.9;64.3;430;20;0;1.3;dos
1.779.146.175.531;118375;ESP32-IDS-01;28.6;63.1;494;19;3;1.5;normal
1779157290.04;116323;ESP32-IDS-01;30.1;62.1;998;68;18;4.21;dos
1.779.145.753.492;40996;ESP32-IDS-01;28.5;64.0;934;20;0;2.5;normal
1.779.146.121.476;64080;ESP32-IDS-01;28.5;64.8;796;98;123;0.5;normal
1.779.149.472.343;1276871;ESP32-IDS-01;28.9;68.2;961;20;0;0.6;normal
1.779.151.450.688;1252756;ESP32-IDS-01;30.0;64.1;725;20;0;2.2;dos
1.779.160.080.554;24174;ESP32-IDS-01;30.7;59.9;10000;9999;0;0.16;dos
1.779.145.409.795;676513;ESP32-IDS-01;28.3;67.5;534;88;102;2.4;normal
1.779.146.474.303;102071;ESP32-IDS-01;28.6;62.8;707;20;0;2.9;normal
1.779.154.240.111;35844;ESP32-IDS-01;29.9;62.7;965;34;20;7.55;dos
1.779.146.151.764;94579;ESP32-IDS-01;28.6;65.5;457;20;2;3.5;normal
1.779.155.987.026;118497;ESP32-IDS-01;30.0;62.2;1346;386;1010;2.6;dos
1.779.156.060.021;49702;ESP32-IDS-01;30.1;62.0;444;9999;0;4.65;dos
1.779.149.179.081;983579;ESP32-IDS-01;28.8;68.5;602;20;0;1.3;normal
1779154421.47;100514;ESP32-IDS-01;30.1;62.3;560;48;21;1.4;dos
1.779.146.252.953;195772;ESP32-IDS-01;28.6;65.4;914;20;2;0.4;normal
1.779.145.854.577;36811;ESP32-IDS-01;28.5;64.6;779;20;1;0.1;normal
1779145329.21;596128;ESP32-IDS-01;28.3;67.5;471;21;3;0.8;normal
1.779.146.054.042;236308;ESP32-IDS-01;28.5;65.5;485;20;0;2.6;normal
1.779.159.282.825;93966;ESP32-IDS-01;30.5;61.0;752;30;10;2.8;dos
1.779.148.641.073;445577;ESP32-IDS-01;28.8;69.0;729;20;1;1.6;normal
1.779.165.061.502;731875;ESP32-IDS-01;30.7;60.4;1286;144;173;0.7;dos
1.779.150.097.599;1902151;ESP32-IDS-01;28.9;67.8;780;20;1;1.2;dos
1.779.145.270.733;537647;ESP32-IDS-01;28.2;67.6;725;21;2;2.2;normal
1.779.156.037.185;35338;ESP32-IDS-01;30.0;60.8;10000;791;1503;3.38;dos
1.779.149.700.428;1504968;ESP32-IDS-01;29.0;67.9;807;20;0;0.6;normal
1779157658.07;131119;ESP32-IDS-01;30.2;61.3;4250;27;8;1.64;dos
1.779.149.190.265;994789;ESP32-IDS-01;28.8;68.5;381;20;1;1.7;normal
1.779.153.205.875;180604;ESP32-IDS-01;30.0;63.0;1243;38;32;1.3;dos
1.779.145.779.963;67465;ESP32-IDS-01;28.5;66.1;786;20;0;0.2;normal
1.779.148.991.001;795516;ESP32-IDS-01;29.0;68.3;775;21;1;1.8;normal
1.779.149.341.711;1146240;ESP32-IDS-01;29.0;68.2;476;20;1;0.1;normal
1.779.167.050.168;89006;ESP32-IDS-01;28.8;53.1;463;35;15;2.56;dos
1.779.154.467.569;146652;ESP32-IDS-01;30.1;62.4;993;25;12;4.31;dos
1.779.150.081.608;1886163;ESP32-IDS-01;28.9;67.8;879;19;3;3.5;dos
1779165874.13;126953;ESP32-IDS-01;31.4;57.8;995;54;4;4.21;dos
1.779.150.062.522;1867071;ESP32-IDS-01;29.0;67.7;334;21;1;1.6;dos
1.779.148.741.643;546150;ESP32-IDS-01;29.0;68.4;710;20;0;0.9;normal
1.779.149.087.438;891935;ESP32-IDS-01;28.9;68.3;586;19;2;0.6;normal
1.779.148.619.044;423548;ESP32-IDS-01;28.8;69.1;473;20;1;0.1;normal
1.779.153.251.663;226439;ESP32-IDS-01;30.0;62.8;300;43;17;2.4;dos
1.779.151.361.834;1163897;ESP32-IDS-01;29.9;64.4;352;19;1;1.6;dos
1.779.164.466.949;138745;ESP32-IDS-01;29.6;64.7;1177;18;1;0.2;dos
1.779.151.996.327;1798343;ESP32-IDS-01;29.8;64.4;613;38;13;0.9;dos
1.779.148.582.215;386717;ESP32-IDS-01;28.7;69.3;637;20;0;0.3;normal
1.779.159.152.338;95656;ESP32-IDS-01;30.5;60.7;876;46;52;2.0;dos
1.779.149.643.047;1447586;ESP32-IDS-01;29.0;67.7;961;20;2;2.8;normal
1.779.153.118.542;93356;ESP32-IDS-01;29.9;63.1;931;22;7;0.9;dos
1.779.166.734.941;280131;ESP32-IDS-01;29.2;53.0;579;33;6;5.35;dos
1.779.148.268.549;73038;ESP32-IDS-01;28.1;70.2;755;21;1;2.6;normal
1.779.145.700.426;967362;ESP32-IDS-01;28.5;64.8;713;19;1;1.3;normal
1.779.151.191.947;993981;ESP32-IDS-01;29.8;64.9;363;26;22;3.85;dos
1.779.150.563.678;365653;ESP32-IDS-01;29.2;67.2;970;33;14;2.56;dos
1.779.149.109.448;913969;ESP32-IDS-01;28.9;68.3;540;20;1;2.7;normal
1779159420.12;231310;ESP32-IDS-01;30.6;61.1;1218;30;11;1.32;dos
1.779.156.739.868;415322;ESP32-IDS-01;30.1;61.7;851;9999;0;0.1;dos
1.779.149.581.271;1385779;ESP32-IDS-01;29.1;67.8;374;29;15;3.0;normal
1.779.149.575.315;1379851;ESP32-IDS-01;29.1;67.8;439;20;1;2.8;normal
1.779.156.390.946;83019;ESP32-IDS-01;30.1;61.8;10000;168;141;2.5;dos
1.779.149.287.643;1092171;ESP32-IDS-01;28.9;68.4;982;19;1;1.9;normal
1.779.151.979.672;1781587;ESP32-IDS-01;29.8;64.2;1330;57;42;2.0;dos
1779149551.59;1355944;ESP32-IDS-01;29.0;67.9;875;80;92;0.5;normal
1.779.146.029.941;210964;ESP32-IDS-01;28.6;64.2;317;434;621;1.9;normal
1.779.146.104.706;47375;ESP32-IDS-01;28.5;62.4;634;77;86;1.3;normal
1.779.151.850.772;1650910;ESP32-IDS-01;29.8;64.4;10000;650;902;1.2;dos
1.779.148.255.897;60387;ESP32-IDS-01;28.0;70.0;300;20;4;2.4;normal
1.779.166.289.314;145701;ESP32-IDS-01;30.5;54.7;1309;37;28;1.06;dos
1.779.154.985.341;234810;ESP32-IDS-01;30.0;62.5;672;1862;963;5.18;dos
1.779.146.442.588;70334;ESP32-IDS-01;28.7;63.7;672;19;1;2.2;normal
1.779.145.512.031;778929;ESP32-IDS-01;28.3;70.9;754;21;3;3.4;normal
1779145655.48;922419;ESP32-IDS-01;28.4;66.7;1179;18;1;1.2;normal
1.779.148.775.063;579566;ESP32-IDS-01;28.9;68.5;680;20;0;2.0;normal
1.779.151.360.299;1162173;ESP32-IDS-01;29.9;64.4;665;84;195;3.1;dos
1.779.146.746.176;121596;ESP32-IDS-01;28.6;64.8;851;20;1;0.1;normal
1.779.158.721.703;184441;ESP32-IDS-01;30.1;61.7;933;9999;0;1.37;dos
1.779.148.800.452;604962;ESP32-IDS-01;28.9;68.5;629;20;0;0.4;normal
1.779.149.386.134;1190662;ESP32-IDS-01;29.0;68.1;598;20;1;2.3;normal
1.779.154.474.788;151539;ESP32-IDS-01;30.1;62.3;697;27;9;4.23;dos
1.779.151.058.618;860643;ESP32-IDS-01;29.7;65.4;443;28;10;4.66;dos
1.779.166.062.257;166132;ESP32-IDS-01;31.5;56.4;1178;32;19;3.95;dos
1779148595.28;399719;ESP32-IDS-01;28.8;69.2;783;19;3;2.2;normal
1.779.154.528.382;196389;ESP32-IDS-01;30.1;62.3;957;9999;0;3.39;dos
1.779.145.602.505;869405;ESP32-IDS-01;28.4;68.0;936;21;1;1.2;normal
1.779.152.084.116;1886175;ESP32-IDS-01;29.8;64.4;589;25;25;2.9;dos
1.779.148.682.805;487306;ESP32-IDS-01;28.9;68.8;797;21;2;0.6;normal
1.779.153.611.981;586794;ESP32-IDS-01;30.0;62.7;477;35;16;4.6;dos
1779152476.69;2257614;ESP32-IDS-01;29.9;63.9;10000;9999;0;1.76;dos
1779148658.32;462818;ESP32-IDS-01;28.9;69.0;792;20;3;2.6;normal
1.779.150.740.961;542975;ESP32-IDS-01;29.4;66.6;774;22;8;1.79;dos
1.779.150.120.559;1925112;ESP32-IDS-01;28.9;67.9;494;20;1;0.9;dos
1.779.151.370.485;1172547;ESP32-IDS-01;29.9;64.4;780;20;0;0.4;dos
1.779.145.631.659;898586;ESP32-IDS-01;28.4;65.3;958;21;2;1.6;normal
1.779.148.357.026;161530;ESP32-IDS-01;28.5;70.1;627;17;0;1.9;normal
1.779.148.665.081;469584;ESP32-IDS-01;28.9;69.0;944;20;4;2.9;normal
1.779.152.980.296;457056;ESP32-IDS-01;29.9;61.5;970;31;16;2.56;dos
1.779.152.520.895;2322571;ESP32-IDS-01;29.9;63.6;10000;136;260;1.08;dos
1.779.145.325.393;592316;ESP32-IDS-01;28.3;68.9;712;19;3;1.6;normal
1.779.150.782.208;583090;ESP32-IDS-01;29.5;66.3;7417;392;496;1.93;dos
1.779.151.899.727;1701785;ESP32-IDS-01;29.8;64.4;472;28;23;8.76;dos
1.779.152.778.706;239945;ESP32-IDS-01;29.9;63.4;762;9999;0;2.2;dos
1.779.160.137.026;53198;ESP32-IDS-01;30.7;61.1;322;27;15;2.4;dos
1.779.145.942.888;125147;ESP32-IDS-01;28.6;63.2;449;20;0;3.3;normal
1.779.167.525.994;564858;ESP32-IDS-01;28.6;51.7;643;20;5;2.06;dos
1.779.149.121.804;926323;ESP32-IDS-01;28.9;68.3;300;20;1;2.8;normal
1.779.149.601.135;1405649;ESP32-IDS-01;29.1;67.7;436;19;1;2.2;normal
1.779.145.195.057;461970;ESP32-IDS-01;28.3;71.6;404;20;2;2.1;normal
1.779.151.385.217;1187283;ESP32-IDS-01;29.9;64.3;729;20;0;1.6;dos
1779146638.92;14344;ESP32-IDS-01;28.7;65.0;965;19;1;2.3;normal
1.779.149.404.972;1209507;ESP32-IDS-01;29.0;68.1;426;18;2;1.4;normal
1.779.145.764.883;52387;ESP32-IDS-01;28.5;66.6;933;19;2;0.3;normal
1.779.150.294.795;96785;ESP32-IDS-01;28.8;67.9;799;27;8;3.2;dos
1779150474.39;276345;ESP32-IDS-01;29.0;67.8;370;38;26;0.2;dos
1779166409.16;58965;ESP32-IDS-01;30.0;55.6;10000;9999;0;2.5;dos
1.779.146.195.419;138231;ESP32-IDS-01;28.6;62.9;400;18;2;1.2;normal
1.779.148.848.903;653413;ESP32-IDS-01;28.9;68.6;442;20;1;2.4;normal
1.779.167.288.548;319322;ESP32-IDS-01;28.7;53.0;10000;1540;3031;0.6;dos
1.779.151.566.014;1368061;ESP32-IDS-01;29.9;64.1;892;19;3;0.3;dos
1.779.167.262.041;300937;ESP32-IDS-01;28.7;53.0;976;19;8;3.5;dos
1.779.149.407.508;1212032;ESP32-IDS-01;29.0;68.1;796;21;3;2.8;normal
1.779.146.490.298;118065;ESP32-IDS-01;28.6;64.4;315;21;1;0.2;normal
1.779.149.453.919;1258426;ESP32-IDS-01;28.9;68.2;693;20;2;3.5;normal
1.779.159.547.808;359019;ESP32-IDS-01;30.6;61.1;3031;25;9;2.9;dos
1.779.145.563.519;830447;ESP32-IDS-01;28.4;68.0;535;20;0;1.9;normal
1.779.150.077.955;1882482;ESP32-IDS-01;28.9;67.8;613;20;0;2.1;dos
1.779.155.052.703;320818;ESP32-IDS-01;30.0;62.4;830;25;11;4.21;dos
1779148760.62;565106;ESP32-IDS-01;28.9;68.5;922;18;1;1.3;normal
1.779.150.472.405;274358;ESP32-IDS-01;29.0;67.8;811;45;32;5.57;dos
1.779.145.609.806;876738;ESP32-IDS-01;28.4;67.5;480;19;2;0.6;normal
1.779.164.893.379;565102;ESP32-IDS-01;30.5;61.3;584;43;17;2.31;dos
1.779.158.693.126;174573;ESP32-IDS-01;30.1;60.2;1192;27;17;3.74;dos
1.779.149.477.281;1281788;ESP32-IDS-01;28.9;68.2;391;29;14;0.9;normal
1.779.167.210.208;247832;ESP32-IDS-01;28.8;53.1;724;428;519;6.54;dos
1.779.146.515.733;12126;ESP32-IDS-01;28.6;63.2;898;84;101;1.5;normal
1.779.148.490.723;295223;ESP32-IDS-01;28.7;69.5;801;20;0;1.2;normal
1.779.150.108.066;1912618;ESP32-IDS-01;28.9;67.9;398;20;4;2.5;dos
1.779.149.177.823;982344;ESP32-IDS-01;28.8;68.5;801;20;2;3.0;normal
1.779.149.583.588;1388125;ESP32-IDS-01;29.1;67.8;699;20;0;2.5;normal
1.779.145.319.212;586134;ESP32-IDS-01;28.3;68.4;707;19;2;1.3;normal
1779154364.23;34078;ESP32-IDS-01;30.0;62.4;10000;9999;0;2.9;dos
1.779.145.359.457;626383;ESP32-IDS-01;28.3;68.9;669;18;2;3.5;normal
1.779.149.352.086;1156588;ESP32-IDS-01;29.0;68.2;345;19;0;0.8;normal
1.779.145.514.511;781405;ESP32-IDS-01;28.3;70.9;938;30;30;1.0;normal
1779145169.75;436637;ESP32-IDS-01;28.3;69.1;452;20;1;2.3;normal
1.779.148.261.339;65818;ESP32-IDS-01;28.1;70.1;604;23;5;2.0;normal
1.779.150.293.177;95146;ESP32-IDS-01;28.8;67.9;1262;25;8;3.0;dos
1.779.157.482.959;49592;ESP32-IDS-01;30.2;61.5;820;20;4;2.92;dos
1779148595.28;399719;ESP32-IDS-01;28.8;69.2;783;19;3;2.2;normal
1.779.145.201.432;468349;ESP32-IDS-01;28.3;68.7;529;20;1;0.5;normal
1.779.159.236.497;47681;ESP32-IDS-01;30.6;60.7;479;23;9;1.5;dos
1.779.149.404.548;1209081;ESP32-IDS-01;29.0;68.1;435;19;2;2.9;normal
1.779.166.632.131;169478;ESP32-IDS-01;29.3;54.7;10000;9999;0;2.96;dos
1.779.148.521.622;326094;ESP32-IDS-01;28.7;69.5;988;20;1;2.2;normal
1779151352.93;1154973;ESP32-IDS-01;29.9;64.4;859;19;2;3.1;dos
1.779.149.182.219;986744;ESP32-IDS-01;28.8;68.5;377;19;1;3.5;normal
1.779.149.108.164;912655;ESP32-IDS-01;28.9;68.3;551;20;4;3.4;normal
1779150152.75;1957306;ESP32-IDS-01;28.9;68.0;365;19;1;1.0;dos
1779150324.88;121764;ESP32-IDS-01;28.8;67.9;10000;67;7;3.55;dos
1.779.152.761.121;237831;ESP32-IDS-01;29.9;63.4;833;32;45;3.7;dos
1.779.152.798.081;274846;ESP32-IDS-01;29.9;63.3;587;25;9;7.81;dos
1.779.155.239.043;504908;ESP32-IDS-01;30.0;62.3;998;21;7;3.0;dos
1.779.151.289.691;1091752;ESP32-IDS-01;29.9;64.5;815;20;1;0.9;dos
1.779.151.367.633;1169700;ESP32-IDS-01;29.9;64.4;692;19;1;0.1;dos
1.779.158.747.168;9502;ESP32-IDS-01;30.2;61.5;924;71;47;3.3;dos
1.779.145.793.759;9708;ESP32-IDS-01;28.5;64.7;732;21;2;0.9;normal
1.779.164.713.589;385329;ESP32-IDS-01;30.2;62.9;725;29;4;2.6;dos
1.779.167.056.871;95727;ESP32-IDS-01;28.8;53.1;876;24;23;3.14;dos
1.779.152.755.912;232600;ESP32-IDS-01;30.0;63.3;1181;51;47;3.45;dos
1.779.146.100.792;43601;ESP32-IDS-01;28.5;63.9;549;28;12;3.4;normal
1779153512.97;481226;ESP32-IDS-01;30.0;62.6;10000;798;887;3.35;dos
1.779.148.427.318;231583;ESP32-IDS-01;28.7;69.7;495;97;116;0.4;normal
1.779.166.901.967;422636;ESP32-IDS-01;29.2;53.9;710;9999;0;3.0;dos
1.779.154.148.259;282993;ESP32-IDS-01;30.0;62.5;842;82;32;2.09;dos
1779146601.85;98438;ESP32-IDS-01;28.7;63.6;479;20;0;1.4;normal
1.779.153.546.945;502987;ESP32-IDS-01;30.0;62.7;592;9999;0;3.1;dos
1.779.146.641.194;16531;ESP32-IDS-01;28.7;63.4;801;40;43;2.9;normal
1.779.145.755.715;43220;ESP32-IDS-01;28.5;64.9;701;20;0;0.8;normal
1779157573.8;46825;ESP32-IDS-01;30.2;61.4;593;32;5;4.07;dos
1.779.151.541.029;1343098;ESP32-IDS-01;29.9;64.1;826;20;0;3.4;dos
1.779.146.759.067;134466;ESP32-IDS-01;28.6;63.5;895;20;0;1.7;normal
1.779.151.251.149;1053201;ESP32-IDS-01;29.9;64.8;470;23;5;1.0;dos
1.779.149.619.872;1424170;ESP32-IDS-01;29.0;67.7;426;91;111;3.1;normal
1.779.149.230.572;1035071;ESP32-IDS-01;28.9;68.5;568;20;0;2.1;normal
1.779.165.338.542;1010354;ESP32-IDS-01;31.0;59.3;5474;20;4;3.38;dos
1779164922.36;576903;ESP32-IDS-01;30.5;61.2;8093;9999;0;2.5;dos
1.779.151.754.937;1537068;ESP32-IDS-01;29.8;64.5;9241;9999;0;2.81;dos
1779145246.19;513104;ESP32-IDS-01;28.2;68.6;611;21;1;0.3;normal
1.779.145.403.395;670320;ESP32-IDS-01;28.3;68.8;330;19;1;0.6;normal
1.779.146.692.664;68085;ESP32-IDS-01;28.6;61.1;786;20;0;0.2;normal
1.779.145.707.842;974731;ESP32-IDS-01;28.5;64.2;798;34;20;3.4;normal
1.779.146.340.211;22041;ESP32-IDS-01;28.6;62.3;358;20;1;1.7;normal
1.779.151.453.908;1255949;ESP32-IDS-01;30.0;64.1;423;21;1;0.8;dos
1.779.148.374.592;179087;ESP32-IDS-01;28.5;70.0;485;20;5;1.8;normal
1.779.146.477.821;105590;ESP32-IDS-01;28.6;62.3;370;20;0;0.2;normal
1779149207.09;1011608;ESP32-IDS-01;28.8;68.5;982;21;6;1.3;normal
1.779.150.881.456;683434;ESP32-IDS-01;29.5;66.1;469;39;40;4.53;dos
1779146648.87;24295;ESP32-IDS-01;28.7;63.7;728;19;1;1.3;normal
1.779.152.557.245;25739;ESP32-IDS-01;30.0;63.5;10000;1607;403;1.59;dos
1.779.164.667.033;338769;ESP32-IDS-01;29.9;63.8;1368;29;7;2.53;dos
1.779.148.324.491;128988;ESP32-IDS-01;28.4;70.3;349;19;3;1.6;normal
1.779.155.728.564;6684;ESP32-IDS-01;30.0;60.7;466;27;14;2.25;dos
1.779.146.188.116;130962;ESP32-IDS-01;28.6;61.4;970;19;0;0.5;normal
1779165056.33;714955;ESP32-IDS-01;30.7;60.4;10000;9999;0;3.0;dos
1.779.148.626.336;430841;ESP32-IDS-01;28.8;69.1;780;20;0;0.4;normal
1.779.149.611.999;1416527;ESP32-IDS-01;29.1;67.7;959;21;4;3.4;normal
1.779.146.415.797;43565;ESP32-IDS-01;28.7;63.6;549;20;0;3.4;normal
1.779.151.622.153;1422990;ESP32-IDS-01;29.9;64.2;5983;409;1019;2.97;dos
1.779.151.368.385;1170454;ESP32-IDS-01;29.9;64.4;754;19;3;2.3;dos
1779148242.1;46414;ESP32-IDS-01;28.0;69.6;993;71;76;3.3;normal
1.779.149.207.648;1012173;ESP32-IDS-01;28.8;68.5;565;20;1;3.5;normal
1.779.151.565.098;1367169;ESP32-IDS-01;29.9;64.1;755;20;0;1.0;dos
1.779.158.102.167;253180;ESP32-IDS-01;30.3;60.8;889;53;19;2.3;dos
1.779.145.691.972;958874;ESP32-IDS-01;28.4;64.7;974;21;2;1.2;normal
1.779.146.616.823;113409;ESP32-IDS-01;28.7;63.7;708;21;2;2.8;normal
1.779.146.153.658;96491;ESP32-IDS-01;28.6;65.5;723;23;6;3.1;normal
1.779.145.124.214;391077;ESP32-IDS-01;28.2;69.1;962;34;22;1.7;normal
1.779.153.884.133;21177;ESP32-IDS-01;30.0;62.5;898;22;7;2.61;dos
1.779.151.149.683;951675;ESP32-IDS-01;29.8;65.0;484;39;27;5.07;dos
1779152341.98;2140896;ESP32-IDS-01;29.9;64.0;8813;406;509;1.9;dos
1.779.148.813.227;617296;ESP32-IDS-01;28.9;68.5;862;109;138;1.1;normal
1.779.154.766.823;21898;ESP32-IDS-01;30.0;62.4;10000;1304;138;1.59;dos
1.779.164.489.111;160891;ESP32-IDS-01;29.7;64.7;965;19;1;0.2;dos
1779146052.36;234627;ESP32-IDS-01;28.5;65.1;1000;19;3;2.6;normal
1.779.156.757.989;447603;ESP32-IDS-01;30.1;61.7;3240;1013;1423;1.41;dos
1.779.152.800.718;276470;ESP32-IDS-01;29.9;63.4;991;366;520;2.42;dos
1.779.153.075.128;48905;ESP32-IDS-01;29.9;63.1;330;355;504;0.2;dos
1.779.145.340.204;607100;ESP32-IDS-01;28.3;66.6;355;20;5;2.7;normal
1.779.158.791.346;52825;ESP32-IDS-01;30.3;61.3;956;366;519;3.09;dos
1.779.158.960.392;40913;ESP32-IDS-01;30.5;60.5;4715;444;476;3.61;dos
1.779.152.074.182;1875796;ESP32-IDS-01;29.8;64.4;442;163;350;3.3;dos
1.779.164.489.927;161708;ESP32-IDS-01;29.7;64.7;349;19;2;1.6;dos
1.779.146.472.753;100528;ESP32-IDS-01;28.6;63.6;948;18;2;2.2;normal
1779146600.96;97549;ESP32-IDS-01;28.7;63.6;919;20;0;0.5;normal
1.779.145.546.708;813458;ESP32-IDS-01;28.4;68.0;688;79;93;0.7;normal
1.779.145.918.816;101081;ESP32-IDS-01;28.6;66.4;948;19;3;2.2;normal
1.779.157.262.261;88593;ESP32-IDS-01;30.1;62.1;752;53;18;2.8;dos
1779150136.35;1940895;ESP32-IDS-01;28.9;67.9;952;19;1;2.9;dos
1.779.156.315.289;7845;ESP32-IDS-01;30.0;60.5;626;25;14;3.3;dos
1.779.145.384.142;651063;ESP32-IDS-01;28.3;68.9;947;20;1;0.8;normal
1.779.152.304.179;2101318;ESP32-IDS-01;29.9;64.1;1093;1669;2427;1.91;dos
1.779.150.291.136;92062;ESP32-IDS-01;28.9;67.9;2955;385;1052;0.8;dos
1.779.150.102.938;1907497;ESP32-IDS-01;28.9;67.9;431;18;1;2.3;dos
1.779.150.567.981;369980;ESP32-IDS-01;29.2;67.2;717;32;12;4.79;dos
1.779.148.457.337;261577;ESP32-IDS-01;28.7;69.6;770;106;126;0.5;normal
1.779.158.967.526;49944;ESP32-IDS-01;30.5;60.5;2864;24;16;2.15;dos
1.779.157.887.873;41175;ESP32-IDS-01;30.3;60.8;479;21;5;3.59;dos
1.779.149.358.266;1162616;ESP32-IDS-01;29.0;68.2;518;22;3;1.7;normal
1.779.157.155.022;299582;ESP32-IDS-01;30.0;62.4;6506;541;507;2.65;dos
1779145664.48;931415;ESP32-IDS-01;28.4;66.7;374;19;2;3.0;normal
1.779.149.491.497;1296005;ESP32-IDS-01;29.0;68.1;685;20;1;2.6;normal
1779151252.43;1054487;ESP32-IDS-01;29.9;64.8;941;21;1;2.4;dos
1.779.159.644.726;39990;ESP32-IDS-01;30.7;60.9;686;24;21;4.72;dos
1.779.151.501.686;1303756;ESP32-IDS-01;30.0;64.0;849;20;0;3.3;dos
1.779.148.626.966;431469;ESP32-IDS-01;28.8;69.1;628;20;0;1.2;normal
1.779.166.055.019;158856;ESP32-IDS-01;31.5;56.1;2028;754;522;1.3;dos
1.779.151.253.267;1055322;ESP32-IDS-01;29.9;64.8;835;21;2;3.0;dos
1.779.157.620.854;93848;ESP32-IDS-01;30.3;61.2;752;35;18;2.8;dos
1779155187.27;455372;ESP32-IDS-01;30.0;62.3;468;27;10;4.74;dos
1.779.164.804.164;475959;ESP32-IDS-01;30.3;62.1;643;17;2;3.61;dos
1.779.146.584.879;81464;ESP32-IDS-01;28.6;63.9;316;19;0;3.5;normal
1.779.164.620.197;291903;ESP32-IDS-01;29.9;64.0;939;41;6;6.56;dos
1.779.146.083.415;26250;ESP32-IDS-01;28.5;64.1;931;21;1;0.9;normal
1779155411.27;102063;ESP32-IDS-01;30.0;62.3;481;23;5;2.3;dos
1.779.151.309.983;1112045;ESP32-IDS-01;29.9;64.5;309;20;0;2.2;dos
1779154110.01;247069;ESP32-IDS-01;29.9;62.6;993;19;3;3.51;dos
1779150341.52;143541;ESP32-IDS-01;28.8;68.0;786;21;3;3.77;dos
1.779.145.131.945;398855;ESP32-IDS-01;28.2;69.5;630;21;1;0.1;normal
1.779.151.272.757;1074781;ESP32-IDS-01;29.9;64.6;751;24;4;2.6;dos
1.779.165.969.239;75302;ESP32-IDS-01;31.4;57.6;602;21;5;0.2;dos
1.779.150.733.437;534270;ESP32-IDS-01;29.4;66.6;10000;401;515;1.59;dos
1.779.152.257.666;2057601;ESP32-IDS-01;29.9;64.3;6061;735;1014;2.56;dos
1.779.149.753.705;1558240;ESP32-IDS-01;29.0;67.8;952;21;2;3.2;normal
1.779.154.497.736;159120;ESP32-IDS-01;30.1;62.3;7581;9999;0;1.3;dos
1.779.167.164.246;203072;ESP32-IDS-01;28.8;53.3;626;36;11;3.3;dos
1.779.145.550.415;817309;ESP32-IDS-01;28.4;68.8;780;31;16;1.2;normal
1.779.146.494.209;121977;ESP32-IDS-01;28.6;63.0;898;20;0;0.2;normal
1.779.149.335.818;1140345;ESP32-IDS-01;29.0;68.2;648;20;1;2.3;normal
1.779.148.913.485;718004;ESP32-IDS-01;28.9;68.5;917;18;0;0.7;normal
1.779.146.117.023;59842;ESP32-IDS-01;28.5;62.8;768;19;1;2.0;normal
1.779.167.105.101;143992;ESP32-IDS-01;28.8;53.3;933;19;2;0.3;dos
1779148393.52;198019;ESP32-IDS-01;28.6;69.9;690;19;1;0.7;normal
1.779.149.425.219;1229748;ESP32-IDS-01;29.0;68.0;750;20;1;2.1;normal
1.779.151.443.565;1245628;ESP32-IDS-01;30.0;64.1;973;22;1;1.6;dos
1.779.156.073.158;62789;ESP32-IDS-01;30.1;62.0;10000;3335;1488;2.58;dos
1.779.145.725.315;12793;ESP32-IDS-01;28.5;63.6;686;20;0;1.8;normal
1.779.150.599.509;384396;ESP32-IDS-01;29.2;67.2;10000;9999;0;1.27;dos
1.779.154.331.695;10802;ESP32-IDS-01;30.0;62.4;732;24;8;2.27;dos
1779149608.95;1413488;ESP32-IDS-01;29.0;67.7;618;20;0;1.6;normal
1.779.155.817.414;95501;ESP32-IDS-01;30.1;62.2;486;26;11;4.46;dos
1.779.150.925.126;726746;ESP32-IDS-01;29.5;66.2;1200;160;189;2.23;dos
1.779.145.673.451;940374;ESP32-IDS-01;28.4;66.5;732;23;6;1.8;normal
1.779.146.743.972;119395;ESP32-IDS-01;28.6;62.8;320;20;0;2.8;normal
1.779.150.685.192;481007;ESP32-IDS-01;29.3;66.8;10000;2054;2385;0.95;dos
1.779.165.207.808;879609;ESP32-IDS-01;30.9;59.7;945;19;4;5.52;dos
1.779.157.388.565;88005;ESP32-IDS-01;30.1;61.7;486;24;9;14.75;dos
1.779.164.528.742;200370;ESP32-IDS-01;29.7;64.7;4802;61;49;3.31;dos
1.779.149.351.153;1155681;ESP32-IDS-01;29.0;68.2;530;20;0;2.3;normal
1.779.145.463.441;730216;ESP32-IDS-01;28.3;67.7;941;69;147;3.3;normal
1.779.145.735.582;23085;ESP32-IDS-01;28.5;64.7;376;20;0;2.5;normal
1.779.150.062.229;1866737;ESP32-IDS-01;29.0;67.7;789;33;37;3.2;dos
1.779.148.586.678;391180;ESP32-IDS-01;28.7;69.4;741;20;0;2.7;normal
1.779.155.545.133;235861;ESP32-IDS-01;30.0;62.3;903;44;68;4.61;dos
1.779.145.529.312;796236;ESP32-IDS-01;28.4;68.1;748;20;1;1.9;normal
1.779.155.685.497;12161;ESP32-IDS-01;30.0;62.1;898;28;26;1.5;dos
1.779.146.609.743;106331;ESP32-IDS-01;28.7;64.1;426;20;4;1.7;normal
1.779.145.690.579;957509;ESP32-IDS-01;28.5;64.2;407;21;2;1.8;normal
1.779.158.692.911;173381;ESP32-IDS-01;30.1;61.9;2372;361;514;2.52;dos
1.779.145.265.587;532502;ESP32-IDS-01;28.2;67.1;627;19;2;2.8;normal
1.779.152.216.809;2018910;ESP32-IDS-01;29.8;64.3;329;16;0;3.54;dos
1.779.154.021.848;158924;ESP32-IDS-01;30.0;62.5;873;17;1;2.45;dos
1.779.164.671.346;343126;ESP32-IDS-01;30.0;63.3;590;20;9;5.29;dos
1.779.166.373.844;40584;ESP32-IDS-01;30.0;53.3;474;30;18;1.6;dos
1.779.165.968.271;74342;ESP32-IDS-01;31.4;57.6;5386;20;2;1.5;dos
1.779.149.477.755;1282286;ESP32-IDS-01;28.9;68.2;498;21;3;1.2;normal
1.779.149.758.805;1563341;ESP32-IDS-01;29.0;67.8;875;22;11;0.1;normal
1.779.146.309.537;252389;ESP32-IDS-01;28.6;63.8;555;18;4;1.4;normal
1.779.157.935.363;88603;ESP32-IDS-01;30.3;60.8;571;39;24;2.25;dos
1.779.146.454.323;82100;ESP32-IDS-01;28.7;65.0;1174;17;2;0.3;normal
1.779.148.705.703;510207;ESP32-IDS-01;28.9;68.7;366;20;0;1.3;normal
1779145858.33;40595;ESP32-IDS-01;28.5;65.5;785;18;1;3.2;normal
1.779.165.779.796;26559;ESP32-IDS-01;31.5;57.0;10000;9999;0;3.35;dos
1.779.167.215.933;254674;ESP32-IDS-01;28.7;53.0;410;54;7;3.34;dos
1.779.149.037.918;842431;ESP32-IDS-01;29.0;68.2;437;19;1;0.5;normal
1.779.145.971.886;154150;ESP32-IDS-01;28.6;62.6;371;20;0;2.9;normal
1.779.145.684.949;951696;ESP32-IDS-01;28.5;65.0;487;82;93;2.9;normal
1779151330.52;1132584;ESP32-IDS-01;29.9;64.4;741;20;0;2.7;dos
1.779.157.977.581;130864;ESP32-IDS-01;30.2;60.9;453;24;16;3.51;dos
1.779.146.195.807;138651;ESP32-IDS-01;28.6;62.9;420;20;1;3.1;normal
1.779.146.594.717;91281;ESP32-IDS-01;28.7;64.9;571;20;0;1.5;normal
1.779.146.078.332;21172;ESP32-IDS-01;28.5;64.1;972;19;2;1.5;normal
1.779.151.573.737;1375808;ESP32-IDS-01;29.9;64.1;723;20;0;1.1;dos
1.779.157.117.084;259979;ESP32-IDS-01;29.9;62.6;1912;96;88;2.4;dos
1.779.146.215.408;158225;ESP32-IDS-01;28.6;64.3;679;20;1;0.9;normal
1.779.148.476.192;280684;ESP32-IDS-01;28.7;69.5;738;22;6;0.1;normal
1.779.148.234.386;38848;ESP32-IDS-01;28.0;69.1;590;29;14;3.1;normal
1.779.159.645.861;39990;ESP32-IDS-01;30.7;60.9;686;24;21;4.72;dos
1.779.154.688.666;366275;ESP32-IDS-01;30.0;62.3;6291;192;407;1.56;dos
1.779.148.719.972;524482;ESP32-IDS-01;29.0;68.5;941;19;1;0.3;normal
1.779.146.278.268;221116;ESP32-IDS-01;28.6;65.1;945;19;0;2.5;normal
1.779.151.558.249;1360321;ESP32-IDS-01;29.9;64.1;876;20;0;3.2;dos
1.779.166.193.071;49386;ESP32-IDS-01;31.2;56.2;1211;25;5;3.73;dos
1.779.150.247.925;49929;ESP32-IDS-01;28.9;67.9;993;19;2;3.3;dos
1.779.146.054.042;236308;ESP32-IDS-01;28.5;65.5;485;20;0;2.6;normal
1.779.145.146.092;413004;ESP32-IDS-01;28.2;69.4;637;20;0;0.3;normal
1.779.149.532.709;1337245;ESP32-IDS-01;29.0;68.0;713;19;1;2.4;normal
1779145179.42;446316;ESP32-IDS-01;28.3;69.2;453;18;2;0.3;normal
1.779.165.164.861;836576;ESP32-IDS-01;30.9;59.6;890;47;43;1.4;dos
1.779.151.318.227;1120288;ESP32-IDS-01;29.9;64.4;715;21;2;3.5;dos
1.779.156.942.679;88830;ESP32-IDS-01;29.9;62.4;563;24;10;1.3;dos
1.779.149.765.015;1569561;ESP32-IDS-01;29.0;67.8;496;19;1;0.1;normal
1.779.149.351.916;1156243;ESP32-IDS-01;29.0;68.2;562;87;98;1.8;normal
1.779.148.642.006;446487;ESP32-IDS-01;28.8;69.0;910;20;1;2.3;normal
1.779.166.733.311;278561;ESP32-IDS-01;29.2;53.0;633;17;0;10.28;dos
1.779.149.608.333;1412870;ESP32-IDS-01;29.0;67.7;727;20;0;0.3;normal
1.779.149.492.695;1297228;ESP32-IDS-01;29.0;68.1;664;20;5;2.7;normal
1.779.154.960.043;228156;ESP32-IDS-01;30.0;62.5;796;22;6;5.53;dos
1.779.149.773.762;1578307;ESP32-IDS-01;29.0;67.8;744;19;1;2.9;normal
1.779.146.711.042;86463;ESP32-IDS-01;28.6;63.6;579;21;1;1.9;normal
1.779.152.347.968;2146738;ESP32-IDS-01;29.9;64.0;2360;407;514;3.22;dos
1.779.159.330.523;140680;ESP32-IDS-01;30.4;61.2;934;363;1039;3.57;dos
1.779.159.952.061;84874;ESP32-IDS-01;30.5;61.4;3356;75;47;1.8;dos
1.779.149.540.412;1344945;ESP32-IDS-01;29.0;68.0;905;21;1;0.9;normal
1779145499.41;765968;ESP32-IDS-01;28.3;68.7;825;134;169;2.3;normal
1.779.151.000.176;788312;ESP32-IDS-01;29.6;65.9;10000;9999;0;2.68;dos
1.779.157.710.407;11582;ESP32-IDS-01;30.3;61.1;898;27;15;1.5;dos
1.779.159.597.453;407642;ESP32-IDS-01;30.7;61.0;1397;366;509;4.22;dos
1779149248.26;1052634;ESP32-IDS-01;28.9;68.5;944;70;148;1.4;normal
1.779.149.462.843;1267376;ESP32-IDS-01;28.9;68.2;839;20;1;1.4;normal
1.779.157.884.839;38138;ESP32-IDS-01;30.3;60.8;1220;21;4;2.42;dos
1.779.157.563.832;33924;ESP32-IDS-01;30.2;60.1;777;999;1413;5.46;dos
1.779.158.642.312;94406;ESP32-IDS-01;30.0;61.8;958;9999;0;3.33;dos
1.779.167.086.341;125235;ESP32-IDS-01;28.8;53.2;737;18;1;0.8;dos
1.779.148.670.222;474717;ESP32-IDS-01;28.9;68.9;878;21;2;1.1;normal
1.779.157.694.201;166999;ESP32-IDS-01;30.3;61.2;9395;91;66;1.41;dos
1779156356.93;49451;ESP32-IDS-01;30.0;61.8;801;31;23;4.15;dos
1.779.148.781.824;586312;ESP32-IDS-01;28.9;68.5;625;19;0;3.2;normal
1.779.149.212.208;1016703;ESP32-IDS-01;28.8;68.5;584;19;2;1.5;normal
1.779.145.630.164;897096;ESP32-IDS-01;28.4;65.4;563;20;1;0.9;normal
1.779.145.089.725;356638;ESP32-IDS-01;28.2;69.8;836;20;1;3.0;normal
1.779.153.344.153;318910;ESP32-IDS-01;30.1;62.7;613;43;13;0.3;dos
1.779.149.665.003;1469546;ESP32-IDS-01;29.0;67.8;780;19;1;1.2;normal
1.779.165.472.966;1142471;ESP32-IDS-01;31.1;59.1;572;70;24;4.55;dos
1.779.146.635.913;11321;ESP32-IDS-01;28.7;61.6;965;24;6;3.4;normal
1.779.149.331.309;1135789;ESP32-IDS-01;28.9;68.3;331;28;24;3.5;normal
1.779.151.560.389;1362461;ESP32-IDS-01;29.9;64.1;362;20;0;0.3;dos
1.779.151.381.475;1183541;ESP32-IDS-01;29.9;64.3;529;20;1;0.5;dos
1.779.157.889.369;42643;ESP32-IDS-01;30.3;59.4;667;32;13;2.0;dos
1.779.156.390.277;65976;ESP32-IDS-01;30.1;61.8;10000;9999;0;0.5;dos
1779146709.5;84893;ESP32-IDS-01;28.6;63.6;633;22;1;0.8;normal
1.779.148.704.558;509048;ESP32-IDS-01;28.9;68.7;1225;17;2;0.1;normal
1.779.165.744.128;1415959;ESP32-IDS-01;31.4;58.1;943;20;4;3.66;dos
1779158344.49;11363;ESP32-IDS-01;30.4;61.0;924;38;32;4.38;dos
1779150092.63;1897181;ESP32-IDS-01;28.9;67.8;866;21;2;1.2;dos
1.779.146.265.543;208364;ESP32-IDS-01;28.6;63.2;963;20;1;3.5;normal
1.779.148.754.223;558730;ESP32-IDS-01;29.0;68.4;926;20;0;3.2;normal
1.779.149.681.135;1485677;ESP32-IDS-01;29.0;67.8;885;19;2;3.0;normal
1.779.157.799.297;6670;ESP32-IDS-01;30.3;59.6;466;33;23;4.39;dos
1.779.148.272.301;76791;ESP32-IDS-01;28.1;70.2;494;21;2;2.0;normal
1.779.156.721.996;414471;ESP32-IDS-01;30.1;61.7;921;49;64;2.29;dos
1.779.148.845.245;649755;ESP32-IDS-01;28.9;68.6;978;20;0;2.1;normal
1.779.148.352.922;157420;ESP32-IDS-01;28.5;70.1;380;19;1;2.4;normal
1.779.145.744.553;32059;ESP32-IDS-01;28.5;65.0;998;19;3;0.2;normal
1.779.152.709.508;186280;ESP32-IDS-01;29.9;63.4;3136;17;0;3.22;dos
1.779.145.170.442;437344;ESP32-IDS-01;28.3;69.1;707;23;9;1.3;normal
1.779.149.754.138;1558684;ESP32-IDS-01;29.0;67.8;444;19;1;2.4;normal
1779159641.52;38830;ESP32-IDS-01;30.7;60.9;898;20;6;3.73;dos
1.779.156.355.622;48171;ESP32-IDS-01;30.0;61.8;1189;24;3;1.54;dos
1.779.146.193.429;136271;ESP32-IDS-01;28.6;63.4;982;18;2;2.9;normal
1.779.156.399.543;92052;ESP32-IDS-01;30.1;61.8;752;36;27;4.13;dos
1.779.150.657.752;459755;ESP32-IDS-01;29.3;66.9;351;27;5;5.45;dos
1.779.152.983.129;459859;ESP32-IDS-01;29.9;63.1;895;27;8;3.93;dos
1.779.156.136.778;139020;ESP32-IDS-01;30.0;62.0;895;19;4;1.42;dos
1.779.145.668.484;935392;ESP32-IDS-01;28.4;65.4;563;20;2;2.8;normal
1.779.146.449.208;76979;ESP32-IDS-01;28.7;64.9;833;19;1;2.5;normal
1.779.149.490.787;1295320;ESP32-IDS-01;28.9;68.1;796;20;0;1.2;normal
1.779.145.645.252;912171;ESP32-IDS-01;28.4;64.9;475;23;11;1.6;normal
1.779.145.862.931;45197;ESP32-IDS-01;28.5;64.8;895;18;2;0.3;normal
1.779.151.548.871;1350946;ESP32-IDS-01;29.9;64.1;758;19;1;1.1;dos
1.779.167.092.771;131667;ESP32-IDS-01;28.8;53.1;785;18;2;3.2;dos
1.779.149.173.527;978050;ESP32-IDS-01;28.8;68.5;446;20;1;2.5;normal
1.779.166.283.557;139899;ESP32-IDS-01;30.8;54.6;807;42;12;2.6;dos
1.779.155.626.582;30127;ESP32-IDS-01;30.0;62.2;10000;1084;24;3.3;dos
1.779.164.842.524;514239;ESP32-IDS-01;30.3;61.9;445;30;21;1.3;dos
1779145597.37;864299;ESP32-IDS-01;28.4;67.7;660;20;0;3.1;normal
1.779.158.218.826;361582;ESP32-IDS-01;30.3;60.9;811;1848;858;4.33;dos
1.779.146.369.768;51797;ESP32-IDS-01;28.7;65.1;989;20;1;2.8;normal
1.779.145.385.813;652710;ESP32-IDS-01;28.3;68.9;892;20;0;0.3;normal
1.779.146.798.207;13698;ESP32-IDS-01;28.6;63.1;965;19;2;2.3;normal
1.779.148.401.878;206376;ESP32-IDS-01;28.6;69.9;748;20;1;2.6;normal
1779148411.64;216135;ESP32-IDS-01;28.6;69.8;949;20;3;2.0;normal
1.779.150.880.928;682965;ESP32-IDS-01;29.5;66.1;1181;21;2;3.75;dos
1.779.167.305.923;344770;ESP32-IDS-01;28.7;52.7;428;36;21;5.74;dos
1.779.145.233.013;499928;ESP32-IDS-01;28.3;69.0;427;20;1;1.9;normal
1779145280.49;547384;ESP32-IDS-01;28.3;68.9;598;20;1;2.4;normal
1.779.145.321.518;588432;ESP32-IDS-01;28.3;66.7;849;21;1;3.3;normal
1.779.149.734.375;1538895;ESP32-IDS-01;29.0;67.9;988;19;3;3.1;normal
1.779.159.239.413;50621;ESP32-IDS-01;30.5;60.8;322;22;7;2.4;dos
1.779.151.347.821;1149883;ESP32-IDS-01;29.9;64.4;370;21;1;2.5;dos
1.779.150.110.502;1915028;ESP32-IDS-01;28.9;67.9;828;21;1;1.1;dos
1.779.146.688.326;63708;ESP32-IDS-01;28.6;64.6;903;23;6;3.5;normal
1.779.151.236.766;1038826;ESP32-IDS-01;29.8;64.8;738;20;1;0.3;dos
1.779.153.893.703;24688;ESP32-IDS-01;30.0;62.5;479;38;31;1.5;dos
1.779.146.657.926;33321;ESP32-IDS-01;28.7;63.2;780;21;1;2.8;normal
1.779.146.471.821;99580;ESP32-IDS-01;28.6;63.6;922;23;4;2.2;normal
1.779.154.874.978;143041;ESP32-IDS-01;30.0;62.4;993;27;14;3.3;dos
1.779.159.685.322;81553;ESP32-IDS-01;30.7;60.9;705;36;27;3.82;dos
1.779.159.233.289;38726;ESP32-IDS-01;30.6;60.7;2527;623;831;1.9;dos
1.779.152.218.112;2020206;ESP32-IDS-01;29.8;64.3;827;18;3;2.4;dos
1779164951.25;614259;ESP32-IDS-01;30.5;61.0;984;1342;510;3.0;dos
1.779.145.611.423;878345;ESP32-IDS-01;28.4;67.5;670;22;2;2.0;normal
1.779.145.356.321;623241;ESP32-IDS-01;28.3;68.7;407;20;0;0.7;normal
1.779.150.099.159;1903713;ESP32-IDS-01;28.9;67.9;340;20;3;1.0;dos
1.779.150.744.764;546774;ESP32-IDS-01;29.5;66.3;1279;31;10;3.38;dos
1.779.146.121.476;64080;ESP32-IDS-01;28.5;64.8;796;98;123;0.5;normal
1.779.145.898.237;80496;ESP32-IDS-01;28.6;65.5;626;20;0;3.3;normal
1.779.145.663.129;930054;ESP32-IDS-01;28.4;66.7;699;20;1;3.4;normal
1.779.148.612.933;417437;ESP32-IDS-01;28.8;69.1;518;20;0;2.8;normal
1.779.151.011.171;811909;ESP32-IDS-01;29.7;65.7;587;447;499;8.51;dos
1.779.159.953.901;86925;ESP32-IDS-01;30.5;61.5;463;17;1;4.72;dos
1.779.150.089.995;1894548;ESP32-IDS-01;28.9;67.8;301;20;1;2.9;dos
1779145991.58;173847;ESP32-IDS-01;28.6;64.6;593;19;2;1.8;normal
1.779.158.160.625;313925;ESP32-IDS-01;30.4;60.6;631;24;3;3.88;dos
1.779.151.566.989;1369059;ESP32-IDS-01;29.9;64.1;998;20;0;2.9;dos
1.779.146.103.056;45868;ESP32-IDS-01;28.5;62.4;993;21;2;3.3;normal
1.779.151.255.532;1057589;ESP32-IDS-01;29.9;64.8;608;20;0;3.5;dos
1.779.150.785.258;587271;ESP32-IDS-01;29.5;66.3;701;21;14;0.1;dos
1.779.150.071.122;1875671;ESP32-IDS-01;29.0;67.7;701;21;2;2.0;dos
1779145979.38;161648;ESP32-IDS-01;28.6;63.6;627;19;2;1.9;normal
1.779.148.745.796;550305;ESP32-IDS-01;29.0;68.4;457;20;2;0.8;normal
1.779.148.996.004;800486;ESP32-IDS-01;29.0;68.2;344;31;16;3.1;normal
1.779.148.800.452;604962;ESP32-IDS-01;28.9;68.5;629;20;0;0.4;normal
1.779.145.690.169;957102;ESP32-IDS-01;28.5;64.2;697;20;0;1.1;normal
1.779.156.720.587;413122;ESP32-IDS-01;30.1;61.7;3696;35;26;2.8;dos
1.779.149.247.169;1051690;ESP32-IDS-01;28.9;68.5;751;20;1;2.3;normal
1.779.146.342.181;24210;ESP32-IDS-01;28.7;63.8;728;20;0;1.3;normal
1.779.146.585.998;82415;ESP32-IDS-01;28.6;63.9;951;77;86;0.3;normal
1.779.152.742.917;210020;ESP32-IDS-01;29.9;63.4;10000;3569;1620;2.0;dos
1.779.146.240.402;183222;ESP32-IDS-01;28.6;63.9;909;20;1;0.9;normal
1.779.156.120.094;122168;ESP32-IDS-01;30.0;62.0;10000;67;8;0.88;dos
1.779.149.117.391;921917;ESP32-IDS-01;28.9;68.3;737;18;2;0.9;normal
1.779.153.013.037;477024;ESP32-IDS-01;29.9;63.1;10000;9999;0;1.87;dos
1.779.153.324.346;278268;ESP32-IDS-01;30.0;62.7;892;9999;0;3.5;dos
1.779.145.317.631;584549;ESP32-IDS-01;28.3;68.4;926;21;1;3.2;normal
1.779.149.681.135;1485677;ESP32-IDS-01;29.0;67.8;885;19;2;3.0;normal
1.779.159.551.172;362393;ESP32-IDS-01;30.6;61.1;750;21;7;4.97;dos
1.779.156.628.727;321260;ESP32-IDS-01;30.1;61.7;457;26;13;3.5;dos
1.779.145.448.928;715852;ESP32-IDS-01;28.3;68.5;960;20;0;1.2;normal
1.779.159.462.147;273337;ESP32-IDS-01;30.6;61.1;993;25;9;3.51;dos
1.779.154.560.231;239286;ESP32-IDS-01;30.1;62.3;993;48;46;2.5;dos
1.779.156.961.071;94496;ESP32-IDS-01;29.9;62.5;876;9999;0;2.0;dos
1.779.154.287.809;83525;ESP32-IDS-01;30.0;62.5;931;41;27;0.9;dos
1.779.145.936.783;119042;ESP32-IDS-01;28.6;63.1;320;21;0;2.8;normal
1.779.153.689.706;30080;ESP32-IDS-01;30.0;61.2;10000;261;168;0.14;dos
1.779.156.758.171;450721;ESP32-IDS-01;30.1;61.7;3118;27;16;0.3;dos
1.779.146.344.731;26761;ESP32-IDS-01;28.7;65.3;931;20;1;0.9;normal
1.779.148.919.695;724213;ESP32-IDS-01;28.9;68.5;756;19;2;2.7;normal
1779154067.15;204220;ESP32-IDS-01;29.9;62.6;300;21;9;5.73;dos
1.779.145.373.835;640755;ESP32-IDS-01;28.3;68.9;533;20;1;0.8;normal
1.779.145.709.386;976299;ESP32-IDS-01;28.5;65.2;607;19;3;2.6;normal
1.779.166.515.973;61223;ESP32-IDS-01;29.5;54.9;958;18;1;1.24;dos
1.779.165.607.885;1277602;ESP32-IDS-01;31.3;58.5;1321;40;2;2.26;dos
1.779.155.729.263;7310;ESP32-IDS-01;30.0;60.7;626;50;27;4.9;dos
1.779.157.167.342;11108;ESP32-IDS-01;30.0;62.4;965;22;5;3.4;dos
1.779.153.217.987;186723;ESP32-IDS-01;30.0;62.9;746;22;8;4.04;dos
1.779.146.155.991;98834;ESP32-IDS-01;28.6;63.9;535;19;1;1.9;normal
1.779.151.355.275;1157342;ESP32-IDS-01;29.9;64.4;924;19;3;3.2;dos
1.779.153.112.804;84338;ESP32-IDS-01;29.9;63.1;10000;397;1009;0.2;dos
1.779.146.407.529;35295;ESP32-IDS-01;28.7;63.1;560;20;0;1.4;normal
1.779.157.108.913;254569;ESP32-IDS-01;29.9;62.6;10000;179;235;3.54;dos
1.779.159.286.258;97471;ESP32-IDS-01;30.5;61.0;998;21;6;1.2;dos
1.779.148.489.924;294422;ESP32-IDS-01;28.7;69.5;936;20;0;3.0;normal
1779148714.68;519181;ESP32-IDS-01;29.0;68.5;934;22;3;0.3;normal
1.779.155.454.131;144939;ESP32-IDS-01;30.0;62.3;971;20;10;4.13;dos
1.779.149.559.966;1364500;ESP32-IDS-01;29.0;67.9;990;19;3;1.6;normal
1.779.149.656.326;1460860;ESP32-IDS-01;29.0;67.7;977;20;0;3.4;normal
1.779.145.878.125;60179;ESP32-IDS-01;28.5;65.7;768;80;92;2.0;normal
1779155055.71;323703;ESP32-IDS-01;30.1;62.3;571;57;53;3.25;dos
1.779.152.578.459;55218;ESP32-IDS-01;29.9;63.5;602;21;5;1.86;dos
1.779.145.746.401;33890;ESP32-IDS-01;28.5;66.4;314;23;5;2.6;normal
1.779.167.441.248;480137;ESP32-IDS-01;28.6;52.3;1142;25;24;2.68;dos
1.779.166.736.667;281825;ESP32-IDS-01;29.2;54.4;483;39;65;7.24;dos
1.779.158.111.652;264936;ESP32-IDS-01;30.3;60.8;993;28;8;3.51;dos
1.779.165.071.529;742308;ESP32-IDS-01;30.8;60.1;756;361;517;3.1;dos
1.779.157.937.192;90492;ESP32-IDS-01;30.3;60.8;958;23;6;2.29;dos
1.779.153.148.764;118404;ESP32-IDS-01;29.9;63.2;10000;1728;1923;0.25;dos
1.779.150.094.946;1899506;ESP32-IDS-01;28.9;67.8;879;18;1;1.1;dos
1.779.148.602.022;406525;ESP32-IDS-01;28.8;69.2;567;20;0;1.2;normal
1.779.164.667.743;339502;ESP32-IDS-01;29.9;63.8;733;25;17;2.86;dos
1.779.145.164.031;430949;ESP32-IDS-01;28.3;71.8;352;18;1;2.9;normal
1.779.146.467.073;94842;ESP32-IDS-01;28.6;64.9;439;20;2;2.8;normal
1.779.146.261.627;204447;ESP32-IDS-01;28.6;63.8;445;19;1;1.3;normal
1.779.150.114.769;1919314;ESP32-IDS-01;28.9;67.9;724;23;8;0.5;dos
1.779.152.172.758;1974809;ESP32-IDS-01;29.8;64.3;957;26;7;2.94;dos
1.779.146.774.115;149523;ESP32-IDS-01;28.6;63.8;349;26;9;2.9;normal
1.779.148.642.006;446487;ESP32-IDS-01;28.8;69.0;910;20;1;2.3;normal
1.779.145.769.218;56686;ESP32-IDS-01;28.5;64.9;301;29;15;3.0;normal
1.779.155.547.788;236431;ESP32-IDS-01;30.0;62.4;570;32;20;5.05;dos
1.779.166.105.553;210592;ESP32-IDS-01;31.6;57.7;2330;373;536;0.73;dos
1.779.157.753.452;54575;ESP32-IDS-01;30.3;60.9;376;39;23;2.5;dos
1.779.148.713.769;518247;ESP32-IDS-01;29.0;68.5;824;19;4;2.6;normal
1.779.156.809.311;501865;ESP32-IDS-01;30.0;62.2;752;29;13;2.23;dos
1.779.153.746.928;88056;ESP32-IDS-01;30.0;62.5;571;27;5;2.25;dos
1.779.145.649.415;916347;ESP32-IDS-01;28.4;63.2;789;19;4;2.3;normal
1.779.148.229.831;34322;ESP32-IDS-01;27.9;69.0;314;20;1;2.6;normal
1779149258.43;1062957;ESP32-IDS-01;28.9;68.5;995;19;1;0.8;normal
1.779.149.782.234;1586753;ESP32-IDS-01;29.0;67.8;527;20;0;2.3;normal
1.779.152.128.335;1930367;ESP32-IDS-01;29.9;64.3;747;28;0;2.2;dos
1.779.150.701.786;502757;ESP32-IDS-01;29.4;66.6;590;374;536;1.9;dos
1.779.146.339.653;21683;ESP32-IDS-01;28.6;62.3;972;19;2;1.5;normal
1.779.148.981.974;786488;ESP32-IDS-01;28.9;68.4;606;21;3;3.3;normal
1.779.148.620.313;424819;ESP32-IDS-01;28.8;69.1;868;19;2;1.0;normal
1.779.146.659.946;35367;ESP32-IDS-01;28.7;63.2;995;20;0;2.2;normal
1.779.166.156.202;12589;ESP32-IDS-01;31.3;57.3;898;35;11;3.73;dos
1.779.154.150.664;287602;ESP32-IDS-01;29.9;62.7;1301;55;95;3.5;dos
1.779.158.477.393;97508;ESP32-IDS-01;30.2;61.5;1201;365;522;1.03;dos
1.779.157.217.469;43877;ESP32-IDS-01;30.1;62.3;667;26;12;2.0;dos
1.779.145.595.928;862827;ESP32-IDS-01;28.4;67.7;601;21;0;1.1;normal
1.779.148.933.418;737930;ESP32-IDS-01;28.9;68.5;331;21;3;1.3;normal
1.779.145.665.848;932781;ESP32-IDS-01;28.4;65.6;638;20;1;1.0;normal
1.779.146.039.232;221480;ESP32-IDS-01;28.6;64.3;342;20;2;3.1;normal
1.779.167.126.213;165105;ESP32-IDS-01;28.8;53.3;903;20;0;3.5;dos
1.779.145.164.031;430949;ESP32-IDS-01;28.3;71.8;352;18;1;2.9;normal
1.779.145.755.715;43220;ESP32-IDS-01;28.5;64.9;701;20;0;0.8;normal
1.779.150.517.392;319372;ESP32-IDS-01;29.1;67.5;654;22;5;3.93;dos
1.779.145.626.237;893169;ESP32-IDS-01;28.4;66.4;379;19;1;2.2;normal
1.779.148.250.422;54913;ESP32-IDS-01;28.0;69.8;873;20;0;0.8;normal
1.779.146.152.177;95018;ESP32-IDS-01;28.6;65.5;439;20;2;2.8;normal
1.779.165.931.048;37123;ESP32-IDS-01;31.4;57.6;820;20;5;4.14;dos
1.779.148.379.287;183790;ESP32-IDS-01;28.5;70.0;339;17;1;0.7;normal
1.779.145.520.843;787740;ESP32-IDS-01;28.4;68.7;933;29;5;0.6;normal
1.779.150.698.986;500995;ESP32-IDS-01;29.4;66.6;722;30;33;0.8;dos
1.779.148.951.804;756318;ESP32-IDS-01;28.9;68.5;701;18;2;2.6;normal
1.779.149.065.674;870193;ESP32-IDS-01;29.0;68.2;860;20;4;0.1;normal
1.779.148.573.697;378169;ESP32-IDS-01;28.7;69.4;322;30;20;1.1;normal
1.779.151.316.194;1118256;ESP32-IDS-01;29.9;64.4;406;20;0;0.3;dos
1.779.145.592.396;858243;ESP32-IDS-01;28.4;68.5;876;381;532;1.2;normal
1.779.145.523.952;790849;ESP32-IDS-01;28.4;68.8;668;22;2;0.8;normal
1779166914.79;459842;ESP32-IDS-01;29.2;53.9;10000;80;13;3.19;dos
1.779.146.274.708;217527;ESP32-IDS-01;28.6;63.9;548;29;17;1.4;normal
1.779.158.145.736;298894;ESP32-IDS-01;30.3;60.6;762;57;50;2.2;dos
1.779.165.835.227;89644;ESP32-IDS-01;31.4;57.8;571;25;6;4.0;dos
1.779.146.290.468;233316;ESP32-IDS-01;28.6;63.4;1000;19;2;2.6;normal
1.779.166.111.962;217973;ESP32-IDS-01;31.4;57.7;796;42;19;0.5;dos
1.779.157.742.339;42265;ESP32-IDS-01;30.3;61.0;2411;433;583;3.31;dos
1.779.146.598.157;94718;ESP32-IDS-01;28.7;63.6;457;20;0;3.5;normal
1.779.145.776.382;63884;ESP32-IDS-01;28.5;65.0;796;20;1;0.5;normal
1.779.152.485.834;2287914;ESP32-IDS-01;29.9;63.8;625;26;10;3.0;dos
1.779.154.412.621;89444;ESP32-IDS-01;30.0;62.4;808;84;46;5.15;dos
1.779.148.963.591;768094;ESP32-IDS-01;28.9;68.5;814;23;5;2.6;normal
1.779.146.122.734;65573;ESP32-IDS-01;28.5;64.8;604;20;3;2.0;normal
1.779.154.381.759;60897;ESP32-IDS-01;30.1;62.4;931;18;5;1.97;dos
1.779.153.254.526;227186;ESP32-IDS-01;30.0;62.8;747;30;20;2.6;dos
1.779.146.521.669;18255;ESP32-IDS-01;28.6;63.6;330;20;0;0.2;normal
1779145770.02;57526;ESP32-IDS-01;28.5;64.9;840;19;1;0.3;normal
1.779.148.667.072;471575;ESP32-IDS-01;28.9;68.9;536;20;1;0.2;normal
1.779.148.223.742;28234;ESP32-IDS-01;27.9;68.6;480;20;0;0.4;normal
1.779.152.207.491;2008287;ESP32-IDS-01;29.9;64.3;10000;412;527;2.5;dos
1.779.146.805.864;21364;ESP32-IDS-01;28.6;63.5;1214;17;2;1.5;normal
1.779.146.404.335;31909;ESP32-IDS-01;28.7;64.8;998;84;96;0.2;normal
1779155701.8;14286;ESP32-IDS-01;30.0;62.1;965;27;20;4.37;dos
1.779.156.983.865;127398;ESP32-IDS-01;29.9;62.5;2549;901;1284;0.59;dos
1.779.145.971.527;153779;ESP32-IDS-01;28.6;62.6;939;24;5;2.3;normal
1.779.152.804.192;280949;ESP32-IDS-01;29.9;63.3;777;23;20;4.59;dos
1.779.164.829.774;486051;ESP32-IDS-01;30.3;62.0;7276;9999;0;1.74;dos
1.779.146.798.769;14012;ESP32-IDS-01;28.6;63.1;314;103;129;1.5;normal
1779146149.55;92394;ESP32-IDS-01;28.6;63.9;528;19;5;2.9;normal
1.779.167.010.162;48938;ESP32-IDS-01;28.8;53.1;667;49;15;0.5;dos
1.779.149.010.758;815276;ESP32-IDS-01;29.0;68.2;481;20;1;1.5;normal
1.779.149.629.425;1433928;ESP32-IDS-01;29.0;67.7;788;23;9;2.1;normal
1.779.152.344.481;2144378;ESP32-IDS-01;29.9;64.0;3482;379;1041;3.39;dos
1779145504.74;771662;ESP32-IDS-01;28.3;70.9;428;21;1;0.4;normal
1.779.153.251.388;226139;ESP32-IDS-01;30.0;62.8;768;30;26;3.3;dos
1779145553.16;820086;ESP32-IDS-01;28.4;67.7;421;21;1;2.4;normal
1.779.149.447.887;1252419;ESP32-IDS-01;28.9;68.2;416;20;3;2.3;normal
1.779.159.258.722;54077;ESP32-IDS-01;30.5;60.8;358;9999;0;1.7;dos
1779164847.93;519704;ESP32-IDS-01;30.4;61.7;793;26;16;1.4;dos
1.779.153.796.237;137383;ESP32-IDS-01;30.0;62.5;701;19;4;2.23;dos
1.779.155.457.439;148207;ESP32-IDS-01;30.0;62.3;989;31;20;3.81;dos
1.779.158.746.066;8578;ESP32-IDS-01;30.2;60.2;777;21;9;4.17;dos
1.779.151.333.808;1135872;ESP32-IDS-01;29.9;64.4;969;20;0;0.9;dos
1.779.154.645.266;324397;ESP32-IDS-01;30.1;62.3;777;22;6;3.3;dos
1.779.146.118.046;60889;ESP32-IDS-01;28.5;62.8;747;19;1;2.6;normal
1.779.146.775.807;151232;ESP32-IDS-01;28.6;64.1;307;20;1;0.8;normal
1.779.146.719.911;95309;ESP32-IDS-01;28.6;64.8;457;19;1;3.5;normal
1.779.145.115.786;382696;ESP32-IDS-01;28.2;69.6;770;20;1;0.8;normal
1.779.145.697.981;964915;ESP32-IDS-01;28.5;65.0;602;20;1;1.6;normal
1779145172.01;438922;ESP32-IDS-01;28.3;69.1;394;20;0;3.5;normal
1.779.156.089.469;90674;ESP32-IDS-01;30.0;62.0;480;371;517;0.4;dos
1.779.158.556.379;36369;ESP32-IDS-01;30.2;60.2;5774;495;658;3.47;dos
1.779.148.704.558;509048;ESP32-IDS-01;28.9;68.7;1225;17;2;0.1;normal
1.779.155.324.492;15167;ESP32-IDS-01;30.0;62.3;686;50;35;1.8;dos
1.779.154.373.438;47869;ESP32-IDS-01;30.0;62.4;330;1244;1807;0.2;dos
1.779.148.933.418;737930;ESP32-IDS-01;28.9;68.5;331;21;3;1.3;normal
1.779.158.221.381;361582;ESP32-IDS-01;30.3;60.9;811;1848;858;4.33;dos
1779148712.42;516929;ESP32-IDS-01;29.0;68.6;924;19;1;0.4;normal
1.779.156.300.776;156259;ESP32-IDS-01;30.0;61.8;10000;147;251;3.4;dos
1779149705.55;1510094;ESP32-IDS-01;29.0;67.9;888;19;3;1.9;normal
1.779.145.835.889;18123;ESP32-IDS-01;28.5;64.8;820;28;14;1.7;normal
1.779.153.616.161;591008;ESP32-IDS-01;30.0;62.6;847;23;6;1.9;dos
1.779.156.676.692;369242;ESP32-IDS-01;30.1;61.7;976;34;6;4.52;dos
1.779.145.100.816;367729;ESP32-IDS-01;28.2;69.8;890;20;1;1.7;normal
1.779.151.453.005;1255079;ESP32-IDS-01;30.0;64.1;422;18;2;1.5;dos
1.779.148.255.621;60087;ESP32-IDS-01;28.0;70.0;768;20;4;2.0;normal
1779165429.13;1100870;ESP32-IDS-01;31.1;59.2;400;44;27;2.7;dos
1.779.146.236.436;179214;ESP32-IDS-01;28.6;64.4;356;33;14;0.2;normal
1.779.157.027.558;168640;ESP32-IDS-01;30.0;62.4;601;54;5;7.16;dos
1.779.157.339.209;34594;ESP32-IDS-01;30.1;60.6;10000;1040;1506;1.6;dos
1.779.151.811.715;1613762;ESP32-IDS-01;29.8;64.5;536;27;14;2.27;dos
1.779.160.127.946;40453;ESP32-IDS-01;30.7;61.1;10000;40;13;1.58;dos
1.779.145.765.641;52916;ESP32-IDS-01;28.5;65.1;529;88;102;2.1;normal
1.779.159.553.549;364722;ESP32-IDS-01;30.7;61.1;410;21;5;3.34;dos
1779164574.88;244865;ESP32-IDS-01;29.8;64.4;921;490;558;5.44;dos
1.779.151.634.847;1436846;ESP32-IDS-01;29.8;64.4;484;36;12;0.6;dos
1.779.145.186.916;453816;ESP32-IDS-01;28.3;69.2;935;20;1;2.8;normal
1.779.154.418.496;95505;ESP32-IDS-01;30.0;62.4;3488;47;26;0.49;dos
1.779.166.284.271;140685;ESP32-IDS-01;30.8;54.6;786;26;7;4.47;dos
1.779.148.530.569;335072;ESP32-IDS-01;28.7;69.5;935;19;1;3.5;normal
1.779.165.795.948;50304;ESP32-IDS-01;31.4;57.9;655;37;30;4.03;dos
1.779.145.505.367;772264;ESP32-IDS-01;28.3;67.4;602;21;0;2.1;normal
1.779.165.519.591;1191413;ESP32-IDS-01;31.2;59.1;778;20;3;7.54;dos
1.779.156.581.806;274353;ESP32-IDS-01;30.0;61.7;626;30;10;3.3;dos
1.779.148.888.636;692834;ESP32-IDS-01;28.9;68.5;770;117;145;2.7;normal
1.779.165.657.601;1329406;ESP32-IDS-01;31.4;58.4;603;27;17;3.4;dos
1.779.151.455.122;1256987;ESP32-IDS-01;30.0;64.1;581;88;106;0.5;dos
1.779.153.474.113;448943;ESP32-IDS-01;30.1;62.6;654;16;0;6.99;dos
1.779.152.845.023;321730;ESP32-IDS-01;30.0;63.1;479;47;71;1.4;dos
1.779.152.610.485;68112;ESP32-IDS-01;29.9;63.5;8800;9999;0;0.61;dos
1.779.164.978.284;650062;ESP32-IDS-01;30.5;61.0;716;19;6;10.08;dos
1.779.148.856.183;660695;ESP32-IDS-01;28.9;68.6;807;20;2;3.4;normal
1.779.152.748.206;224530;ESP32-IDS-01;29.9;63.4;1562;162;186;0.84;dos
1.779.149.794.485;1599006;ESP32-IDS-01;29.0;67.8;744;19;1;1.7;normal
1.779.164.485.964;157749;ESP32-IDS-01;29.7;64.7;449;18;2;3.3;dos
1.779.149.782.234;1586753;ESP32-IDS-01;29.0;67.8;527;20;0;2.3;normal
1.779.148.944.499;749019;ESP32-IDS-01;28.9;68.5;904;18;2;1.5;normal
1.779.146.288.035;230883;ESP32-IDS-01;28.6;63.4;633;19;1;2.2;normal
1.779.151.292.256;1094316;ESP32-IDS-01;29.9;64.5;557;20;0;2.8;dos
1.779.155.402.584;89039;ESP32-IDS-01;30.0;62.3;10000;743;524;0.29;dos
1.779.149.699.616;1504161;ESP32-IDS-01;29.0;67.9;536;19;3;1.6;normal
1.779.150.333.988;135958;ESP32-IDS-01;28.8;67.9;2409;32;37;2.42;dos
1.779.148.933.084;737599;ESP32-IDS-01;28.9;68.5;415;20;1;2.9;normal
1779149093.55;898047;ESP32-IDS-01;28.9;68.3;628;19;1;2.3;normal
1.779.148.783.728;588236;ESP32-IDS-01;28.9;68.5;818;20;0;1.4;normal
1779149177.02;981543;ESP32-IDS-01;28.8;68.5;541;20;1;2.2;normal
1779145329.21;596128;ESP32-IDS-01;28.3;67.5;471;21;3;0.8;normal
1.779.156.940.603;86700;ESP32-IDS-01;29.9;62.4;602;28;5;1.86;dos
1.779.166.600.169;145367;ESP32-IDS-01;29.4;54.9;971;35;21;4.13;dos
1.779.146.447.041;74810;ESP32-IDS-01;28.7;64.9;944;20;1;0.5;normal
1.779.146.085.633;28440;ESP32-IDS-01;28.5;64.7;752;20;0;2.8;normal
1.779.145.235.193;502081;ESP32-IDS-01;28.3;68.9;850;21;1;3.0;normal
1.779.149.464.327;1268826;ESP32-IDS-01;28.9;68.2;888;20;4;2.9;normal
1.779.149.301.758;1106119;ESP32-IDS-01;28.9;68.3;703;74;86;2.6;normal
1.779.154.695.375;374512;ESP32-IDS-01;30.1;62.3;676;17;2;3.08;dos
1779148304.94;109433;ESP32-IDS-01;28.3;70.3;481;20;1;2.1;normal
1.779.146.333.865;15645;ESP32-IDS-01;28.7;65.1;479;20;0;1.5;normal
1.779.158.014.423;166435;ESP32-IDS-01;30.2;60.9;4022;424;535;3.65;dos
1.779.158.517.032;138179;ESP32-IDS-01;30.2;61.5;467;21;5;4.24;dos
1.779.146.013.918;196127;ESP32-IDS-01;28.6;61.8;914;24;11;0.4;normal
1.779.150.106.499;1911044;ESP32-IDS-01;28.9;67.9;693;22;2;3.1;dos
1.779.155.565.899;243652;ESP32-IDS-01;30.0;62.3;626;9999;0;4.9;dos
1.779.145.239.733;506636;ESP32-IDS-01;28.3;69.2;316;24;6;2.2;normal
1.779.151.521.488;1323550;ESP32-IDS-01;30.0;64.0;325;23;5;2.9;dos
1.779.149.747.748;1552265;ESP32-IDS-01;29.0;67.8;733;20;0;3.3;normal
1.779.164.761.383;433151;ESP32-IDS-01;30.2;62.5;775;19;2;5.98;dos
1.779.145.208.811;475495;ESP32-IDS-01;28.3;68.5;370;89;108;1.6;normal
1.779.157.608.861;81788;ESP32-IDS-01;30.2;61.4;4012;61;12;1.55;dos
1.779.148.691.681;496161;ESP32-IDS-01;28.9;68.7;467;29;15;3.5;normal
1.779.148.616.791;421295;ESP32-IDS-01;28.8;69.1;828;20;0;3.3;normal
1.779.148.361.197;165670;ESP32-IDS-01;28.5;70.1;494;18;2;3.4;normal
1.779.159.011.273;93667;ESP32-IDS-01;30.5;60.6;358;30;13;1.7;dos
1.779.148.352.546;157040;ESP32-IDS-01;28.5;70.1;351;19;4;2.6;normal
1.779.167.298.709;337539;ESP32-IDS-01;28.7;52.9;634;28;2;4.08;dos
1.779.146.484.292;112066;ESP32-IDS-01;28.6;62.6;955;19;3;1.8;normal
1.779.159.722.043;108514;ESP32-IDS-01;30.7;61.1;10000;2621;2071;1.35;dos
1.779.149.379.833;1184359;ESP32-IDS-01;29.0;68.1;793;20;2;1.7;normal
1.779.145.420.587;687508;ESP32-IDS-01;28.3;68.7;353;20;0;1.6;normal
1.779.153.211.161;185977;ESP32-IDS-01;30.0;62.9;529;21;6;3.99;dos
1.779.149.674.194;1478736;ESP32-IDS-01;29.0;67.8;836;19;2;2.7;normal
1.779.160.406.605;256711;ESP32-IDS-01;30.7;61.4;10000;419;508;2.94;dos
1779148958.17;762658;ESP32-IDS-01;28.9;68.5;971;20;2;2.7;normal
1.779.146.399.403;27172;ESP32-IDS-01;28.7;63.6;958;19;1;0.2;normal
1.779.167.297.216;328844;ESP32-IDS-01;28.7;53.0;1246;1010;535;3.8;dos
1.779.149.545.482;1350014;ESP32-IDS-01;29.0;68.0;971;21;2;1.7;normal
1779145926.81;109070;ESP32-IDS-01;28.6;64.6;901;20;4;0.3;normal
1.779.151.365.306;1167367;ESP32-IDS-01;29.9;64.4;842;21;1;2.6;dos
1.779.158.652.098;133553;ESP32-IDS-01;30.0;61.9;780;23;6;2.8;dos
1.779.145.841.034;23296;ESP32-IDS-01;28.5;65.5;463;19;2;0.4;normal
1779151287.77;1089833;ESP32-IDS-01;29.9;64.5;697;20;1;3.0;dos
1.779.150.093.337;1897883;ESP32-IDS-01;28.9;67.8;702;21;0;1.5;dos
1.779.153.420.611;393305;ESP32-IDS-01;30.1;62.6;10000;55;21;0.4;dos
1.779.156.079.904;79397;ESP32-IDS-01;30.1;62.0;3822;934;1321;1.3;dos
1.779.153.474.425;449258;ESP32-IDS-01;30.1;62.6;315;26;11;3.37;dos
1.779.155.098.112;366184;ESP32-IDS-01;30.1;62.3;1158;28;14;2.76;dos
1.779.167.039.151;77845;ESP32-IDS-01;28.8;53.1;9186;64;34;1.41;dos
1.779.146.174.068;116912;ESP32-IDS-01;28.6;62.4;312;19;1;0.8;normal
1.779.159.773.297;25195;ESP32-IDS-01;30.7;61.0;924;391;502;7.63;dos
1.779.152.851.207;327986;ESP32-IDS-01;29.9;63.3;707;24;5;2.9;dos
1779158249.7;402981;ESP32-IDS-01;30.3;60.9;669;30;19;3.1;dos
1.779.151.591.212;1393286;ESP32-IDS-01;29.9;64.2;740;20;4;0.4;dos
1.779.148.401.878;206376;ESP32-IDS-01;28.6;69.9;748;20;1;2.6;normal
1.779.145.388.533;655455;ESP32-IDS-01;28.3;68.9;340;20;0;1.7;normal
1.779.148.893.711;698224;ESP32-IDS-01;28.9;68.5;976;20;0;1.7;normal
1.779.166.242.261;98582;ESP32-IDS-01;30.8;55.0;823;46;22;2.9;dos
1.779.157.111.744;256679;ESP32-IDS-01;29.9;62.6;1314;415;1032;2.3;dos
1.779.148.992.556;797048;ESP32-IDS-01;29.0;68.3;349;19;3;2.5;normal
1.779.145.726.569;14072;ESP32-IDS-01;28.5;63.6;314;20;0;1.5;normal
1.779.156.721.018;413550;ESP32-IDS-01;30.1;61.7;428;38;14;12.75;dos
1.779.166.918.443;460476;ESP32-IDS-01;29.1;53.7;634;1080;187;7.23;dos
1.779.159.368.099;175258;ESP32-IDS-01;30.5;61.1;10000;9999;0;0.4;dos
1.779.148.626.336;430841;ESP32-IDS-01;28.8;69.1;780;20;0;0.4;normal
1779145754.09;41597;ESP32-IDS-01;28.5;64.0;601;19;3;0.5;normal
1.779.148.626.966;431469;ESP32-IDS-01;28.8;69.1;628;20;0;1.2;normal
1.779.146.710.461;85884;ESP32-IDS-01;28.6;63.6;991;20;2;0.4;normal
1.779.151.812.523;1614521;ESP32-IDS-01;29.8;64.5;759;37;26;4.32;dos
1.779.153.615.336;590161;ESP32-IDS-01;30.0;62.6;685;26;13;5.92;dos
1779148363.66;168154;ESP32-IDS-01;28.5;70.1;590;20;2;1.9;normal
1.779.145.772.441;59946;ESP32-IDS-01;28.5;65.7;300;20;2;2.4;normal
1.779.145.425.401;692323;ESP32-IDS-01;28.3;68.8;771;20;1;2.1;normal
1.779.145.967.349;149609;ESP32-IDS-01;28.6;64.7;440;21;1;3.0;normal
1.779.150.880.776;681784;ESP32-IDS-01;29.5;66.1;748;366;1016;2.6;dos
1779156183.91;39585;ESP32-IDS-01;30.0;61.9;667;19;3;0.5;dos
1.779.145.448.928;715852;ESP32-IDS-01;28.3;68.5;960;20;0;1.2;normal
1.779.150.654.878;456744;ESP32-IDS-01;29.3;67.0;371;74;82;5.6;dos
1.779.158.968.782;51223;ESP32-IDS-01;30.5;60.5;314;19;2;7.87;dos
1779165426.33;1096938;ESP32-IDS-01;31.0;59.2;4024;410;500;2.75;dos
1.779.148.496.842;301339;ESP32-IDS-01;28.7;69.5;991;19;3;3.0;normal
1779148856.91;661425;ESP32-IDS-01;28.9;68.6;325;19;3;0.6;normal
1.779.167.530.254;566998;ESP32-IDS-01;28.6;51.7;593;28;9;1.8;dos
1.779.160.005.403;138410;ESP32-IDS-01;30.6;61.5;601;26;4;0.5;dos
1.779.149.242.061;1046565;ESP32-IDS-01;28.9;68.5;748;19;2;0.4;normal
1.779.157.077.074;223198;ESP32-IDS-01;29.9;62.6;581;29;3;6.34;dos
1.779.159.631.119;27845;ESP32-IDS-01;30.7;59.6;10000;203;156;0.15;dos
1.779.156.807.376;499883;ESP32-IDS-01;30.0;62.2;773;24;6;2.5;dos
1.779.165.571.133;1242931;ESP32-IDS-01;31.3;58.6;820;28;7;4.72;dos
1.779.148.254.275;58766;ESP32-IDS-01;28.0;69.9;799;20;1;3.2;normal
1.779.152.893.005;369781;ESP32-IDS-01;29.9;63.2;481;22;8;2.1;dos
1779154648.14;327229;ESP32-IDS-01;30.1;62.3;724;35;15;2.4;dos
1779149497.11;1301642;ESP32-IDS-01;28.9;68.2;760;20;1;2.6;normal
1.779.151.827.791;1619977;ESP32-IDS-01;29.8;64.4;752;9999;0;1.63;dos
1779159325.92;137123;ESP32-IDS-01;30.5;61.1;1256;25;10;3.1;dos
1.779.148.627.573;432079;ESP32-IDS-01;28.8;69.1;610;20;1;1.6;normal
1.779.149.489.241;1293774;ESP32-IDS-01;28.9;68.1;611;20;0;0.8;normal
1.779.154.826.281;91288;ESP32-IDS-01;30.0;62.3;5493;377;508;2.98;dos
1.779.157.166.617;10143;ESP32-IDS-01;30.0;62.4;732;103;96;2.27;dos
1.779.157.074.144;218455;ESP32-IDS-01;30.0;62.4;529;277;742;11.55;dos
1.779.164.927.854;594316;ESP32-IDS-01;30.5;61.2;10000;77;31;2.6;dos
1.779.159.591.385;400153;ESP32-IDS-01;30.7;61.0;943;483;505;2.76;dos
1.779.158.023.341;176612;ESP32-IDS-01;30.2;61.0;551;30;4;1.3;dos
1.779.151.400.377;1202445;ESP32-IDS-01;29.9;64.3;901;19;1;1.7;dos
1.779.149.268.471;1072999;ESP32-IDS-01;28.9;68.4;637;19;1;2.1;normal
1.779.155.955.174;87743;ESP32-IDS-01;30.0;62.2;480;19;4;2.48;dos
1.779.150.694.151;496133;ESP32-IDS-01;29.3;66.8;2172;38;24;2.36;dos
1.779.148.934.799;739310;ESP32-IDS-01;28.9;68.5;504;20;0;0.8;normal
1.779.165.419.159;1079143;ESP32-IDS-01;31.0;59.2;10000;9999;0;3.16;dos
1779155713.95;27848;ESP32-IDS-01;30.0;62.1;10000;9999;0;1.57;dos
1.779.150.280.712;76515;ESP32-IDS-01;28.9;67.9;10000;613;1024;0.35;dos
1.779.149.235.693;1040221;ESP32-IDS-01;28.9;68.5;1235;19;1;0.4;normal
1.779.155.318.701;8458;ESP32-IDS-01;30.0;60.9;1758;369;513;0.67;dos
1.779.149.227.261;1031761;ESP32-IDS-01;28.9;68.5;653;19;3;0.7;normal
1.779.146.587.114;83669;ESP32-IDS-01;28.6;63.9;587;31;17;1.0;normal
1.779.156.899.223;45383;ESP32-IDS-01;29.9;62.4;314;23;5;1.5;dos
1.779.146.096.302;39109;ESP32-IDS-01;28.5;63.5;807;22;5;2.6;normal
1.779.148.429.905;234341;ESP32-IDS-01;28.7;69.6;820;28;17;3.1;normal
1779156358.74;51268;ESP32-IDS-01;30.0;61.8;330;35;7;0.2;dos
1.779.145.407.796;674719;ESP32-IDS-01;28.3;68.5;978;20;0;2.1;normal
1.779.150.658.183;460135;ESP32-IDS-01;29.3;66.9;380;40;33;2.4;dos
1.779.151.318.928;1120992;ESP32-IDS-01;29.9;64.4;704;20;0;3.0;dos
1.779.148.829.309;633819;ESP32-IDS-01;28.9;68.6;785;20;0;1.2;normal
1.779.167.438.949;477685;ESP32-IDS-01;28.6;52.3;440;66;26;4.77;dos
1.779.151.447.015;1249082;ESP32-IDS-01;30.0;64.1;774;20;0;0.2;dos
1.779.145.136.225;403139;ESP32-IDS-01;28.2;68.2;406;20;0;0.3;normal
1.779.148.995.652;800142;ESP32-IDS-01;29.0;68.2;794;20;1;0.7;normal
1.779.154.534.928;196389;ESP32-IDS-01;30.1;62.3;957;9999;0;3.39;dos
1.779.148.667.072;471575;ESP32-IDS-01;28.9;68.9;536;20;1;0.2;normal
1.779.145.474.393;741318;ESP32-IDS-01;28.3;68.4;937;20;0;2.0;normal
1.779.145.121.023;387937;ESP32-IDS-01;28.2;69.1;729;20;1;1.1;normal
1.779.150.746.723;548699;ESP32-IDS-01;29.5;66.3;360;33;19;6.08;dos
1.779.148.243.429;47921;ESP32-IDS-01;28.0;69.6;634;20;0;1.3;normal
1.779.148.775.063;579566;ESP32-IDS-01;28.9;68.5;680;20;0;2.0;normal
1.779.156.626.538;319075;ESP32-IDS-01;30.1;61.7;528;35;29;2.9;dos
1.779.166.694.774;240046;ESP32-IDS-01;29.3;52.4;460;18;3;2.67;dos
1.779.157.951.431;90972;ESP32-IDS-01;30.3;60.8;480;9999;0;0.4;dos
1.779.146.678.146;53536;ESP32-IDS-01;28.7;63.9;529;22;5;2.1;normal
1.779.156.225.808;82758;ESP32-IDS-01;30.1;61.9;480;31;15;2.48;dos
1.779.154.471.246;149339;ESP32-IDS-01;30.1;62.4;1180;367;524;2.35;dos
1.779.149.184.266;987660;ESP32-IDS-01;28.8;68.5;375;395;563;2.7;normal
1.779.151.856.958;1659016;ESP32-IDS-01;29.8;64.4;1303;28;16;1.87;dos
1.779.151.090.485;891374;ESP32-IDS-01;29.7;65.4;10000;388;507;1.98;dos
1.779.145.624.922;891852;ESP32-IDS-01;28.4;66.4;758;20;0;1.9;normal
1.779.149.351.153;1155681;ESP32-IDS-01;29.0;68.2;530;20;0;2.3;normal
1.779.145.348.836;615735;ESP32-IDS-01;28.3;66.4;972;19;2;2.9;normal
1.779.156.361.204;53716;ESP32-IDS-01;30.1;61.8;515;36;20;3.24;dos
1779150134.86;1939387;ESP32-IDS-01;28.9;67.9;705;21;3;0.7;dos
1.779.148.830.263;634770;ESP32-IDS-01;28.9;68.6;558;21;1;1.4;normal
1.779.148.805.372;609879;ESP32-IDS-01;28.9;68.5;758;20;0;1.1;normal
1.779.148.931.506;735997;ESP32-IDS-01;28.9;68.5;873;19;1;3.2;normal
1.779.164.485.517;157300;ESP32-IDS-01;29.7;64.7;345;18;2;2.1;dos
1.779.146.245.966;188788;ESP32-IDS-01;28.6;65.2;423;19;1;1.9;normal
1.779.154.292.392;88125;ESP32-IDS-01;30.0;62.5;2410;34;15;2.41;dos
1.779.145.187.592;454508;ESP32-IDS-01;28.3;69.2;692;20;1;0.1;normal
1.779.151.403.279;1205347;ESP32-IDS-01;29.9;64.3;355;20;1;0.5;dos
1779165028.48;700255;ESP32-IDS-01;30.7;60.4;842;24;10;3.88;dos
1.779.145.672.169;939102;ESP32-IDS-01;28.4;66.5;774;20;1;2.5;normal
1.779.148.440.229;244725;ESP32-IDS-01;28.7;69.6;580;21;1;1.8;normal
1.779.145.965.456;147691;ESP32-IDS-01;28.6;64.7;674;20;0;2.4;normal
1.779.146.018.509;200766;ESP32-IDS-01;28.6;64.5;987;21;0;0.4;normal
1.779.149.530.493;1335029;ESP32-IDS-01;29.0;68.0;465;19;4;0.7;normal
1.779.149.428.253;1232783;ESP32-IDS-01;28.9;68.1;611;20;1;0.7;normal
1.779.149.182.219;986744;ESP32-IDS-01;28.8;68.5;377;19;1;3.5;normal
1.779.145.684.301;951209;ESP32-IDS-01;28.5;65.0;525;20;1;2.4;normal
1779154603.11;282209;ESP32-IDS-01;30.1;60.6;454;34;50;5.7;dos
1.779.148.722.356;526862;ESP32-IDS-01;29.0;68.5;758;20;1;0.1;normal
1.779.165.526.795;1198601;ESP32-IDS-01;31.2;58.8;666;25;0;0.5;dos
1.779.146.740.321;115741;ESP32-IDS-01;28.6;64.4;438;21;4;2.4;normal
1779146149.55;92394;ESP32-IDS-01;28.6;63.9;528;19;5;2.9;normal
1.779.148.890.441;694955;ESP32-IDS-01;28.9;68.5;822;20;1;0.9;normal
1.779.167.099.616;138514;ESP32-IDS-01;28.8;53.3;873;17;1;1.3;dos
1.779.159.555.791;366658;ESP32-IDS-01;30.7;61.1;922;137;318;4.37;dos
1.779.157.661.043;134090;ESP32-IDS-01;30.2;61.3;590;24;8;3.1;dos
1.779.153.520.896;495642;ESP32-IDS-01;30.0;62.6;516;46;23;0.9;dos
1.779.148.340.763;145253;ESP32-IDS-01;28.4;70.3;519;20;0;3.4;normal
1.779.152.307.832;2109884;ESP32-IDS-01;29.9;64.1;440;27;13;1.2;dos
1.779.145.709.386;976299;ESP32-IDS-01;28.5;65.2;607;19;3;2.6;normal
1.779.159.141.253;83532;ESP32-IDS-01;30.5;60.7;1944;371;491;3.01;dos
1.779.145.124.214;391077;ESP32-IDS-01;28.2;69.1;962;34;22;1.7;normal
1.779.164.986.528;658308;ESP32-IDS-01;30.6;60.7;617;24;11;1.92;dos
1.779.148.893.711;698224;ESP32-IDS-01;28.9;68.5;976;20;0;1.7;normal
1.779.145.695.369;962303;ESP32-IDS-01;28.4;64.7;831;20;1;3.0;normal
1.779.146.706.037;81433;ESP32-IDS-01;28.6;64.1;436;21;0;0.1;normal
1.779.153.571.746;546559;ESP32-IDS-01;30.0;62.7;962;20;4;2.04;dos
1.779.165.249.791;921469;ESP32-IDS-01;30.9;59.5;602;61;62;3.3;dos
1779148445.96;250453;ESP32-IDS-01;28.7;69.6;796;21;0;3.0;normal
1779148275.39;79738;ESP32-IDS-01;28.2;70.3;762;68;77;2.2;normal
1.779.149.695.276;1499811;ESP32-IDS-01;29.0;67.9;884;22;3;2.3;normal
1.779.151.243.176;1045234;ESP32-IDS-01;29.9;64.8;848;20;0;3.0;dos
1.779.148.278.695;83188;ESP32-IDS-01;28.2;70.3;667;20;0;3.3;normal
1.779.157.757.322;58478;ESP32-IDS-01;30.3;60.9;931;30;12;3.05;dos
1.779.152.488.695;2289718;ESP32-IDS-01;29.9;63.7;390;378;1063;1.7;dos
1.779.151.591.652;1393728;ESP32-IDS-01;29.9;64.2;442;19;2;2.4;dos
1.779.145.592.396;858243;ESP32-IDS-01;28.4;68.5;876;381;532;1.2;normal
1.779.151.568.394;1370466;ESP32-IDS-01;29.9;64.1;474;20;0;0.2;dos
1.779.158.429.508;50574;ESP32-IDS-01;30.2;61.4;655;34;20;4.03;dos
1.779.153.115.238;90077;ESP32-IDS-01;29.9;63.1;2293;22;12;2.5;dos
1.779.145.904.464;86723;ESP32-IDS-01;28.6;65.3;613;21;1;0.3;normal
1.779.165.930.313;36303;ESP32-IDS-01;31.4;57.6;667;37;22;0.5;dos
1779145134.11;400995;ESP32-IDS-01;28.2;68.2;639;20;1;1.1;normal
1.779.149.470.703;1275212;ESP32-IDS-01;28.9;68.2;494;19;2;0.4;normal
1.779.148.816.472;620401;ESP32-IDS-01;28.9;68.5;370;128;141;3.4;normal
1.779.145.620.974;887904;ESP32-IDS-01;28.4;65.9;828;20;0;1.2;normal
1.779.146.792.566;8054;ESP32-IDS-01;28.6;65.1;777;21;1;1.6;normal
1.779.146.523.599;20188;ESP32-IDS-01;28.6;63.8;956;19;1;1.0;normal
1.779.146.267.446;210292;ESP32-IDS-01;28.6;63.2;380;20;3;0.5;normal
1779148400.2;204676;ESP32-IDS-01;28.6;69.9;445;19;2;1.3;normal
1.779.153.469.587;440664;ESP32-IDS-01;30.1;62.6;585;105;84;4.11;dos
1.779.151.148.442;950435;ESP32-IDS-01;29.8;65.0;469;35;21;4.63;dos
1779145134.11;400995;ESP32-IDS-01;28.2;68.2;639;20;1;1.1;normal
1.779.155.276.797;544901;ESP32-IDS-01;30.0;62.3;656;29;18;3.02;dos
1.779.149.211.173;1015700;ESP32-IDS-01;28.8;68.5;817;19;2;0.1;normal
1.779.146.183.164;126009;ESP32-IDS-01;28.6;65.5;784;19;1;2.0;normal
1.779.150.792.636;594636;ESP32-IDS-01;29.5;66.2;579;30;19;3.83;dos
1.779.146.163.348;106192;ESP32-IDS-01;28.6;64.6;426;19;1;1.7;normal
1.779.167.253.901;292669;ESP32-IDS-01;28.7;53.0;707;60;42;8.56;dos
1.779.149.288.626;1093152;ESP32-IDS-01;28.9;68.4;543;20;2;1.7;normal
1.779.150.519.835;321850;ESP32-IDS-01;29.1;67.4;921;18;6;2.29;dos
1779146210.59;153432;ESP32-IDS-01;28.6;63.4;939;20;0;2.3;normal
1.779.148.426.589;231088;ESP32-IDS-01;28.7;69.7;633;19;2;2.2;normal
1.779.149.054.602;859117;ESP32-IDS-01;29.0;68.2;482;20;1;1.7;normal
1.779.145.367.088;633983;ESP32-IDS-01;28.3;68.1;692;20;1;3.2;normal
1.779.145.575.752;842680;ESP32-IDS-01;28.4;70.8;930;20;3;1.9;normal
1.779.166.689.787;235011;ESP32-IDS-01;29.3;54.6;1209;34;50;4.33;dos
1.779.159.369.771;180968;ESP32-IDS-01;30.5;61.1;634;27;8;1.3;dos
1.779.151.517.794;1319642;ESP32-IDS-01;30.0;64.0;316;86;100;0.5;dos
1.779.151.523.034;1325106;ESP32-IDS-01;30.0;64.0;429;20;1;0.8;dos
1.779.158.882.495;54459;ESP32-IDS-01;30.5;60.7;956;23;12;3.09;dos
1.779.151.814.407;1616417;ESP32-IDS-01;29.8;64.5;905;31;10;1.4;dos
1.779.165.648.571;1315990;ESP32-IDS-01;31.3;58.4;8860;884;393;3.21;dos
1.779.160.124.076;27658;ESP32-IDS-01;30.7;61.1;10000;9999;0;2.37;dos
1.779.167.344.803;383641;ESP32-IDS-01;28.6;52.4;965;35;28;1.24;dos
1.779.149.646.973;1451506;ESP32-IDS-01;29.0;67.7;363;21;1;1.5;normal
1779148649.59;454095;ESP32-IDS-01;28.8;69.0;467;20;0;1.4;normal
1.779.157.659.942;133019;ESP32-IDS-01;30.2;61.3;795;18;3;4.52;dos
1.779.149.528.005;1332517;ESP32-IDS-01;29.0;68.0;917;19;3;0.5;normal
1.779.145.700.426;967362;ESP32-IDS-01;28.5;64.8;713;19;1;1.3;normal
1.779.157.840.108;47518;ESP32-IDS-01;30.3;60.9;667;20;8;0.5;dos
1.779.148.899.591;704104;ESP32-IDS-01;28.9;68.5;525;20;0;2.2;normal
1.779.149.331.873;1136399;ESP32-IDS-01;28.9;68.3;610;21;4;2.6;normal
1.779.158.340.247;9036;ESP32-IDS-01;30.4;59.7;2264;25;12;0.54;dos
1.779.145.123.196;390115;ESP32-IDS-01;28.2;69.1;822;18;2;3.3;normal
1.779.156.027.983;22933;ESP32-IDS-01;30.0;60.8;10000;1731;1020;0.16;dos
1.779.156.084.158;86413;ESP32-IDS-01;30.0;62.0;728;23;6;2.67;dos
1779150143.61;1948169;ESP32-IDS-01;28.9;68.0;658;19;2;1.0;dos
1.779.148.369.233;173729;ESP32-IDS-01;28.5;70.1;593;19;1;1.8;normal
1.779.154.554.348;227144;ESP32-IDS-01;30.1;62.2;2697;749;1032;0.5;dos
1.779.149.311.077;1115606;ESP32-IDS-01;28.9;68.3;639;19;3;0.8;normal
1.779.145.883.313;65346;ESP32-IDS-01;28.5;64.8;889;96;116;2.3;normal
1.779.165.245.525;915753;ESP32-IDS-01;30.9;59.6;3455;192;204;2.1;dos
1.779.165.295.184;966962;ESP32-IDS-01;31.0;59.3;836;26;4;5.39;dos
1.779.156.350.379;40639;ESP32-IDS-01;30.0;61.8;1775;47;6;1.8;dos
1.779.165.973.323;79420;ESP32-IDS-01;31.4;57.6;931;19;6;1.97;dos
1.779.148.540.406;344906;ESP32-IDS-01;28.7;69.5;724;20;2;0.4;normal
1.779.145.104.991;371836;ESP32-IDS-01;28.2;69.5;643;42;34;1.0;normal
1.779.145.923.513;105773;ESP32-IDS-01;28.6;66.1;676;21;1;1.6;normal
1.779.157.079.021;225138;ESP32-IDS-01;29.9;62.6;799;32;16;5.7;dos
1.779.146.763.928;139352;ESP32-IDS-01;28.6;64.0;420;20;1;3.1;normal
1.779.145.736.318;23813;ESP32-IDS-01;28.5;64.7;728;22;4;1.3;normal
1.779.167.340.275;376591;ESP32-IDS-01;28.7;52.6;400;516;525;2.1;dos
1.779.146.313.615;256465;ESP32-IDS-01;28.6;63.3;691;19;0;3.1;normal
1.779.148.382.773;187250;ESP32-IDS-01;28.5;70.0;674;26;8;3.5;normal
1.779.148.855.377;659888;ESP32-IDS-01;28.9;68.6;746;20;1;1.4;normal
1.779.146.698.695;74120;ESP32-IDS-01;28.6;63.3;903;19;2;3.5;normal
1.779.157.082.326;228463;ESP32-IDS-01;29.9;62.6;957;28;17;3.39;dos
1.779.154.557.782;236885;ESP32-IDS-01;30.1;62.3;786;24;5;2.74;dos
1.779.154.166.389;294696;ESP32-IDS-01;29.9;62.7;587;24;11;2.7;dos
1779155902.85;30844;ESP32-IDS-01;30.0;60.8;5083;51;20;3.5;dos
1.779.145.857.575;39810;ESP32-IDS-01;28.5;65.5;807;20;1;2.6;normal
1.779.151.296.829;1098892;ESP32-IDS-01;29.9;64.5;598;20;0;2.2;dos
1.779.148.225.402;29862;ESP32-IDS-01;27.9;68.7;876;30;29;2.0;normal
1.779.146.807.362;22787;ESP32-IDS-01;28.6;63.6;463;42;69;0.4;normal
1.779.149.068.461;872979;ESP32-IDS-01;29.0;68.2;958;20;2;1.6;normal
1.779.149.319.232;1123759;ESP32-IDS-01;28.9;68.3;647;20;0;2.8;normal
1.779.156.710.432;392607;ESP32-IDS-01;30.1;61.7;10000;2863;4142;3.0;dos
1.779.158.065.885;214363;ESP32-IDS-01;30.2;61.0;3804;951;1315;3.16;dos
1.779.148.265.815;70307;ESP32-IDS-01;28.1;70.1;993;20;0;2.5;normal
1779145286.52;553437;ESP32-IDS-01;28.3;69.2;756;20;1;1.4;normal
1.779.150.515.607;317619;ESP32-IDS-01;29.1;67.5;772;27;12;2.4;dos
1.779.148.562.745;367249;ESP32-IDS-01;28.7;69.4;649;19;1;1.4;normal
1.779.166.959.427;504461;ESP32-IDS-01;29.0;53.7;428;30;8;10.41;dos
1.779.151.682.409;1484473;ESP32-IDS-01;29.8;64.6;843;24;11;1.69;dos
1.779.145.944.098;126356;ESP32-IDS-01;28.6;63.2;784;21;2;2.0;normal
1.779.148.807.953;612222;ESP32-IDS-01;28.9;68.5;670;100;115;0.5;normal
1779152750.34;225938;ESP32-IDS-01;29.9;63.4;560;403;515;2.0;dos
1779151235.08;1037113;ESP32-IDS-01;29.8;64.8;486;21;4;3.4;dos
1779152490.58;2292535;ESP32-IDS-01;29.9;63.7;1000;69;45;2.0;dos
1779164757.85;427461;ESP32-IDS-01;30.2;62.5;514;34;13;2.25;dos
1.779.149.341.711;1146240;ESP32-IDS-01;29.0;68.2;476;20;1;0.1;normal
1.779.165.782.596;35311;ESP32-IDS-01;31.4;58.0;924;576;1480;4.38;dos
1.779.149.134.105;938621;ESP32-IDS-01;28.9;68.4;632;20;1;0.1;normal
1.779.148.339.429;143903;ESP32-IDS-01;28.4;70.3;553;18;2;0.4;normal
1.779.166.423.384;90066;ESP32-IDS-01;29.8;54.5;376;50;25;7.82;dos
1.779.156.373.404;55648;ESP32-IDS-01;30.1;61.8;602;1333;242;1.86;dos
1.779.151.016.238;818266;ESP32-IDS-01;29.7;65.7;743;28;12;3.69;dos
1.779.149.454.643;1259179;ESP32-IDS-01;28.9;68.2;753;19;1;2.0;normal
1.779.146.387.332;15098;ESP32-IDS-01;28.7;64.1;479;20;0;1.5;normal
1.779.148.828.528;633034;ESP32-IDS-01;28.9;68.6;923;22;3;1.9;normal
1.779.146.662.637;38019;ESP32-IDS-01;28.7;64.6;795;33;20;2.0;normal
1.779.164.844.942;516724;ESP32-IDS-01;30.3;61.9;785;24;12;2.9;dos
1.779.149.575.315;1379851;ESP32-IDS-01;29.1;67.8;439;20;1;2.8;normal
1779152490.05;2291535;ESP32-IDS-01;29.9;63.7;601;217;292;5.06;dos
1.779.156.785.907;460505;ESP32-IDS-01;30.0;62.0;516;9999;0;0.9;dos
1.779.164.668.374;340148;ESP32-IDS-01;29.9;63.8;646;23;7;5.5;dos
1.779.145.371.592;638505;ESP32-IDS-01;28.3;68.5;567;21;2;0.2;normal
1.779.149.549.878;1354390;ESP32-IDS-01;29.0;67.9;924;20;1;0.6;normal
1.779.146.773.749;149174;ESP32-IDS-01;28.6;63.8;744;20;3;3.3;normal
1.779.157.577.586;49592;ESP32-IDS-01;30.2;61.4;820;370;530;1.7;dos
1779149617.4;1421879;ESP32-IDS-01;29.0;67.7;814;20;2;1.4;normal
1.779.145.337.423;604318;ESP32-IDS-01;28.3;68.9;316;20;2;0.5;normal
1.779.165.739.711;1409639;ESP32-IDS-01;31.4;58.2;4598;634;662;2.1;dos
1.779.167.300.968;339848;ESP32-IDS-01;28.7;52.9;312;16;0;4.01;dos
1.779.146.242.156;185004;ESP32-IDS-01;28.6;63.9;929;19;1;0.7;normal
1.779.145.488.118;755034;ESP32-IDS-01;28.3;66.7;472;22;2;2.4;normal
1.779.146.591.808;88396;ESP32-IDS-01;28.6;62.8;830;19;3;1.8;normal
1.779.149.261.169;1065671;ESP32-IDS-01;28.9;68.5;308;19;1;2.6;normal
1.779.145.700.426;967362;ESP32-IDS-01;28.5;64.8;713;19;1;1.3;normal
1.779.166.557.061;102315;ESP32-IDS-01;29.4;55.0;795;20;5;4.52;dos
1779159242.57;53719;ESP32-IDS-01;30.5;60.8;972;39;33;3.56;dos
1.779.154.285.201;80974;ESP32-IDS-01;30.0;62.5;728;23;4;1.3;dos
1.779.146.556.135;52722;ESP32-IDS-01;28.6;64.0;933;20;1;0.3;normal
1.779.152.622.411;99190;ESP32-IDS-01;29.9;63.5;314;22;8;2.6;dos
1.779.148.940.004;744519;ESP32-IDS-01;28.9;68.5;728;20;1;0.4;normal
1.779.150.869.053;640806;ESP32-IDS-01;29.5;66.2;690;9999;0;0.7;dos
1.779.145.860.814;43052;ESP32-IDS-01;28.5;64.8;455;19;2;2.9;normal
1.779.151.488.025;1290080;ESP32-IDS-01;30.0;64.0;943;25;8;0.8;dos
1.779.149.154.452;958960;ESP32-IDS-01;28.8;68.5;496;23;9;3.2;normal
1.779.159.133.091;67144;ESP32-IDS-01;30.5;60.7;10000;3128;3180;1.76;dos
1.779.145.231.171;498089;ESP32-IDS-01;28.3;71.5;536;19;0;0.2;normal
1.779.165.954.776;38430;ESP32-IDS-01;31.4;57.6;655;9999;0;2.5;dos
1.779.145.586.805;853729;ESP32-IDS-01;28.4;66.2;913;21;0;0.7;normal
1.779.145.482.814;749419;ESP32-IDS-01;28.3;68.7;629;126;159;2.2;normal
1.779.165.470.487;1141899;ESP32-IDS-01;31.1;59.1;1161;142;144;1.66;dos
1.779.148.889.643;694133;ESP32-IDS-01;28.9;68.5;465;19;0;0.6;normal
1.779.148.479.313;283784;ESP32-IDS-01;28.7;69.5;730;20;2;1.2;normal
1.779.148.591.864;396361;ESP32-IDS-01;28.8;69.2;400;20;0;1.5;normal
1.779.155.507.611;198362;ESP32-IDS-01;30.0;62.3;560;29;19;2.0;dos
1.779.149.665.844;1470374;ESP32-IDS-01;29.0;67.8;828;20;1;0.5;normal
1.779.165.344.305;1016106;ESP32-IDS-01;31.0;59.3;643;24;5;2.56;dos
1.779.146.138.195;81009;ESP32-IDS-01;28.6;63.9;436;21;3;0.1;normal
1.779.146.273.051;215906;ESP32-IDS-01;28.6;63.9;949;17;1;2.0;normal
1.779.148.569.175;373677;ESP32-IDS-01;28.7;69.4;453;20;0;2.8;normal
1.779.145.480.785;747688;ESP32-IDS-01;28.3;68.7;617;19;2;1.7;normal
1.779.151.409.581;1211623;ESP32-IDS-01;29.9;64.3;333;20;0;1.5;dos
1.779.153.738.417;78335;ESP32-IDS-01;30.0;62.5;8318;390;1037;0.2;dos
1.779.165.428.657;1100470;ESP32-IDS-01;31.1;59.2;962;18;3;1.7;dos
1.779.145.864.337;46569;ESP32-IDS-01;28.5;65.9;993;21;3;3.3;normal
1.779.158.698.496;179982;ESP32-IDS-01;30.1;61.7;385;20;4;1.5;dos
1779146440.34;68109;ESP32-IDS-01;28.7;64.6;848;19;1;0.7;normal
1.779.149.217.445;1020902;ESP32-IDS-01;28.8;68.5;676;375;538;2.6;normal
1779156985.61;131737;ESP32-IDS-01;29.9;62.5;314;25;6;8.97;dos
1.779.149.443.959;1248491;ESP32-IDS-01;28.9;68.2;566;20;4;1.4;normal
1.779.148.566.137;370641;ESP32-IDS-01;28.7;69.4;309;19;1;2.2;normal
1.779.157.981.035;134322;ESP32-IDS-01;30.2;60.9;785;26;2;5.75;dos
1.779.151.469.593;1271662;ESP32-IDS-01;30.0;64.0;684;20;1;1.9;dos
1.779.146.263.303;206147;ESP32-IDS-01;28.6;63.8;748;19;2;2.6;normal
1.779.154.243.419;39181;ESP32-IDS-01;30.0;62.6;314;23;8;1.5;dos
1.779.149.064.813;869333;ESP32-IDS-01;29.0;68.2;836;19;2;1.6;normal
1.779.148.668.153;472633;ESP32-IDS-01;28.9;68.9;704;19;1;3.0;normal
1.779.149.235.562;1038986;ESP32-IDS-01;28.9;68.5;501;387;555;1.3;normal
1.779.149.548.482;1353014;ESP32-IDS-01;29.0;67.9;654;20;0;2.2;normal
1.779.148.468.057;272556;ESP32-IDS-01;28.7;69.5;731;20;4;0.5;normal
1.779.154.607.412;286515;ESP32-IDS-01;30.1;62.3;633;18;2;0.8;dos
1.779.152.656.469;131949;ESP32-IDS-01;29.9;63.5;10000;424;520;2.5;dos
1.779.149.486.062;1290595;ESP32-IDS-01;28.9;68.2;366;20;0;2.8;normal
1779149617.4;1421879;ESP32-IDS-01;29.0;67.7;814;20;2;1.4;normal
1.779.145.168.715;435633;ESP32-IDS-01;28.3;69.4;418;19;2;2.8;normal
1.779.149.265.259;1069782;ESP32-IDS-01;28.9;68.4;516;21;3;0.1;normal
1.779.155.416.663;107403;ESP32-IDS-01;30.0;62.2;701;40;19;2.23;dos
1.779.151.523.347;1325418;ESP32-IDS-01;30.0;64.0;312;20;0;0.7;dos
1.779.145.261.644;528554;ESP32-IDS-01;28.3;68.4;835;21;1;3.3;normal
1.779.158.468.169;89186;ESP32-IDS-01;30.2;61.4;5049;65;27;1.3;dos
1.779.159.464.172;275313;ESP32-IDS-01;30.6;61.1;518;38;17;5.13;dos
1.779.149.437.634;1242163;ESP32-IDS-01;28.9;68.2;805;20;2;0.6;normal
1.779.149.395.738;1200265;ESP32-IDS-01;29.0;68.1;332;21;1;0.7;normal
1.779.148.985.436;789952;ESP32-IDS-01;28.9;68.4;643;20;0;1.2;normal
1.779.166.232.743;86931;ESP32-IDS-01;31.0;55.3;10000;403;535;0.9;dos
1.779.148.921.207;725722;ESP32-IDS-01;28.9;68.5;362;20;1;1.8;normal
1779157886.81;40103;ESP32-IDS-01;30.3;60.8;314;24;11;1.5;dos
1.779.148.614.242;418746;ESP32-IDS-01;28.8;69.1;958;20;0;0.9;normal
1.779.159.811.647;64521;ESP32-IDS-01;30.7;61.1;7242;56;16;2.4;dos
1.779.148.604.242;408701;ESP32-IDS-01;28.8;69.2;524;34;21;1.2;normal
1.779.165.317.544;974064;ESP32-IDS-01;31.0;59.3;417;9999;0;0.9;dos
1.779.148.793.368;597866;ESP32-IDS-01;28.9;68.5;341;24;3;1.8;normal
1.779.165.342.788;1013514;ESP32-IDS-01;31.0;59.3;655;33;29;1.9;dos
1.779.156.808.561;501113;ESP32-IDS-01;30.0;62.2;420;36;4;3.1;dos
1779159054.84;137262;ESP32-IDS-01;30.5;60.6;998;31;20;4.21;dos
1.779.148.546.912;351198;ESP32-IDS-01;28.7;69.5;443;91;107;2.5;normal
1.779.149.054.602;859117;ESP32-IDS-01;29.0;68.2;482;20;1;1.7;normal
1.779.158.875.719;47640;ESP32-IDS-01;30.4;61.0;965;28;10;2.3;dos
1.779.149.015.788;820306;ESP32-IDS-01;29.0;68.2;421;19;1;2.5;normal
1.779.148.635.939;440446;ESP32-IDS-01;28.8;69.0;873;19;1;0.6;normal
1.779.166.285.829;142220;ESP32-IDS-01;30.8;54.6;601;37;30;2.16;dos
1.779.151.506.346;1308425;ESP32-IDS-01;30.0;64.0;785;17;0;0.2;dos
1.779.148.243.813;48306;ESP32-IDS-01;28.0;69.6;385;19;4;1.5;normal
1.779.148.818.014;622496;ESP32-IDS-01;28.9;68.5;382;30;7;2.9;normal
1.779.145.485.771;752690;ESP32-IDS-01;28.3;66.4;446;20;0;3.2;normal
1.779.148.456.307;260807;ESP32-IDS-01;28.7;69.6;427;19;2;2.8;normal
1.779.156.630.606;323172;ESP32-IDS-01;30.1;61.7;723;25;2;3.1;dos
1.779.151.753.872;1527827;ESP32-IDS-01;29.8;64.5;702;430;610;2.72;dos
1.779.156.798.065;485829;ESP32-IDS-01;30.0;62.0;1241;560;753;3.91;dos
1.779.151.583.593;1385671;ESP32-IDS-01;29.9;64.2;330;18;2;0.6;dos
1.779.150.425.354;227217;ESP32-IDS-01;28.8;68.0;5079;58;34;3.3;dos
1.779.155.140.758;408884;ESP32-IDS-01;30.0;62.2;955;21;3;5.99;dos
1.779.149.681.135;1485677;ESP32-IDS-01;29.0;67.8;885;19;2;3.0;normal
1.779.145.146.092;413004;ESP32-IDS-01;28.2;69.4;637;20;0;0.3;normal
1.779.149.218.813;1023312;ESP32-IDS-01;28.8;68.5;350;20;1;3.2;normal
1.779.151.576.934;1379006;ESP32-IDS-01;29.9;64.2;711;20;0;3.5;dos
1.779.155.862.137;140212;ESP32-IDS-01;30.0;62.2;995;39;26;7.23;dos
1.779.164.471.708;143489;ESP32-IDS-01;29.6;64.7;360;19;1;1.5;dos
1.779.145.955.915;138178;ESP32-IDS-01;28.6;62.8;410;20;2;1.8;normal
1.779.151.474.256;1276302;ESP32-IDS-01;30.0;64.0;405;27;13;0.6;dos
1.779.149.031.111;835625;ESP32-IDS-01;29.0;68.2;486;21;0;1.8;normal
1.779.145.357.635;624555;ESP32-IDS-01;28.3;68.7;973;20;0;2.3;normal
1.779.158.071.464;224727;ESP32-IDS-01;30.3;60.8;747;33;17;3.94;dos
1.779.148.851.502;656012;ESP32-IDS-01;28.9;68.6;551;20;0;2.8;normal
1.779.149.709.109;1513652;ESP32-IDS-01;29.0;67.9;687;19;1;0.8;normal
1.779.158.513.478;134585;ESP32-IDS-01;30.2;61.5;590;33;18;9.88;dos
1.779.154.839.674;100733;ESP32-IDS-01;30.1;62.3;560;154;206;3.19;dos
1.779.152.655.011;115540;ESP32-IDS-01;29.9;63.5;10000;9999;0;3.29;dos
1.779.149.745.615;1550113;ESP32-IDS-01;29.0;67.9;305;34;21;2.2;normal
1.779.146.721.072;96498;ESP32-IDS-01;28.6;64.8;750;19;0;2.3;normal
1.779.165.248.219;920015;ESP32-IDS-01;30.9;59.5;1252;23;11;4.3;dos
1779150133.47;1938028;ESP32-IDS-01;28.9;67.9;615;19;3;0.3;dos
1.779.146.310.856;253674;ESP32-IDS-01;28.6;63.3;842;21;5;1.9;normal
1779154373.6;52721;ESP32-IDS-01;30.0;62.4;4852;25;3;2.4;dos
1.779.145.257.274;524183;ESP32-IDS-01;28.2;68.2;751;23;3;2.5;normal
1.779.145.553.922;820849;ESP32-IDS-01;28.4;67.7;384;20;1;1.6;normal
1.779.158.113.624;266912;ESP32-IDS-01;30.3;60.7;518;29;18;3.2;dos
1.779.145.517.349;784272;ESP32-IDS-01;28.4;68.5;639;21;1;2.1;normal
1.779.165.791.261;45667;ESP32-IDS-01;31.4;58.0;593;24;3;0.7;dos
1779165382.49;1053870;ESP32-IDS-01;31.0;59.2;3433;166;363;2.5;dos
1779156447.34;139852;ESP32-IDS-01;30.0;61.7;993;32;6;8.34;dos
1.779.148.584.638;389147;ESP32-IDS-01;28.7;69.4;844;18;2;3.2;normal
1.779.148.379.009;183451;ESP32-IDS-01;28.5;70.0;909;30;30;0.9;normal
1.779.148.667.428;471929;ESP32-IDS-01;28.9;68.9;354;20;1;2.2;normal
1.779.145.534.564;801492;ESP32-IDS-01;28.4;71.1;520;20;2;1.0;normal
1.779.150.129.034;1933584;ESP32-IDS-01;28.9;67.9;917;21;5;3.3;dos
1.779.165.884.487;138901;ESP32-IDS-01;31.5;57.5;455;21;6;5.1;dos
1.779.149.240.143;1044668;ESP32-IDS-01;28.9;68.5;593;20;1;1.2;normal
1.779.146.072.296;15134;ESP32-IDS-01;28.5;63.0;479;20;1;1.5;normal
1.779.145.658.523;925452;ESP32-IDS-01;28.4;64.7;318;20;0;0.3;normal
1.779.155.325.733;16446;ESP32-IDS-01;30.0;62.3;314;46;44;1.5;dos
1.779.153.523.141;497929;ESP32-IDS-01;30.0;62.7;895;25;10;2.82;dos
1.779.149.750.637;1555163;ESP32-IDS-01;29.0;67.8;982;23;5;2.9;normal
1.779.146.003.876;186123;ESP32-IDS-01;28.6;64.8;367;17;2;0.2;normal
1.779.145.391.072;657998;ESP32-IDS-01;28.3;68.5;923;18;2;1.9;normal
1.779.146.367.557;49560;ESP32-IDS-01;28.7;65.1;318;20;1;3.1;normal
1.779.156.989.501;135638;ESP32-IDS-01;29.9;62.5;2346;22;8;0.53;dos
1.779.151.525.438;1327482;ESP32-IDS-01;29.9;64.1;625;21;1;3.2;dos
1.779.154.651.857;330960;ESP32-IDS-01;30.0;62.3;1018;30;17;3.78;dos
1.779.145.259.217;526126;ESP32-IDS-01;28.2;68.8;363;19;4;3.4;normal
1.779.151.343.725;1145789;ESP32-IDS-01;29.9;64.4;903;20;0;2.7;dos
1.779.145.244.808;511726;ESP32-IDS-01;28.2;68.6;669;19;2;0.9;normal
1.779.165.031.744;703479;ESP32-IDS-01;30.7;60.4;736;28;5;1.56;dos
1.779.148.518.718;323198;ESP32-IDS-01;28.7;69.5;332;26;9;1.2;normal
1.779.145.974.544;156807;ESP32-IDS-01;28.6;64.4;477;20;1;2.5;normal
1.779.145.677.883;944795;ESP32-IDS-01;28.5;65.0;355;19;3;0.5;normal
1779157927.0;79095;ESP32-IDS-01;30.3;60.8;5420;401;509;1.3;dos
1.779.155.552.283;243026;ESP32-IDS-01;30.0;62.3;762;44;30;3.51;dos
1.779.146.538.688;35274;ESP32-IDS-01;28.6;63.4;995;21;0;2.2;normal
1.779.145.114.353;381266;ESP32-IDS-01;28.2;69.3;764;20;1;2.5;normal
1.779.145.724.608;12107;ESP32-IDS-01;28.5;64.3;474;20;0;1.6;normal
1.779.158.880.881;52848;ESP32-IDS-01;30.5;60.7;1204;23;6;3.23;dos
1.779.146.383.821;11587;ESP32-IDS-01;28.7;65.3;898;20;1;1.5;normal
1.779.165.831.485;85697;ESP32-IDS-01;31.4;57.9;3088;86;12;0.72;dos
1779151286.19;1088231;ESP32-IDS-01;29.9;64.5;785;19;3;0.9;dos
1.779.148.731.956;536462;ESP32-IDS-01;29.0;68.5;549;21;1;0.5;normal
1.779.146.541.629;38215;ESP32-IDS-01;28.6;63.7;481;19;1;2.3;normal
1.779.145.547.181;814101;ESP32-IDS-01;28.4;68.0;643;22;5;1.2;normal
1.779.154.779.391;47440;ESP32-IDS-01;30.0;62.4;801;35;15;6.65;dos
1.779.165.881.272;135659;ESP32-IDS-01;31.4;57.6;807;24;10;3.84;dos
1.779.158.161.546;314831;ESP32-IDS-01;30.4;60.6;906;27;5;1.5;dos
1.779.146.311.442;254291;ESP32-IDS-01;28.6;63.3;617;19;1;0.3;normal
1.779.145.859.873;42130;ESP32-IDS-01;28.5;65.5;601;21;2;0.5;normal
1.779.148.341.846;146251;ESP32-IDS-01;28.4;70.3;998;20;1;1.0;normal
1.779.152.752.769;227285;ESP32-IDS-01;29.9;63.4;1347;56;11;2.5;dos
1.779.154.727.715;402890;ESP32-IDS-01;30.1;62.3;10000;393;548;2.1;dos
1.779.145.270.733;537647;ESP32-IDS-01;28.2;67.6;725;21;2;2.2;normal
1.779.167.527.524;566405;ESP32-IDS-01;28.6;51.7;874;25;20;3.89;dos
1.779.153.746.452;87485;ESP32-IDS-01;30.0;62.5;486;35;27;2.4;dos
1.779.150.249.406;51436;ESP32-IDS-01;28.9;67.9;634;19;1;1.3;dos
1.779.149.640.083;1444624;ESP32-IDS-01;29.0;67.7;508;19;0;2.2;normal
1.779.148.635.939;440446;ESP32-IDS-01;28.8;69.0;873;19;1;0.6;normal
1.779.149.099.186;903682;ESP32-IDS-01;28.9;68.3;519;20;1;1.0;normal
1.779.149.791.177;1595694;ESP32-IDS-01;29.0;67.8;521;20;0;1.0;normal
1.779.152.713.858;190588;ESP32-IDS-01;29.9;63.4;747;31;13;2.6;dos
1779165953.36;38430;ESP32-IDS-01;31.4;57.6;655;9999;0;2.5;dos
1.779.145.683.753;950684;ESP32-IDS-01;28.5;64.8;354;20;0;3.3;normal
1.779.166.266.693;103745;ESP32-IDS-01;30.8;54.6;779;9999;0;1.38;dos
1.779.148.673.701;478199;ESP32-IDS-01;28.9;68.9;739;22;2;2.2;normal
1.779.151.486.659;1288728;ESP32-IDS-01;30.0;64.0;944;19;3;0.7;dos
1779157523.76;90369;ESP32-IDS-01;30.2;61.4;931;29;11;6.27;dos
1779145425.97;692867;ESP32-IDS-01;28.3;70.4;544;20;0;0.7;normal
1.779.151.383.756;1185821;ESP32-IDS-01;29.9;64.3;496;20;0;1.3;dos
1.779.148.606.324;410830;ESP32-IDS-01;28.8;69.1;707;19;3;1.3;normal
1779146066.92;9760;ESP32-IDS-01;28.5;63.7;732;19;1;0.9;normal
1.779.155.010.927;279007;ESP32-IDS-01;30.0;62.5;460;29;10;5.67;dos
1.779.150.432.815;234808;ESP32-IDS-01;28.9;68.0;439;31;10;7.36;dos
1.779.158.117.481;270716;ESP32-IDS-01;30.3;60.7;944;46;40;1.56;dos
1.779.145.152.869;419786;ESP32-IDS-01;28.2;67.5;442;19;3;1.1;normal
1.779.148.262.654;67120;ESP32-IDS-01;28.1;70.1;841;19;4;1.9;normal
1.779.154.255.352;43392;ESP32-IDS-01;30.0;62.6;330;445;638;0.2;dos
1.779.160.082.625;34004;ESP32-IDS-01;30.7;59.9;777;378;1044;2.89;dos
1.779.154.333.687;11767;ESP32-IDS-01;30.0;62.4;965;366;1036;4.44;dos
1.779.145.966.902;149169;ESP32-IDS-01;28.6;64.7;349;19;2;2.9;normal
1.779.150.242.856;44889;ESP32-IDS-01;28.9;67.9;2755;17;0;2.5;dos
1.779.148.436.411;240871;ESP32-IDS-01;28.7;69.6;1000;22;4;1.0;normal
1.779.159.821.481;74486;ESP32-IDS-01;30.7;61.1;602;24;7;1.86;dos
1.779.149.717.449;1521961;ESP32-IDS-01;29.0;67.9;744;21;1;2.5;normal
1.779.149.665.844;1470374;ESP32-IDS-01;29.0;67.8;828;20;1;0.5;normal
1.779.148.889.156;693668;ESP32-IDS-01;28.9;68.5;834;20;0;3.2;normal
1.779.151.100.981;902959;ESP32-IDS-01;29.7;65.4;427;37;29;2.8;dos
1.779.149.635.283;1439788;ESP32-IDS-01;29.0;67.7;736;23;9;3.0;normal
1.779.155.663.792;7310;ESP32-IDS-01;30.0;60.8;626;9999;0;3.3;dos
1.779.149.541.256;1345756;ESP32-IDS-01;29.0;68.0;811;31;33;3.4;normal
1.779.156.224.356;81320;ESP32-IDS-01;30.1;61.9;931;27;14;1.97;dos
1.779.151.986.976;1785720;ESP32-IDS-01;29.8;64.3;3365;402;993;3.4;dos
1.779.150.649.852;451858;ESP32-IDS-01;29.2;67.2;440;30;29;14.36;dos
1.779.148.355.561;160056;ESP32-IDS-01;28.5;70.1;685;20;0;3.0;normal
1.779.148.746.473;550954;ESP32-IDS-01;29.0;68.4;349;20;0;0.2;normal
1.779.146.395.897;23663;ESP32-IDS-01;28.7;62.3;728;20;1;1.3;normal
1.779.157.260.021;86403;ESP32-IDS-01;30.1;62.2;931;39;33;3.05;dos
1.779.146.282.604;225451;ESP32-IDS-01;28.6;64.6;584;19;1;0.6;normal
1779149063.04;867562;ESP32-IDS-01;29.0;68.2;379;19;2;2.2;normal
1.779.145.587.603;854531;ESP32-IDS-01;28.4;66.2;802;20;0;3.2;normal
1.779.146.490.006;117750;ESP32-IDS-01;28.6;64.4;654;21;3;2.4;normal
1.779.167.437.682;476589;ESP32-IDS-01;28.6;52.4;321;18;2;1.5;dos
1.779.151.389.832;1191898;ESP32-IDS-01;29.9;64.3;399;20;0;2.0;dos
1.779.151.391.493;1193555;ESP32-IDS-01;29.9;64.3;926;21;2;2.3;dos
1.779.146.365.224;47252;ESP32-IDS-01;28.7;65.0;873;20;1;1.3;normal
1.779.148.998.034;802525;ESP32-IDS-01;29.0;68.2;369;20;0;2.9;normal
1.779.146.437.604;65173;ESP32-IDS-01;28.7;64.2;604;86;101;2.0;normal
1.779.156.634.115;324091;ESP32-IDS-01;30.1;61.7;919;32;21;7.03;dos
1.779.165.924.024;30058;ESP32-IDS-01;31.5;57.5;3111;36;34;3.72;dos
1.779.145.737.387;24862;ESP32-IDS-01;28.5;65.5;486;20;1;2.4;normal
1.779.145.946.023;128289;ESP32-IDS-01;28.6;65.9;965;19;3;0.2;normal
1.779.145.335.557;602475;ESP32-IDS-01;28.3;68.1;542;21;3;0.2;normal
1.779.145.770.825;58325;ESP32-IDS-01;28.5;64.9;799;20;1;3.2;normal
1.779.150.695.104;497092;ESP32-IDS-01;29.4;66.8;959;29;13;6.21;dos
1.779.145.112.612;379523;ESP32-IDS-01;28.2;69.3;324;20;1;3.3;normal
1.779.149.771.138;1575685;ESP32-IDS-01;29.0;67.8;761;19;1;1.4;normal
1.779.156.540.601;233170;ESP32-IDS-01;30.0;61.7;672;17;3;3.69;dos
1.779.155.276.123;544245;ESP32-IDS-01;30.0;62.3;321;25;14;1.5;dos
1779158294.37;447672;ESP32-IDS-01;30.4;60.9;1151;18;0;1.17;dos
1.779.145.837.193;19430;ESP32-IDS-01;28.5;65.8;655;18;0;2.5;normal
1.779.145.546.708;813458;ESP32-IDS-01;28.4;68.0;688;79;93;0.7;normal
1.779.156.302.177;157939;ESP32-IDS-01;30.0;61.8;1680;406;1018;0.9;dos
1.779.146.194.602;137421;ESP32-IDS-01;28.6;62.9;773;19;1;2.5;normal
1.779.149.301.157;1105416;ESP32-IDS-01;28.9;68.3;419;109;269;1.9;normal
1.779.148.390.286;194785;ESP32-IDS-01;28.6;69.9;648;19;1;2.2;normal
1.779.153.971.355;108339;ESP32-IDS-01;30.0;62.5;808;25;7;1.44;dos
1.779.149.681.135;1485677;ESP32-IDS-01;29.0;67.8;885;19;2;3.0;normal
1.779.146.547.545;44104;ESP32-IDS-01;28.6;64.8;549;29;17;3.4;normal
1.779.145.292.845;559762;ESP32-IDS-01;28.3;69.2;927;19;4;3.2;normal
1.779.146.446.123;73866;ESP32-IDS-01;28.7;64.9;570;20;2;3.3;normal
1779151500.1;1302145;ESP32-IDS-01;30.0;64.0;367;20;1;2.6;dos
1.779.150.244.413;46412;ESP32-IDS-01;28.9;67.9;455;20;0;2.9;dos
1.779.153.384.732;359547;ESP32-IDS-01;30.1;62.6;439;27;15;2.8;dos
1.779.158.374.685;43310;ESP32-IDS-01;30.4;61.0;5750;74;33;1.67;dos
1.779.145.116.893;383775;ESP32-IDS-01;28.2;69.6;598;27;24;2.2;normal
1.779.153.928.754;65706;ESP32-IDS-01;30.0;62.5;1182;57;14;2.15;dos
1.779.155.177.967;443436;ESP32-IDS-01;30.1;62.2;526;63;9;1.5;dos
1779145655.48;922419;ESP32-IDS-01;28.4;66.7;1179;18;1;1.2;normal
1779165433.51;1105233;ESP32-IDS-01;31.1;59.1;2304;23;5;2.6;dos
1.779.145.500.148;767072;ESP32-IDS-01;28.3;68.7;500;21;0;1.0;normal
1.779.149.668.541;1473078;ESP32-IDS-01;29.0;67.8;547;21;1;1.2;normal
1.779.146.241.226;184075;ESP32-IDS-01;28.6;63.9;514;18;2;0.3;normal
1.779.145.402.355;669277;ESP32-IDS-01;28.3;67.5;404;20;0;2.9;normal
1.779.149.369.786;1174317;ESP32-IDS-01;29.0;68.2;771;19;1;2.2;normal
1.779.148.314.855;119352;ESP32-IDS-01;28.3;70.3;428;18;2;3.4;normal
1.779.158.025.339;178534;ESP32-IDS-01;30.2;61.0;933;56;20;0.3;dos
1.779.166.066.985;170969;ESP32-IDS-01;31.5;56.4;933;16;2;1.37;dos
1.779.149.402.381;1206903;ESP32-IDS-01;29.0;68.1;564;22;2;1.9;normal
1779145930.68;112939;ESP32-IDS-01;28.6;64.9;710;21;2;3.0;normal
1.779.159.955.577;88592;ESP32-IDS-01;30.5;61.5;563;26;14;3.08;dos
1.779.155.905.733;38293;ESP32-IDS-01;30.0;62.2;965;23;7;4.44;dos
1.779.145.391.864;658783;ESP32-IDS-01;28.3;68.5;785;19;1;1.2;normal
1.779.165.338.405;1004880;ESP32-IDS-01;31.0;59.3;1308;154;153;1.6;dos
1.779.146.701.245;76476;ESP32-IDS-01;28.6;63.6;842;84;190;0.9;normal
1.779.146.445.523;73296;ESP32-IDS-01;28.7;63.7;903;19;3;3.5;normal
1.779.152.968.504;437797;ESP32-IDS-01;29.9;63.1;10000;1215;804;1.66;dos
1.779.146.382.921;10689;ESP32-IDS-01;28.7;65.3;965;20;1;3.4;normal
1.779.153.094.701;53203;ESP32-IDS-01;29.9;63.1;972;3257;1814;1.5;dos
1.779.146.544.741;41331;ESP32-IDS-01;28.6;62.0;934;19;3;2.5;normal
1.779.148.624.247;428748;ESP32-IDS-01;28.8;69.1;754;21;2;2.3;normal
1779152166.15;1960805;ESP32-IDS-01;29.9;64.3;6172;174;163;1.76;dos
1.779.158.198.773;352070;ESP32-IDS-01;30.3;60.6;2847;23;6;3.15;dos
1.779.148.639.111;443619;ESP32-IDS-01;28.8;69.0;977;19;2;3.0;normal
1.779.154.863.046;122055;ESP32-IDS-01;30.0;62.2;10000;2249;1611;1.37;dos
1.779.159.238.797;49969;ESP32-IDS-01;30.5;60.8;820;23;5;2.92;dos
1.779.145.815.951;31893;ESP32-IDS-01;28.5;66.1;998;23;8;0.2;normal
1.779.148.808.625;613136;ESP32-IDS-01;28.9;68.5;347;19;1;0.1;normal
1.779.146.382.921;10689;ESP32-IDS-01;28.7;65.3;965;20;1;3.4;normal
1.779.145.563.519;830447;ESP32-IDS-01;28.4;68.0;535;20;0;1.9;normal
1.779.146.670.239;45663;ESP32-IDS-01;28.6;63.1;379;19;1;0.3;normal
1.779.151.417.836;1219905;ESP32-IDS-01;29.9;64.3;739;19;2;2.2;dos
1.779.150.125.351;1929874;ESP32-IDS-01;28.9;67.9;844;30;10;0.6;dos
1.779.153.097.531;53203;ESP32-IDS-01;29.9;63.1;972;3257;1814;1.5;dos
1.779.151.273.479;1075541;ESP32-IDS-01;29.9;64.6;760;20;0;2.3;dos
1.779.155.907.807;40351;ESP32-IDS-01;30.0;62.2;686;27;15;3.26;dos
1.779.165.837.605;92013;ESP32-IDS-01;31.4;57.8;480;24;4;0.4;dos
1.779.165.969.687;75765;ESP32-IDS-01;31.4;57.6;463;23;7;0.4;dos
1.779.145.413.502;680425;ESP32-IDS-01;28.3;68.7;810;20;0;2.7;normal
1779148395.19;199653;ESP32-IDS-01;28.6;69.9;306;31;16;2.4;normal
1.779.165.020.697;686479;ESP32-IDS-01;30.6;60.6;592;2011;4325;2.3;dos
1.779.149.252.891;1057416;ESP32-IDS-01;28.9;68.5;524;20;1;3.4;normal
1.779.145.673.451;940374;ESP32-IDS-01;28.4;66.5;732;23;6;1.8;normal
1.779.150.112.831;1917353;ESP32-IDS-01;28.9;67.9;457;21;1;2.2;dos
1.779.154.144.912;277158;ESP32-IDS-01;30.0;62.5;1136;550;1033;3.3;dos
1.779.159.778.137;31154;ESP32-IDS-01;30.8;60.9;2338;18;1;2.23;dos
1.779.151.494.478;1296547;ESP32-IDS-01;30.0;64.0;704;20;0;0.5;dos
1.779.149.469.243;1273775;ESP32-IDS-01;28.9;68.2;774;20;2;2.8;normal
1.779.164.846.418;518156;ESP32-IDS-01;30.4;61.7;963;28;10;3.5;dos
1.779.145.627.199;894104;ESP32-IDS-01;28.4;65.4;935;20;2;0.6;normal
1779153839.27;180377;ESP32-IDS-01;30.0;62.5;529;26;14;3.99;dos
1779167115.83;154693;ESP32-IDS-01;28.8;53.5;903;21;2;3.5;dos
1.779.154.155.142;292175;ESP32-IDS-01;29.9;62.7;436;24;10;2.39;dos
1.779.145.267.555;534420;ESP32-IDS-01;28.2;67.1;447;36;26;2.9;normal
1.779.146.188.116;130962;ESP32-IDS-01;28.6;61.4;970;19;0;0.5;normal
1.779.145.208.811;475495;ESP32-IDS-01;28.3;68.5;370;89;108;1.6;normal
1.779.145.687.057;953986;ESP32-IDS-01;28.4;64.2;575;21;1;1.6;normal
1.779.151.007.068;808229;ESP32-IDS-01;29.6;65.9;1221;315;412;2.2;dos
1.779.166.619.557;152456;ESP32-IDS-01;29.3;54.7;918;9999;0;2.79;dos
1.779.157.211.566;38000;ESP32-IDS-01;30.1;62.3;1152;23;6;3.4;dos
1.779.145.491.232;758158;ESP32-IDS-01;28.3;68.0;818;20;2;1.1;normal
1.779.160.136.371;52546;ESP32-IDS-01;30.7;61.1;820;32;16;2.92;dos
1.779.159.142.833;86248;ESP32-IDS-01;30.5;60.7;1433;18;0;2.0;dos
1.779.145.902.305;84540;ESP32-IDS-01;28.6;65.3;633;20;3;0.8;normal
1.779.145.433.281;700204;ESP32-IDS-01;28.3;71.3;655;20;0;1.7;normal
1.779.151.807.732;1608274;ESP32-IDS-01;29.8;64.5;633;530;752;3.78;dos
1.779.154.708.587;376908;ESP32-IDS-01;30.1;62.3;752;9999;0;4.53;dos
1.779.145.941.393;123656;ESP32-IDS-01;28.6;62.9;990;20;0;1.1;normal
1779148334.38;138880;ESP32-IDS-01;28.4;70.3;420;18;2;3.1;normal
1779160091.65;7835;ESP32-IDS-01;30.7;59.9;626;27;9;4.9;dos
1.779.148.230.825;35317;ESP32-IDS-01;27.9;69.0;995;20;1;2.2;normal
1.779.148.689.965;494451;ESP32-IDS-01;28.9;68.8;561;24;6;2.5;normal
1.779.154.812.883;71065;ESP32-IDS-01;30.0;62.3;10000;9999;0;2.47;dos
1.779.146.063.854;6701;ESP32-IDS-01;28.5;66.1;516;17;2;0.1;normal
1.779.153.167.145;141921;ESP32-IDS-01;29.9;63.2;601;38;18;2.16;dos
1.779.151.548.118;1350188;ESP32-IDS-01;29.9;64.1;554;21;1;1.9;dos
1.779.156.225.352;82278;ESP32-IDS-01;30.1;61.9;958;36;18;1.24;dos
1.779.145.235.193;502081;ESP32-IDS-01;28.3;68.9;850;21;1;3.0;normal
1.779.145.306.515;573433;ESP32-IDS-01;28.3;69.0;944;20;0;0.7;normal
1.779.150.160.935;1965490;ESP32-IDS-01;28.9;68.0;869;20;1;3.4;dos
1.779.167.084.823;123718;ESP32-IDS-01;28.8;53.1;7725;17;1;0.33;dos
1.779.148.757.293;561764;ESP32-IDS-01;28.9;68.5;762;31;11;3.3;normal
1.779.151.581.353;1383429;ESP32-IDS-01;29.9;64.2;872;19;2;2.1;dos
1.779.149.543.888;1348229;ESP32-IDS-01;29.0;68.0;637;20;1;2.4;normal
1.779.146.556.135;52722;ESP32-IDS-01;28.6;64.0;933;20;1;0.3;normal
1.779.149.134.105;938621;ESP32-IDS-01;28.9;68.4;632;20;1;0.1;normal
1.779.167.125.307;164202;ESP32-IDS-01;28.8;53.3;755;19;3;2.6;dos
1.779.148.707.782;512263;ESP32-IDS-01;28.9;68.7;436;20;1;3.0;normal
1779158068.98;222271;ESP32-IDS-01;30.2;61.0;1181;23;3;2.85;dos
1.779.148.291.519;96014;ESP32-IDS-01;28.2;70.4;750;19;2;2.3;normal
1.779.151.287.072;1089136;ESP32-IDS-01;29.9;64.5;562;19;1;2.3;dos
1.779.145.112.612;379523;ESP32-IDS-01;28.2;69.3;324;20;1;3.3;normal
1.779.146.305.232;248081;ESP32-IDS-01;28.6;64.9;646;19;1;1.2;normal
1.779.148.371.505;176001;ESP32-IDS-01;28.5;70.0;471;19;4;0.8;normal
1.779.166.376.874;43621;ESP32-IDS-01;30.0;55.6;479;33;21;1.5;dos
1.779.165.703.987;1375798;ESP32-IDS-01;31.4;58.2;628;26;5;4.38;dos
1.779.165.524.455;1196163;ESP32-IDS-01;31.2;58.8;658;46;36;3.52;dos
1.779.149.214.267;1018790;ESP32-IDS-01;28.8;68.5;442;19;0;1.1;normal
1.779.145.929.036;111274;ESP32-IDS-01;28.6;64.9;387;20;1;0.6;normal
1779148284.01;88503;ESP32-IDS-01;28.2;70.4;830;20;1;1.8;normal
1.779.149.467.209;1271552;ESP32-IDS-01;28.9;68.2;889;83;96;0.5;normal
1779148714.68;519181;ESP32-IDS-01;29.0;68.5;934;22;3;0.3;normal
1.779.148.935.351;739865;ESP32-IDS-01;28.9;68.5;555;20;0;0.4;normal
1.779.148.361.197;165670;ESP32-IDS-01;28.5;70.1;494;18;2;3.4;normal
1.779.151.528.044;1330114;ESP32-IDS-01;29.9;64.1;708;20;0;2.0;dos
1.779.150.115.777;1920306;ESP32-IDS-01;28.9;67.9;363;19;1;3.5;dos
1.779.157.393.091;92573;ESP32-IDS-01;30.1;61.7;876;17;1;3.14;dos
1.779.164.980.371;652098;ESP32-IDS-01;30.6;60.7;646;23;5;2.75;dos
1.779.149.357.568;1162098;ESP32-IDS-01;29.0;68.2;623;19;2;2.0;normal
1.779.166.561.302;106513;ESP32-IDS-01;29.4;55.0;601;36;21;0.5;dos
1.779.154.562.131;241262;ESP32-IDS-01;30.1;62.3;518;19;2;7.06;dos
1.779.167.171.212;210096;ESP32-IDS-01;28.7;53.2;613;21;2;0.3;dos
1.779.148.710.914;515424;ESP32-IDS-01;29.0;68.6;457;19;2;0.5;normal
1.779.149.540.412;1344945;ESP32-IDS-01;29.0;68.0;905;21;1;0.9;normal
1.779.157.079.533;225691;ESP32-IDS-01;29.9;62.6;553;20;5;2.0;dos
1.779.146.591.808;88396;ESP32-IDS-01;28.6;62.8;830;19;3;1.8;normal
1.779.151.439.167;1241235;ESP32-IDS-01;30.0;64.1;363;20;0;3.4;dos
1.779.155.143.598;411605;ESP32-IDS-01;30.1;62.2;634;50;26;5.65;dos
1.779.149.512.737;1317275;ESP32-IDS-01;29.0;68.0;757;19;3;3.3;normal
1.779.152.982.249;458964;ESP32-IDS-01;29.9;61.5;681;34;26;3.1;dos
1779145471.26;738195;ESP32-IDS-01;28.3;68.8;321;17;1;3.2;normal
1779149177.02;981543;ESP32-IDS-01;28.8;68.5;541;20;1;2.2;normal
1.779.146.088.111;30947;ESP32-IDS-01;28.5;64.7;823;21;3;2.9;normal
1.779.157.115.986;228998;ESP32-IDS-01;29.9;62.6;535;9999;0;1.0;dos
1.779.151.238.681;1040717;ESP32-IDS-01;29.8;64.8;675;19;1;1.3;dos
1.779.166.561.767;106980;ESP32-IDS-01;29.4;55.0;467;29;12;6.38;dos
1.779.165.406.874;1063451;ESP32-IDS-01;31.0;59.2;976;9999;0;2.42;dos
1.779.155.500.996;191674;ESP32-IDS-01;30.0;62.2;535;25;12;2.87;dos
1779154144.76;277158;ESP32-IDS-01;30.0;62.5;1136;550;1033;3.3;dos
1.779.158.068.816;221090;ESP32-IDS-01;30.2;61.0;799;358;1021;3.2;dos
1.779.164.805.188;476959;ESP32-IDS-01;30.3;62.1;315;22;5;2.4;dos
1.779.149.016.649;820995;ESP32-IDS-01;29.0;68.2;305;77;87;0.3;normal
1.779.151.375.713;1177754;ESP32-IDS-01;29.9;64.3;592;19;3;2.8;dos
1.779.148.921.207;725722;ESP32-IDS-01;28.9;68.5;362;20;1;1.8;normal
1779149671.47;1476014;ESP32-IDS-01;29.0;67.8;566;18;2;3.1;normal
1.779.159.824.281;77289;ESP32-IDS-01;30.7;61.1;1236;24;11;2.11;dos
1.779.150.289.905;89107;ESP32-IDS-01;28.9;67.9;4466;959;2725;0.8;dos
1.779.148.374.106;178602;ESP32-IDS-01;28.5;70.0;395;20;0;0.5;normal
1.779.148.810.523;615039;ESP32-IDS-01;28.9;68.5;533;18;2;0.8;normal
1.779.145.416.212;683134;ESP32-IDS-01;28.3;68.7;862;20;0;0.4;normal
1.779.166.422.955;89690;ESP32-IDS-01;29.8;54.5;463;20;5;0.4;dos
1.779.148.308.329;112821;ESP32-IDS-01;28.3;70.3;710;20;2;3.0;normal
1.779.159.099.552;42944;ESP32-IDS-01;30.4;60.8;732;16;0;6.36;dos
1.779.165.246.794;917484;ESP32-IDS-01;30.9;59.6;1731;387;527;1.08;dos
1779155188.27;456374;ESP32-IDS-01;30.0;62.3;653;27;16;2.5;dos
1.779.149.146.516;951042;ESP32-IDS-01;28.9;68.4;435;19;2;1.7;normal
1.779.145.166.831;433746;ESP32-IDS-01;28.3;71.9;707;20;0;3.1;normal
1.779.148.371.505;176001;ESP32-IDS-01;28.5;70.0;471;19;4;0.8;normal
1.779.148.320.135;124580;ESP32-IDS-01;28.4;70.3;345;36;45;2.1;normal
1.779.149.069.497;874020;ESP32-IDS-01;29.0;68.2;355;18;0;0.8;normal
1.779.155.949.849;82389;ESP32-IDS-01;30.0;62.2;463;29;39;6.88;dos
1779151359.47;1161508;ESP32-IDS-01;29.9;64.4;453;20;0;0.3;dos
1.779.149.129.651;934167;ESP32-IDS-01;28.9;68.4;985;20;0;3.1;normal
1.779.145.720.787;8114;ESP32-IDS-01;28.5;67.1;777;79;90;1.6;normal
1779167392.29;431052;ESP32-IDS-01;28.6;52.4;595;53;14;2.18;dos
1.779.145.603.259;870185;ESP32-IDS-01;28.4;68.0;780;20;3;0.7;normal
1.779.146.012.001;194263;ESP32-IDS-01;28.6;63.9;738;20;1;2.8;normal
1.779.166.104.239;208262;ESP32-IDS-01;31.6;57.7;4382;34;17;3.23;dos
1.779.158.699.476;180953;ESP32-IDS-01;30.1;61.7;971;24;10;4.13;dos
1779149546.25;1350585;ESP32-IDS-01;29.0;68.0;571;87;101;0.7;normal
1.779.152.570.431;44523;ESP32-IDS-01;29.9;63.5;1310;69;26;3.66;dos
1.779.165.027.629;699413;ESP32-IDS-01;30.7;60.4;956;17;0;4.55;dos
1.779.146.526.984;23474;ESP32-IDS-01;28.6;63.5;376;20;0;2.5;normal
1.779.148.378.051;182542;ESP32-IDS-01;28.5;70.0;897;21;2;2.8;normal
1.779.166.728.494;269615;ESP32-IDS-01;29.3;52.4;6069;529;575;0.3;dos
1.779.146.340.211;22041;ESP32-IDS-01;28.6;62.3;358;20;1;1.7;normal
1.779.145.929.975;112229;ESP32-IDS-01;28.6;64.9;955;20;5;1.8;normal
1.779.146.398.448;26214;ESP32-IDS-01;28.7;63.6;931;20;1;0.9;normal
1.779.146.500.832;128594;ESP32-IDS-01;28.6;64.4;468;22;8;2.6;normal
1.779.151.288.519;1090576;ESP32-IDS-01;29.9;64.5;743;22;6;2.6;dos
1.779.148.687.744;492252;ESP32-IDS-01;28.9;68.8;466;19;1;2.6;normal
1.779.159.770.523;20176;ESP32-IDS-01;30.8;59.6;1483;82;37;3.97;dos
1.779.145.434.619;701542;ESP32-IDS-01;28.3;71.3;910;20;0;2.7;normal
1.779.146.516.017;12600;ESP32-IDS-01;28.6;63.2;474;21;1;1.6;normal
1.779.158.065.996;214363;ESP32-IDS-01;30.2;61.0;3804;951;1315;3.16;dos
1.779.145.737.931;25433;ESP32-IDS-01;28.5;65.5;571;20;1;0.5;normal
1.779.148.489.924;294422;ESP32-IDS-01;28.7;69.5;936;20;0;3.0;normal
1.779.153.109.384;72156;ESP32-IDS-01;29.9;63.1;10000;9999;0;1.75;dos
1.779.145.251.932;518847;ESP32-IDS-01;28.3;68.9;466;20;0;2.6;normal
1.779.145.699.156;966066;ESP32-IDS-01;28.5;64.8;484;20;1;2.2;normal
1.779.165.384.296;1056087;ESP32-IDS-01;31.0;59.2;324;26;13;3.3;dos
1.779.151.468.924;1270978;ESP32-IDS-01;30.0;64.0;556;25;13;1.7;dos
1.779.149.039.303;843798;ESP32-IDS-01;29.0;68.2;936;19;2;1.2;normal
1.779.155.563.538;243652;ESP32-IDS-01;30.0;62.3;626;9999;0;4.9;dos
1.779.145.401.962;668873;ESP32-IDS-01;28.3;67.5;795;21;0;3.2;normal
1.779.146.016.524;198788;ESP32-IDS-01;28.6;61.8;643;20;1;0.5;normal
1.779.150.126.585;1931142;ESP32-IDS-01;28.9;67.9;836;19;3;1.4;dos
1.779.149.726.876;1531350;ESP32-IDS-01;29.0;67.9;356;38;60;1.1;normal
1.779.145.422.897;689817;ESP32-IDS-01;28.3;68.8;933;20;1;2.9;normal
1.779.154.416.212;92017;ESP32-IDS-01;30.0;62.4;2573;781;2183;3.29;dos
1.779.149.466.133;1270663;ESP32-IDS-01;28.9;68.2;482;20;1;1.5;normal
1.779.165.976.393;82486;ESP32-IDS-01;31.4;57.7;876;20;5;2.0;dos
1.779.151.420.093;1222158;ESP32-IDS-01;29.9;64.3;411;20;0;2.7;dos
1.779.154.953.782;220708;ESP32-IDS-01;30.0;62.5;3468;62;26;2.89;dos
1.779.146.230.653;173500;ESP32-IDS-01;28.6;63.3;593;19;2;1.8;normal
1.779.158.194.351;347505;ESP32-IDS-01;30.3;60.6;2947;65;33;1.24;dos
1.779.148.928.677;733191;ESP32-IDS-01;28.9;68.5;900;20;2;2.0;normal
1.779.152.097.245;1889731;ESP32-IDS-01;29.9;64.4;420;9999;0;2.4;dos
1.779.151.896.055;1696660;ESP32-IDS-01;29.8;64.4;675;487;626;1.2;dos
1.779.145.639.332;906264;ESP32-IDS-01;28.4;66.4;1000;20;1;1.0;normal
1.779.153.154.841;128568;ESP32-IDS-01;29.9;63.1;995;376;876;7.23;dos
1.779.158.462.816;67849;ESP32-IDS-01;30.2;61.4;10000;9999;0;0.47;dos
1.779.146.188.116;130962;ESP32-IDS-01;28.6;61.4;970;19;0;0.5;normal
1.779.159.410.359;210888;ESP32-IDS-01;30.5;61.2;10000;9999;0;2.95;dos
1.779.158.466.739;84137;ESP32-IDS-01;30.2;61.4;10000;597;396;2.56;dos
1.779.148.901.217;705726;ESP32-IDS-01;28.9;68.5;941;20;1;3.3;normal
1.779.156.892.606;38573;ESP32-IDS-01;30.0;61.0;4806;75;15;1.81;dos
1.779.154.021.023;158051;ESP32-IDS-01;30.0;62.5;993;23;6;5.31;dos
1.779.145.557.711;824636;ESP32-IDS-01;28.4;67.2;344;21;0;3.1;normal
1.779.145.925.929;108169;ESP32-IDS-01;28.6;64.6;752;19;1;3.2;normal
1.779.145.656.167;923092;ESP32-IDS-01;28.4;66.7;673;22;1;1.3;normal
1.779.151.448.702;1250770;ESP32-IDS-01;30.0;64.1;793;20;0;0.9;dos
1.779.149.314.676;1119200;ESP32-IDS-01;28.9;68.3;600;21;2;0.3;normal
1779145689.18;956088;ESP32-IDS-01;28.5;64.2;495;20;1;3.3;normal
1.779.154.011.414;143523;ESP32-IDS-01;30.0;62.5;10000;1328;2303;2.08;dos
1.779.155.274.012;542110;ESP32-IDS-01;30.0;62.3;440;24;6;3.0;dos
1.779.148.674.406;478889;ESP32-IDS-01;28.9;68.9;690;19;4;1.1;normal
1.779.159.855.042;88024;ESP32-IDS-01;30.7;61.1;7789;9999;0;0.53;dos
1.779.148.306.686;111156;ESP32-IDS-01;28.3;70.3;387;20;1;0.6;normal
1.779.148.361.901;166392;ESP32-IDS-01;28.5;70.1;722;20;1;0.8;normal
1779149496.39;1300882;ESP32-IDS-01;28.9;68.2;838;20;0;0.3;normal
1.779.152.484.733;2286812;ESP32-IDS-01;29.9;63.8;2242;25;20;3.75;dos
1.779.166.472.891;15619;ESP32-IDS-01;29.6;54.3;479;55;48;3.59;dos
1.779.152.041.119;1843161;ESP32-IDS-01;29.8;64.3;983;28;11;1.92;dos
1.779.164.895.017;566794;ESP32-IDS-01;30.5;61.3;846;26;10;3.98;dos
1.779.145.767.033;54535;ESP32-IDS-01;28.5;65.1;873;21;1;0.8;normal
1.779.148.802.328;606839;ESP32-IDS-01;28.9;68.5;423;20;0;2.1;normal
1.779.155.050.017;317032;ESP32-IDS-01;30.0;62.4;6093;377;535;0.56;dos
1.779.149.318.611;1123112;ESP32-IDS-01;28.9;68.3;805;29;13;0.2;normal
1.779.146.262.555;205399;ESP32-IDS-01;28.6;63.8;952;19;1;2.4;normal
1.779.166.018.266;124238;ESP32-IDS-01;31.5;57.5;807;43;63;5.08;dos
1.779.149.112.124;916629;ESP32-IDS-01;28.9;68.3;379;25;11;1.6;normal
1.779.148.627.573;432079;ESP32-IDS-01;28.8;69.1;610;20;1;1.6;normal
1.779.148.386.121;190611;ESP32-IDS-01;28.5;70.0;784;21;1;0.8;normal
1.779.146.344.731;26761;ESP32-IDS-01;28.7;65.3;931;20;1;0.9;normal
1.779.148.821.555;626067;ESP32-IDS-01;28.9;68.6;947;19;4;0.8;normal
1.779.146.252.953;195772;ESP32-IDS-01;28.6;65.4;914;20;2;0.4;normal
1.779.152.894.124;370757;ESP32-IDS-01;29.9;63.2;976;72;82;3.5;dos
1.779.154.798.799;56107;ESP32-IDS-01;30.0;62.3;563;3263;1815;1.3;dos
1.779.159.962.262;95277;ESP32-IDS-01;30.5;61.5;823;23;6;4.12;dos
1.779.148.600.614;405092;ESP32-IDS-01;28.8;69.2;657;20;0;2.4;normal
1.779.150.059.078;1863631;ESP32-IDS-01;29.0;67.7;990;20;1;1.8;dos
1779153022.88;497264;ESP32-IDS-01;29.9;63.1;3119;149;159;0.9;dos
1779145755.04;42519;ESP32-IDS-01;28.5;64.9;455;20;0;2.9;normal
1.779.151.406.962;1209028;ESP32-IDS-01;29.9;64.3;368;20;1;2.3;dos
1.779.149.331.873;1136399;ESP32-IDS-01;28.9;68.3;610;21;4;2.6;normal
1779154275.63;66778;ESP32-IDS-01;30.0;62.6;10000;1547;2988;2.5;dos
1.779.149.610.494;1415007;ESP32-IDS-01;29.1;67.7;346;20;0;1.0;normal
1.779.145.260.824;527719;ESP32-IDS-01;28.3;68.4;453;19;1;1.1;normal
1.779.145.960.656;142922;ESP32-IDS-01;28.6;63.3;921;19;1;1.1;normal
1.779.151.861.482;1663529;ESP32-IDS-01;29.8;64.4;632;31;21;3.78;dos
1.779.156.170.827;23131;ESP32-IDS-01;30.0;60.6;2405;572;1039;3.3;dos
1.779.145.964.754;147017;ESP32-IDS-01;28.6;62.3;648;19;1;2.4;normal
1779145376.82;643742;ESP32-IDS-01;28.3;68.5;730;20;0;1.2;normal
1.779.149.565.664;1370027;ESP32-IDS-01;29.1;67.8;828;77;86;1.6;normal
1779148290.77;95264;ESP32-IDS-01;28.2;70.4;439;19;1;2.8;normal
1.779.145.865.197;47442;ESP32-IDS-01;28.5;65.9;873;23;8;1.3;normal
1.779.165.598.169;1245251;ESP32-IDS-01;31.3;58.5;1411;9999;0;4.11;dos
1.779.156.716.117;408617;ESP32-IDS-01;30.1;61.7;654;34;24;2.4;dos
1.779.159.413.325;224530;ESP32-IDS-01;30.5;61.2;2782;23;6;0.66;dos
1.779.146.424.969;52712;ESP32-IDS-01;28.7;64.9;529;20;0;2.1;normal
1.779.145.303.707;570595;ESP32-IDS-01;28.3;69.0;813;22;5;0.6;normal
1.779.158.470.316;90235;ESP32-IDS-01;30.2;61.4;486;419;1161;2.4;dos
1.779.149.775.437;1579957;ESP32-IDS-01;29.0;67.8;957;28;17;2.0;normal
1.779.152.774.336;239945;ESP32-IDS-01;29.9;63.4;762;9999;0;2.2;dos
1.779.146.556.135;52722;ESP32-IDS-01;28.6;64.0;933;20;1;0.3;normal
1779146717.17;92596;ESP32-IDS-01;28.6;62.7;724;19;1;2.4;normal
1.779.159.774.449;27444;ESP32-IDS-01;30.7;61.0;965;28;9;4.44;dos
1.779.145.727.162;14665;ESP32-IDS-01;28.5;63.6;593;20;0;0.7;normal
1.779.158.558.991;39316;ESP32-IDS-01;30.2;61.5;1272;402;497;4.09;dos
1.779.157.033.606;179764;ESP32-IDS-01;30.0;62.4;385;26;12;6.69;dos
1.779.154.723.591;388254;ESP32-IDS-01;30.1;62.3;10000;9999;0;0.39;dos
1.779.154.640.538;319569;ESP32-IDS-01;30.1;62.3;10000;49;13;0.3;dos
1.779.153.386.194;361020;ESP32-IDS-01;30.1;62.6;723;21;7;4.48;dos
1779156089.67;91880;ESP32-IDS-01;30.0;61.9;1206;26;9;3.63;dos
1.779.149.231.608;1036135;ESP32-IDS-01;28.9;68.5;662;19;2;1.8;normal
1.779.154.599.048;278159;ESP32-IDS-01;30.1;62.3;833;20;4;7.3;dos
1.779.148.873.254;677763;ESP32-IDS-01;28.9;68.5;711;20;1;2.2;normal
1.779.148.426.589;231088;ESP32-IDS-01;28.7;69.7;633;19;2;2.2;normal
1.779.146.443.873;71638;ESP32-IDS-01;28.7;63.7;518;21;3;3.2;normal
1.779.155.782.942;53523;ESP32-IDS-01;30.0;62.2;820;361;514;4.14;dos
1.779.149.578.988;1383527;ESP32-IDS-01;29.1;67.8;675;19;1;1.9;normal
1779158514.31;135392;ESP32-IDS-01;30.2;61.5;807;27;15;2.6;dos
1.779.152.657.742;133399;ESP32-IDS-01;29.9;63.5;1450;378;522;0.5;dos
1.779.148.651.398;455880;ESP32-IDS-01;28.9;69.0;420;20;1;3.2;normal
1.779.166.096.092;201513;ESP32-IDS-01;31.5;57.6;1402;214;179;1.51;dos
1.779.145.606.529;873456;ESP32-IDS-01;28.4;67.3;964;21;1;0.5;normal
1779149115.29;919813;ESP32-IDS-01;28.9;68.3;691;19;2;2.5;normal
1.779.150.740.019;535637;ESP32-IDS-01;29.4;66.6;1367;476;610;3.73;dos
1779146800.43;15885;ESP32-IDS-01;28.6;64.4;801;24;5;2.9;normal
1.779.149.784.021;1588042;ESP32-IDS-01;29.0;67.8;810;88;13;0.7;normal
1.779.146.496.764;124535;ESP32-IDS-01;28.6;63.2;345;20;0;2.1;normal
1.779.166.199.214;55639;ESP32-IDS-01;31.0;54.7;358;21;6;7.29;dos
1.779.150.565.603;367561;ESP32-IDS-01;29.2;67.2;681;33;20;4.57;dos
1.779.146.305.232;248081;ESP32-IDS-01;28.6;64.9;646;19;1;1.2;normal
1779149617.4;1421879;ESP32-IDS-01;29.0;67.7;814;20;2;1.4;normal
1.779.145.684.949;951696;ESP32-IDS-01;28.5;65.0;487;82;93;2.9;normal
1.779.148.858.131;662647;ESP32-IDS-01;28.9;68.6;456;19;3;1.6;normal
1.779.145.526.479;793403;ESP32-IDS-01;28.4;68.8;377;20;0;2.0;normal
1.779.148.479.313;283784;ESP32-IDS-01;28.7;69.5;730;20;2;1.2;normal
1.779.148.314.855;119352;ESP32-IDS-01;28.3;70.3;428;18;2;3.4;normal
1.779.149.184.395;988920;ESP32-IDS-01;28.8;68.5;1260;19;2;0.3;normal
1.779.156.442.769;133980;ESP32-IDS-01;30.1;61.7;1407;468;885;2.81;dos
1.779.149.091.723;896242;ESP32-IDS-01;28.9;68.3;374;20;0;1.6;normal
1.779.151.363.189;1165254;ESP32-IDS-01;29.9;64.4;473;20;0;0.1;dos
1.779.155.458.904;149669;ESP32-IDS-01;30.0;62.3;529;26;13;3.99;dos
1.779.149.125.901;930396;ESP32-IDS-01;28.9;68.3;495;20;0;3.3;normal
1.779.145.484.563;751483;ESP32-IDS-01;28.3;66.4;722;21;3;3.1;normal
1779153949.26;69908;ESP32-IDS-01;30.0;62.5;571;9999;0;4.0;dos
1.779.154.644.516;323620;ESP32-IDS-01;30.1;62.3;830;32;13;9.03;dos
1.779.145.558.653;825581;ESP32-IDS-01;28.4;67.2;945;20;0;2.8;normal
1.779.166.282.186;138502;ESP32-IDS-01;30.8;54.6;481;62;28;2.3;dos
1.779.155.729.961;8087;ESP32-IDS-01;30.0;60.7;777;24;4;2.89;dos
1.779.146.529.239;25822;ESP32-IDS-01;28.6;62.5;571;20;0;0.5;normal
1.779.158.773.886;22272;ESP32-IDS-01;30.2;61.5;10000;9999;0;3.4;dos
1.779.151.265.506;1067498;ESP32-IDS-01;29.9;64.7;988;35;22;2.2;dos
1.779.164.712.485;384223;ESP32-IDS-01;30.0;63.2;1215;32;6;2.62;dos
1.779.145.186.916;453816;ESP32-IDS-01;28.3;69.2;935;20;1;2.8;normal
1.779.159.538.025;341260;ESP32-IDS-01;30.6;61.0;10000;9999;0;3.36;dos
1.779.146.776.686;152098;ESP32-IDS-01;28.6;64.1;321;24;7;1.5;normal
1.779.145.808.768;24696;ESP32-IDS-01;28.5;64.5;486;19;1;2.4;normal
1.779.145.095.137;362050;ESP32-IDS-01;28.2;69.8;691;20;0;1.9;normal
1.779.155.360.342;50985;ESP32-IDS-01;30.0;62.3;1363;61;20;1.73;dos
1779151905.61;1707663;ESP32-IDS-01;29.8;64.2;766;23;5;0.6;dos
1.779.146.220.031;162880;ESP32-IDS-01;28.6;64.0;620;18;2;1.5;normal
1.779.164.751.932;421461;ESP32-IDS-01;30.2;62.8;2149;415;522;0.67;dos
1.779.149.404.972;1209507;ESP32-IDS-01;29.0;68.1;426;18;2;1.4;normal
1.779.149.670.906;1475448;ESP32-IDS-01;29.0;67.8;761;19;2;1.4;normal
1779148539.68;344182;ESP32-IDS-01;28.7;69.5;470;19;2;1.3;normal
1.779.146.242.156;185004;ESP32-IDS-01;28.6;63.9;929;19;1;0.7;normal
1.779.146.485.007;112776;ESP32-IDS-01;28.6;62.6;710;20;0;3.0;normal
1.779.151.145.436;945852;ESP32-IDS-01;29.8;65.1;5138;565;1439;0.59;dos
1.779.150.806.277;595310;ESP32-IDS-01;29.5;66.2;674;9999;0;4.98;dos
1779145555.87;822796;ESP32-IDS-01;28.4;68.0;358;20;0;3.0;normal
1.779.148.498.509;302982;ESP32-IDS-01;28.7;69.5;743;21;1;0.2;normal
1.779.146.113.405;56217;ESP32-IDS-01;28.5;64.1;581;20;1;2.9;normal
1.779.151.992.975;1795039;ESP32-IDS-01;29.8;64.4;777;23;9;1.49;dos
1.779.158.430.412;51530;ESP32-IDS-01;30.2;61.4;956;30;17;2.05;dos
1.779.149.179.081;983579;ESP32-IDS-01;28.8;68.5;602;20;0;1.3;normal
1.779.146.720.476;95748;ESP32-IDS-01;28.6;64.8;439;71;78;2.8;normal
1.779.145.317.631;584549;ESP32-IDS-01;28.3;68.4;926;21;1;3.2;normal
1.779.153.556.639;531274;ESP32-IDS-01;30.0;62.7;8929;51;29;1.81;dos
1.779.151.592.207;1394255;ESP32-IDS-01;29.9;64.2;527;20;0;0.2;dos
1.779.145.985.001;167269;ESP32-IDS-01;28.6;64.4;759;19;2;1.9;normal
1.779.167.343.838;382676;ESP32-IDS-01;28.6;52.4;968;30;13;5.9;dos
1.779.148.602.737;407232;ESP32-IDS-01;28.8;69.2;707;22;3;3.1;normal
1.779.159.283.653;94842;ESP32-IDS-01;30.5;61.0;876;18;2;4.28;dos
1.779.157.614.791;87795;ESP32-IDS-01;30.3;61.3;3104;37;11;0.72;dos
1.779.165.378.469;1047993;ESP32-IDS-01;31.0;59.2;918;426;571;0.9;dos
1.779.146.041.642;223911;ESP32-IDS-01;28.6;64.3;425;19;2;2.6;normal
1.779.145.272.992;539916;ESP32-IDS-01;28.2;69.2;368;18;1;1.5;normal
1779149515.67;1320166;ESP32-IDS-01;29.0;68.0;754;32;35;2.9;normal
1779152486.67;2288505;ESP32-IDS-01;29.9;63.8;591;108;121;4.19;dos
1.779.146.003.084;185351;ESP32-IDS-01;28.6;63.0;929;19;1;0.7;normal
1.779.148.504.564;309064;ESP32-IDS-01;28.7;69.5;409;19;1;3.4;normal
1.779.151.766.804;1566819;ESP32-IDS-01;29.8;64.5;7997;33;22;0.9;dos
1779151520.4;1322451;ESP32-IDS-01;30.0;64.0;382;18;1;2.7;dos
1.779.165.345.918;1017727;ESP32-IDS-01;31.0;59.2;343;16;0;5.92;dos
1.779.145.959.142;141406;ESP32-IDS-01;28.6;63.3;657;19;3;0.3;normal
1.779.149.674.194;1478736;ESP32-IDS-01;29.0;67.8;836;19;2;2.7;normal
1.779.158.562.185;43661;ESP32-IDS-01;30.1;61.5;686;22;10;1.8;dos
1.779.151.810.108;1612161;ESP32-IDS-01;29.8;64.5;547;21;5;7.68;dos
1.779.148.903.735;708226;ESP32-IDS-01;28.9;68.5;536;27;13;0.4;normal
1.779.145.337.105;604002;ESP32-IDS-01;28.3;68.1;890;27;6;1.2;normal
1.779.159.011.886;94269;ESP32-IDS-01;30.5;60.6;602;37;11;0.2;dos
1.779.153.437.091;410883;ESP32-IDS-01;30.1;62.7;955;26;28;2.85;dos
1.779.148.565.525;370031;ESP32-IDS-01;28.7;69.4;677;19;3;1.9;normal
1.779.164.481.246;152993;ESP32-IDS-01;29.7;64.7;921;22;4;1.2;dos
1.779.151.194.184;996198;ESP32-IDS-01;29.8;64.9;380;34;24;1.3;dos
1.779.156.317.026;9546;ESP32-IDS-01;30.0;61.9;924;30;13;3.3;dos
1.779.150.520.712;322701;ESP32-IDS-01;29.1;67.4;851;24;13;1.28;dos
1.779.155.098.432;366504;ESP32-IDS-01;30.1;62.3;320;39;67;4.83;dos
1.779.152.073.111;1875023;ESP32-IDS-01;29.8;64.4;3426;56;24;1.29;dos
1.779.155.907.089;39665;ESP32-IDS-01;30.0;62.2;474;18;1;1.6;dos
1.779.159.635.027;28588;ESP32-IDS-01;30.7;59.6;743;1262;1276;4.65;dos
1.779.145.694.537;961472;ESP32-IDS-01;28.4;64.7;866;19;3;0.3;normal
1.779.149.644.771;1449304;ESP32-IDS-01;29.0;67.7;895;21;2;2.8;normal
1779151585.08;1387154;ESP32-IDS-01;29.9;64.2;569;20;1;0.6;dos
1779148276.82;81254;ESP32-IDS-01;28.2;70.3;436;19;1;0.1;normal
1.779.158.878.591;50494;ESP32-IDS-01;30.5;60.7;667;41;7;6.5;dos
1.779.148.371.505;176001;ESP32-IDS-01;28.5;70.0;471;19;4;0.8;normal
1779149340.86;1145365;ESP32-IDS-01;29.0;68.2;569;19;1;3.5;normal
1.779.167.005.107;43947;ESP32-IDS-01;28.9;53.5;898;29;14;2.61;dos
1.779.148.892.734;697248;ESP32-IDS-01;28.9;68.5;688;20;1;0.7;normal
1.779.146.007.692;189953;ESP32-IDS-01;28.6;65.4;810;20;1;1.6;normal
1.779.159.458.789;261209;ESP32-IDS-01;30.6;61.1;10000;627;664;2.45;dos
1.779.145.853.213;35472;ESP32-IDS-01;28.5;65.2;995;20;0;2.2;normal
1.779.148.632.005;436471;ESP32-IDS-01;28.8;69.0;423;24;4;0.4;normal
1779155082.95;339188;ESP32-IDS-01;30.1;62.3;10000;9999;0;0.87;dos
1.779.153.694.733;32715;ESP32-IDS-01;30.0;62.6;924;810;1452;4.38;dos
1.779.167.348.851;387697;ESP32-IDS-01;28.6;52.4;516;38;8;4.78;dos
1.779.157.347.862;47317;ESP32-IDS-01;30.1;61.8;667;31;21;2.0;dos
1.779.165.197.514;866116;ESP32-IDS-01;30.9;59.6;1452;406;980;3.69;dos
1.779.146.019.344;201595;ESP32-IDS-01;28.6;64.5;428;23;7;3.1;normal
1.779.149.734.375;1538895;ESP32-IDS-01;29.0;67.9;988;19;3;3.1;normal
1.779.145.968.621;150878;ESP32-IDS-01;28.6;64.4;307;20;0;0.8;normal
1.779.154.239.126;34879;ESP32-IDS-01;29.9;62.7;3458;25;6;1.19;dos
1779155085.71;353703;ESP32-IDS-01;30.1;62.3;1710;41;11;2.88;dos
1779159596.27;406245;ESP32-IDS-01;30.7;61.0;481;71;42;2.1;dos
1.779.146.242.561;185409;ESP32-IDS-01;28.6;63.9;405;19;1;0.4;normal
1779146161.9;104720;ESP32-IDS-01;28.6;64.6;941;19;1;0.4;normal
1.779.149.606.631;1411170;ESP32-IDS-01;29.1;67.7;867;19;1;0.7;normal
1.779.149.019.077;823589;ESP32-IDS-01;29.0;68.2;386;20;0;2.8;normal
1.779.158.022.797;176061;ESP32-IDS-01;30.2;61.0;697;35;27;5.67;dos
1.779.156.122.173;122528;ESP32-IDS-01;30.0;62.0;360;45;18;5.38;dos
1.779.145.128.304;395217;ESP32-IDS-01;28.2;71.5;561;20;0;1.8;normal
1.779.166.914.402;449024;ESP32-IDS-01;29.2;53.9;10000;1616;1129;2.8;dos
1.779.145.933.901;116160;ESP32-IDS-01;28.6;64.6;772;21;1;1.1;normal
1.779.165.382.691;1054443;ESP32-IDS-01;31.0;59.2;573;39;29;0.8;dos
1.779.149.483.105;1287638;ESP32-IDS-01;28.9;68.2;904;20;0;0.9;normal
1.779.149.020.769;825282;ESP32-IDS-01;29.0;68.2;469;21;0;2.0;normal
1.779.145.160.621;427537;ESP32-IDS-01;28.3;68.7;517;20;1;0.4;normal
1.779.149.315.378;1119903;ESP32-IDS-01;28.9;68.3;389;21;2;2.7;normal
1.779.151.413.055;1215120;ESP32-IDS-01;29.9;64.3;427;20;1;1.9;dos
1779145326.57;593474;ESP32-IDS-01;28.3;68.9;373;21;1;0.8;normal
1.779.157.334.953;19112;ESP32-IDS-01;30.1;60.6;10000;9999;0;3.38;dos
1.779.145.137.543;404456;ESP32-IDS-01;28.2;69.3;322;19;2;1.1;normal
1.779.149.163.055;967577;ESP32-IDS-01;28.8;68.5;864;19;3;2.5;normal
1.779.156.344.304;31117;ESP32-IDS-01;30.0;61.9;10000;9999;0;3.45;dos
1.779.166.600.486;145685;ESP32-IDS-01;29.3;54.7;318;27;10;6.24;dos
1.779.145.256.027;522756;ESP32-IDS-01;28.2;68.2;467;21;1;3.5;normal
1.779.148.826.323;630807;ESP32-IDS-01;28.9;68.6;316;21;1;3.2;normal
1.779.148.511.691;316185;ESP32-IDS-01;28.7;69.5;608;21;1;3.5;normal
1.779.146.352.271;34287;ESP32-IDS-01;28.7;63.1;314;24;6;2.6;normal
1.779.145.503.937;770865;ESP32-IDS-01;28.3;70.9;733;19;3;2.5;normal
1.779.167.101.954;140822;ESP32-IDS-01;28.8;53.3;318;19;2;3.1;dos
1.779.149.790.626;1595173;ESP32-IDS-01;29.0;67.8;468;19;2;0.2;normal
1.779.148.209.802;14294;ESP32-IDS-01;27.8;66.6;965;19;3;2.3;normal
1.779.145.844.879;26951;ESP32-IDS-01;28.5;65.1;931;83;148;0.9;normal
1.779.153.477.472;452272;ESP32-IDS-01;30.0;62.6;851;38;13;1.28;dos
1.779.145.418.736;685659;ESP32-IDS-01;28.3;68.7;807;20;4;3.4;normal
1.779.157.209.526;31950;ESP32-IDS-01;30.0;60.9;777;1363;2383;6.75;dos
1.779.155.273.043;535373;ESP32-IDS-01;30.0;62.3;8192;1950;2796;0.22;dos
1.779.145.177.038;443951;ESP32-IDS-01;28.3;68.6;518;21;1;2.8;normal
1.779.151.298.402;1100440;ESP32-IDS-01;29.9;64.5;759;19;0;3.2;dos
1779156085.25;87462;ESP32-IDS-01;30.0;62.0;486;22;7;4.46;dos
1779151362.75;1164781;ESP32-IDS-01;29.9;64.4;884;20;0;3.4;dos
1.779.154.154.704;291739;ESP32-IDS-01;29.9;62.7;2289;34;27;3.94;dos
1.779.146.612.731;109313;ESP32-IDS-01;28.7;64.6;481;23;12;2.1;normal
1.779.146.246.751;189598;ESP32-IDS-01;28.6;65.2;810;19;1;1.6;normal
1.779.149.780.554;1585059;ESP32-IDS-01;29.0;67.8;423;23;5;0.3;normal
1.779.165.788.694;43109;ESP32-IDS-01;31.4;58.0;3172;23;12;1.92;dos
1.779.145.745.361;32839;ESP32-IDS-01;28.5;66.4;780;20;0;2.8;normal
1.779.145.900.392;82653;ESP32-IDS-01;28.6;65.4;951;19;3;0.3;normal
1.779.146.754.037;129460;ESP32-IDS-01;28.6;64.7;349;21;1;1.6;normal
1.779.151.718.382;1520412;ESP32-IDS-01;29.8;64.6;1341;32;12;1.75;dos
1.779.152.399.492;2201153;ESP32-IDS-01;29.9;63.9;4140;131;94;3.74;dos
1.779.146.272.135;214957;ESP32-IDS-01;28.6;63.9;789;19;2;1.9;normal
1.779.146.654.493;29912;ESP32-IDS-01;28.7;61.5;876;21;1;2.0;normal
1.779.150.732.066;522669;ESP32-IDS-01;29.4;66.6;10000;9999;0;2.45;dos
1.779.165.249.053;920867;ESP32-IDS-01;30.9;59.5;852;19;11;4.62;dos
1.779.149.158.069;962591;ESP32-IDS-01;28.8;68.4;918;20;0;1.8;normal
1.779.149.342.489;1147019;ESP32-IDS-01;29.0;68.2;779;19;1;1.1;normal
1.779.148.298.011;102506;ESP32-IDS-01;28.3;70.3;707;19;2;2.9;normal
1.779.156.812.496;505037;ESP32-IDS-01;30.0;62.2;921;25;3;2.19;dos
1.779.155.338.906;18319;ESP32-IDS-01;30.0;62.3;801;45;30;4.15;dos
1.779.155.822.227;100316;ESP32-IDS-01;30.0;62.2;876;22;8;4.28;dos
1.779.153.973.138;110160;ESP32-IDS-01;30.0;62.5;998;26;5;2.2;dos
1.779.148.452.514;256978;ESP32-IDS-01;28.7;69.6;308;23;3;2.3;normal
1.779.150.060.212;1864763;ESP32-IDS-01;29.0;67.7;547;20;0;0.2;dos
1.779.145.093.511;360424;ESP32-IDS-01;28.2;69.8;760;20;1;2.3;normal
1.779.158.877.088;49026;ESP32-IDS-01;30.4;61.0;479;29;15;1.5;dos
1.779.150.787.086;589077;ESP32-IDS-01;29.4;66.3;909;25;12;2.0;dos
1.779.151.951.865;1753921;ESP32-IDS-01;29.8;64.2;320;24;9;4.92;dos
1.779.149.318.611;1123112;ESP32-IDS-01;28.9;68.3;805;29;13;0.2;normal
1.779.158.652.803;134290;ESP32-IDS-01;30.0;61.9;737;25;14;0.8;dos
1.779.154.104.887;241924;ESP32-IDS-01;30.0;62.5;604;32;23;2.0;dos
1.779.154.691.523;370656;ESP32-IDS-01;30.1;62.3;320;23;9;4.83;dos
1.779.146.381.246;8992;ESP32-IDS-01;28.7;65.3;924;19;2;3.3;normal
1.779.146.550.654;47244;ESP32-IDS-01;28.6;63.1;873;19;0;1.3;normal
1.779.148.603.674;408177;ESP32-IDS-01;28.8;69.2;370;20;0;2.5;normal
1.779.167.525.369;564215;ESP32-IDS-01;28.6;51.7;590;31;16;1.2;dos
1.779.148.446.678;251149;ESP32-IDS-01;28.7;69.6;696;21;1;1.4;normal
1.779.148.475.478;279946;ESP32-IDS-01;28.7;69.5;622;22;1;0.4;normal
1.779.148.306.301;110769;ESP32-IDS-01;28.3;70.3;360;29;15;1.5;normal
1.779.145.830.065;12324;ESP32-IDS-01;28.5;65.3;898;20;1;1.5;normal
1.779.146.721.797;97221;ESP32-IDS-01;28.6;64.8;723;20;0;3.1;normal
1.779.148.442.402;246898;ESP32-IDS-01;28.7;69.6;648;20;1;3.2;normal
1.779.165.660.093;1331896;ESP32-IDS-01;31.4;58.4;544;27;16;0.3;dos
1.779.145.987.606;169872;ESP32-IDS-01;28.6;65.3;384;19;1;1.5;normal
1.779.149.000.042;804321;ESP32-IDS-01;29.0;68.2;544;99;119;0.2;normal
1.779.151.237.982;1040042;ESP32-IDS-01;29.8;64.8;890;19;3;1.4;dos
1.779.158.341.667;10439;ESP32-IDS-01;30.4;59.7;777;32;12;2.89;dos
1779146685.15;60566;ESP32-IDS-01;28.6;64.2;300;21;2;2.4;normal
1.779.151.104.889;906936;ESP32-IDS-01;29.8;65.2;602;23;10;4.56;dos
1.779.150.478.063;280056;ESP32-IDS-01;29.0;67.7;481;30;18;4.18;dos
1.779.156.914.631;47923;ESP32-IDS-01;30.0;62.3;667;75;33;0.5;dos
1.779.156.766.283;457761;ESP32-IDS-01;30.0;61.9;653;392;451;7.09;dos
1779148676.11;480452;ESP32-IDS-01;28.9;68.9;411;75;168;2.7;normal
1.779.150.148.739;1953294;ESP32-IDS-01;28.9;68.0;487;20;0;0.7;dos
1.779.149.778.661;1583201;ESP32-IDS-01;29.0;67.8;735;21;3;0.9;normal
1779145476.74;743669;ESP32-IDS-01;28.3;68.4;723;19;3;1.9;normal
1.779.146.493.322;121079;ESP32-IDS-01;28.6;63.0;851;24;8;0.1;normal
1.779.157.380.257;79232;ESP32-IDS-01;30.1;61.8;977;165;187;1.22;dos
1.779.152.311.264;2113279;ESP32-IDS-01;29.9;64.0;790;44;48;3.4;dos
1.779.151.473.857;1275897;ESP32-IDS-01;30.0;64.0;972;21;2;2.9;dos
1.779.146.122.734;65573;ESP32-IDS-01;28.5;64.8;604;20;3;2.0;normal
1.779.146.779.258;154504;ESP32-IDS-01;28.7;61.9;371;79;89;2.9;normal
1.779.149.256.228;1060755;ESP32-IDS-01;28.9;68.5;721;19;0;0.4;normal
1.779.149.358.929;1163458;ESP32-IDS-01;29.0;68.2;842;20;0;0.1;normal
1.779.152.309.747;2111819;ESP32-IDS-01;29.9;64.0;937;28;10;2.8;dos
1.779.154.827.409;95526;ESP32-IDS-01;30.0;62.3;808;22;8;5.15;dos
1.779.149.581.271;1385779;ESP32-IDS-01;29.1;67.8;374;29;15;3.0;normal
1.779.146.258.404;201240;ESP32-IDS-01;28.6;65.1;428;23;9;3.1;normal
1.779.157.621.689;94724;ESP32-IDS-01;30.3;61.2;876;26;11;4.28;dos
1.779.148.207.679;12169;ESP32-IDS-01;27.7;65.7;898;20;0;1.5;normal
1.779.145.209.394;476307;ESP32-IDS-01;28.3;68.5;812;20;3;1.8;normal
1.779.145.439.161;706085;ESP32-IDS-01;28.3;68.7;955;20;0;2.4;normal
1.779.159.319.734;127788;ESP32-IDS-01;30.5;61.1;779;54;17;0.1;dos
1.779.155.139.659;402629;ESP32-IDS-01;30.1;62.2;1354;1018;2822;1.5;dos
1.779.146.005.116;187376;ESP32-IDS-01;28.6;64.8;674;21;2;3.5;normal
1.779.148.937.905;742423;ESP32-IDS-01;28.9;68.5;604;18;0;1.3;normal
1.779.146.733.997;109423;ESP32-IDS-01;28.6;64.8;901;19;2;0.3;normal
1.779.153.115.103;87784;ESP32-IDS-01;29.9;63.1;3446;31;11;0.4;dos
1.779.165.924.898;30956;ESP32-IDS-01;31.5;57.5;898;27;8;4.84;dos
1.779.146.383.821;11587;ESP32-IDS-01;28.7;65.3;898;20;1;1.5;normal
1.779.157.389.189;88576;ESP32-IDS-01;30.1;61.7;571;47;14;0.5;dos
1.779.165.994.626;83294;ESP32-IDS-01;31.4;57.7;808;9999;0;2.68;dos
1.779.157.932.352;83529;ESP32-IDS-01;30.3;60.8;1275;23;9;1.18;dos
1.779.159.224.797;27138;ESP32-IDS-01;30.6;60.7;10000;2761;4959;0.9;dos
1.779.155.281.648;549748;ESP32-IDS-01;30.0;62.3;590;23;10;4.29;dos
1.779.155.370.755;61476;ESP32-IDS-01;30.0;62.3;752;21;7;5.46;dos
1.779.146.597.673;94261;ESP32-IDS-01;28.7;64.9;892;20;1;0.8;normal
1.779.151.145.614;947631;ESP32-IDS-01;29.8;65.1;1779;30;27;3.56;dos
1.779.166.604.382;149568;ESP32-IDS-01;29.3;54.7;529;35;26;2.1;dos
1.779.152.666.357;143105;ESP32-IDS-01;29.9;63.5;873;33;13;1.3;dos
1.779.149.315.378;1119903;ESP32-IDS-01;28.9;68.3;389;21;2;2.7;normal
1.779.148.900.273;704785;ESP32-IDS-01;28.9;68.5;681;20;5;3.3;normal
1.779.146.708.251;83673;ESP32-IDS-01;28.6;64.1;667;20;0;3.3;normal
1.779.151.387.502;1189570;ESP32-IDS-01;29.9;64.3;487;19;1;1.8;dos
1.779.146.356.197;38223;ESP32-IDS-01;28.7;63.5;481;21;2;2.3;normal
1.779.156.928.459;59266;ESP32-IDS-01;30.0;62.3;10000;9999;0;1.79;dos
1.779.146.775.807;151232;ESP32-IDS-01;28.6;64.1;307;20;1;0.8;normal
1.779.150.158.719;1963273;ESP32-IDS-01;28.9;68.0;864;21;2;0.9;dos
1.779.165.608.007;1277602;ESP32-IDS-01;31.3;58.5;1321;40;2;2.26;dos
1779151426.95;1229012;ESP32-IDS-01;29.9;64.3;797;20;0;0.6;dos
1.779.167.381.193;406134;ESP32-IDS-01;28.6;52.4;10000;9999;0;1.26;dos
1.779.145.281.323;548241;ESP32-IDS-01;28.3;68.9;857;20;0;0.9;normal
1.779.158.443.884;53977;ESP32-IDS-01;30.2;61.4;602;9999;0;0.2;dos
1.779.160.045.345;37981;ESP32-IDS-01;30.6;61.5;898;30;12;3.73;dos
1.779.156.932.275;74843;ESP32-IDS-01;30.0;62.3;10000;660;1075;0.26;dos
1.779.148.229.517;34008;ESP32-IDS-01;27.9;69.0;737;20;0;0.8;normal
1.779.153.478.329;453170;ESP32-IDS-01;30.0;62.6;898;25;12;1.31;dos
1.779.145.680.659;947590;ESP32-IDS-01;28.5;65.0;737;20;1;0.9;normal
1.779.148.483.096;287592;ESP32-IDS-01;28.7;69.5;380;20;0;1.3;normal
1.779.158.154.531;307790;ESP32-IDS-01;30.3;60.6;2476;32;44;1.4;dos
1.779.146.479.093;106864;ESP32-IDS-01;28.6;62.3;848;20;1;2.3;normal
1.779.153.197.464;170086;ESP32-IDS-01;29.9;63.2;1301;748;1067;3.4;dos
1.779.145.177.387;444302;ESP32-IDS-01;28.3;68.6;351;20;0;0.7;normal
1779151151.36;953381;ESP32-IDS-01;29.8;65.0;967;29;14;4.23;dos
1.779.149.692.384;1496734;ESP32-IDS-01;29.0;67.9;752;84;96;0.8;normal
1.779.148.837.726;642242;ESP32-IDS-01;28.9;68.6;688;18;2;1.1;normal
1.779.160.095.151;10268;ESP32-IDS-01;30.7;61.1;732;370;530;2.27;dos
1.779.153.069.285;43936;ESP32-IDS-01;29.9;63.1;686;73;93;3.26;dos
1.779.149.095.263;899779;ESP32-IDS-01;28.9;68.3;318;20;0;0.3;normal
1.779.148.907.844;712361;ESP32-IDS-01;28.9;68.5;781;19;3;3.2;normal
1779149746.28;1550824;ESP32-IDS-01;29.0;67.9;711;20;1;1.6;normal
1779148777.91;582380;ESP32-IDS-01;28.9;68.5;325;33;19;2.9;normal
1.779.159.465.789;276971;ESP32-IDS-01;30.6;61.1;903;28;6;5.71;dos
1.779.152.031.351;1830254;ESP32-IDS-01;29.7;64.5;783;390;477;3.68;dos
1.779.167.049.693;88543;ESP32-IDS-01;28.8;53.1;602;22;8;5.18;dos
1.779.166.452.791;110685;ESP32-IDS-01;29.8;55.0;10000;1965;1154;0.4;dos
1.779.154.873.605;141669;ESP32-IDS-01;30.0;62.5;895;33;18;1.42;dos
1.779.148.923.236;727749;ESP32-IDS-01;28.9;68.5;415;20;1;0.2;normal
1.779.146.194.991;137831;ESP32-IDS-01;28.6;62.9;410;20;4;1.8;normal
1.779.157.843.764;51116;ESP32-IDS-01;30.3;60.9;515;31;23;5.18;dos
1.779.150.506.073;301670;ESP32-IDS-01;29.0;67.7;10000;729;762;1.55;dos
1.779.145.690.579;957509;ESP32-IDS-01;28.5;64.2;407;21;2;1.8;normal
1779158157.29;310606;ESP32-IDS-01;30.3;59.2;613;20;9;1.93;dos
1.779.148.602.737;407232;ESP32-IDS-01;28.8;69.2;707;22;3;3.1;normal
1.779.166.553.709;98860;ESP32-IDS-01;29.4;54.1;314;33;24;5.78;dos
1.779.148.222.304;26796;ESP32-IDS-01;27.9;68.6;931;19;1;0.9;normal
1.779.145.516.182;783080;ESP32-IDS-01;28.4;68.5;834;20;1;0.9;normal
1.779.155.994.058;126628;ESP32-IDS-01;30.0;62.2;326;22;6;1.3;dos
1.779.167.094.313;133202;ESP32-IDS-01;28.8;53.1;601;20;0;0.5;dos
1.779.155.274.976;543072;ESP32-IDS-01;30.0;62.3;962;24;12;3.08;dos
1.779.145.378.049;644970;ESP32-IDS-01;28.3;68.5;876;20;0;3.2;normal
1779159104.56;46932;ESP32-IDS-01;30.5;60.7;965;360;510;3.34;dos
1.779.158.025.817;179063;ESP32-IDS-01;30.2;61.0;529;32;6;3.99;dos
1.779.148.693.901;498376;ESP32-IDS-01;28.9;68.7;788;31;18;0.8;normal
1.779.149.355.298;1159827;ESP32-IDS-01;29.0;68.2;998;20;0;0.3;normal
1.779.167.051.812;90673;ESP32-IDS-01;28.8;53.1;563;29;15;3.08;dos
1.779.146.099.059;41896;ESP32-IDS-01;28.5;63.5;467;20;2;2.1;normal
1.779.145.176.553;443433;ESP32-IDS-01;28.3;68.6;739;23;9;3.4;normal
1.779.154.108.857;244860;ESP32-IDS-01;29.9;62.6;848;34;15;0.7;dos
1.779.146.698.695;74120;ESP32-IDS-01;28.6;63.3;903;19;2;3.5;normal
1.779.149.791.177;1595694;ESP32-IDS-01;29.0;67.8;521;20;0;1.0;normal
1.779.157.479.705;46246;ESP32-IDS-01;30.2;61.6;5405;26;7;0.89;dos
1.779.148.382.077;186576;ESP32-IDS-01;28.5;70.0;579;19;1;2.1;normal
1.779.166.016.288;122360;ESP32-IDS-01;31.5;57.5;795;20;8;2.0;dos
1.779.151.234.814;1036627;ESP32-IDS-01;29.8;64.9;801;103;249;1.2;dos
1.779.145.496.058;762955;ESP32-IDS-01;28.3;68.7;876;21;0;1.6;normal
1.779.149.084.145;888663;ESP32-IDS-01;28.9;68.3;903;20;0;1.6;normal
1.779.148.746.101;550605;ESP32-IDS-01;29.0;68.4;300;20;1;2.0;normal
1.779.146.163.348;106192;ESP32-IDS-01;28.6;64.6;426;19;1;1.7;normal
1.779.149.613.491;1418029;ESP32-IDS-01;29.1;67.7;999;20;0;3.5;normal
1779151428.4;1230407;ESP32-IDS-01;30.0;64.2;433;40;31;2.7;dos
1.779.152.936.593;413347;ESP32-IDS-01;29.9;63.1;494;22;5;3.52;dos
1.779.145.485.771;752690;ESP32-IDS-01;28.3;66.4;446;20;0;3.2;normal
1.779.146.134.538;77379;ESP32-IDS-01;28.5;64.7;833;19;1;2.5;normal
1.779.148.616.791;421295;ESP32-IDS-01;28.8;69.1;828;20;0;3.3;normal
1.779.145.802.752;18677;ESP32-IDS-01;28.5;63.9;655;20;0;2.5;normal
1.779.151.408.283;1210346;ESP32-IDS-01;29.9;64.3;896;21;2;3.5;dos
1.779.146.199.732;142575;ESP32-IDS-01;28.6;64.6;921;19;1;1.1;normal
1.779.146.313.951;256773;ESP32-IDS-01;28.6;63.8;308;19;1;2.3;normal
1.779.146.523.599;20188;ESP32-IDS-01;28.6;63.8;956;19;1;1.0;normal
1.779.146.476.797;104544;ESP32-IDS-01;28.6;62.3;941;19;2;0.4;normal
1.779.145.723.258;10735;ESP32-IDS-01;28.5;64.3;965;29;15;3.4;normal
1779151476.17;1278220;ESP32-IDS-01;30.0;64.0;776;20;1;0.8;dos
1779157396.52;95982;ESP32-IDS-01;30.0;61.7;780;17;1;5.36;dos
1.779.164.533.015;203771;ESP32-IDS-01;29.7;64.7;982;23;20;3.92;dos
1.779.149.268.471;1072999;ESP32-IDS-01;28.9;68.4;637;19;1;2.1;normal
1.779.166.622.945;152456;ESP32-IDS-01;29.3;54.7;918;9999;0;2.79;dos
1.779.152.970.036;445457;ESP32-IDS-01;29.9;63.1;7660;123;157;2.13;dos
1.779.156.845.769;537201;ESP32-IDS-01;30.1;62.2;5903;400;993;1.0;dos
1.779.164.703.224;369063;ESP32-IDS-01;30.0;63.2;10000;1174;171;2.4;dos
1.779.146.547.545;44104;ESP32-IDS-01;28.6;64.8;549;29;17;3.4;normal
1.779.145.888.894;71111;ESP32-IDS-01;28.6;66.4;672;26;13;2.2;normal
1.779.145.884.149;66411;ESP32-IDS-01;28.5;64.8;461;20;1;2.4;normal
1.779.146.208.552;151397;ESP32-IDS-01;28.6;62.7;321;19;1;1.5;normal
1.779.148.374.972;179443;ESP32-IDS-01;28.5;70.0;356;20;1;0.2;normal
1.779.156.170.989;23131;ESP32-IDS-01;30.0;60.6;2405;572;1039;3.3;dos
1.779.145.494.824;761748;ESP32-IDS-01;28.3;66.8;415;21;1;2.9;normal
1.779.160.043.493;36118;ESP32-IDS-01;30.6;61.5;732;31;7;6.36;dos
1.779.151.371.758;1173785;ESP32-IDS-01;29.9;64.4;610;32;18;1.6;dos
1.779.159.824.101;76053;ESP32-IDS-01;30.7;61.1;728;375;523;4.05;dos
1.779.148.605.226;409671;ESP32-IDS-01;28.8;69.2;552;40;34;2.8;normal
1.779.167.011.578;50410;ESP32-IDS-01;28.8;53.1;322;37;16;2.4;dos
1.779.151.585.891;1387945;ESP32-IDS-01;29.9;64.2;488;18;1;2.6;dos
1779154606.78;285882;ESP32-IDS-01;30.1;62.3;587;32;17;2.7;dos
1.779.145.967.349;149609;ESP32-IDS-01;28.6;64.7;440;21;1;3.0;normal
1.779.149.392.607;1197139;ESP32-IDS-01;29.0;68.1;579;19;1;0.3;normal
1.779.164.479.546;151324;ESP32-IDS-01;29.7;64.7;494;19;2;1.5;dos
1.779.145.730.583;18084;ESP32-IDS-01;28.5;65.4;322;20;0;2.4;normal
1.779.156.549.996;235229;ESP32-IDS-01;30.0;61.7;755;155;269;3.92;dos
1.779.152.573.584;47367;ESP32-IDS-01;29.9;63.5;2844;1015;1497;0.5;dos
1.779.156.668.594;361053;ESP32-IDS-01;30.1;61.7;707;61;67;8.56;dos
1.779.154.277.351;71835;ESP32-IDS-01;30.0;62.6;5057;407;533;1.0;dos
1779150750.52;549161;ESP32-IDS-01;29.5;66.3;462;371;516;0.4;dos
1.779.159.908.848;39694;ESP32-IDS-01;30.6;61.2;898;67;35;2.61;dos
1.779.146.409.428;37195;ESP32-IDS-01;28.7;63.6;795;19;1;2.0;normal
1779153611.3;585092;ESP32-IDS-01;30.0;62.7;907;370;527;5.01;dos
1.779.146.445.523;73296;ESP32-IDS-01;28.7;63.7;903;19;3;3.5;normal
1779151283.52;1085586;ESP32-IDS-01;29.9;64.6;470;19;3;1.3;dos
1.779.145.685.574;952496;ESP32-IDS-01;28.5;65.0;481;21;1;0.4;normal
1.779.154.471.746;150842;ESP32-IDS-01;30.1;62.3;318;25;9;6.24;dos
1.779.149.288.111;1092609;ESP32-IDS-01;28.9;68.4;438;21;2;1.3;normal
1.779.145.100.816;367729;ESP32-IDS-01;28.2;69.8;890;20;1;1.7;normal
1.779.150.792.051;594057;ESP32-IDS-01;29.5;66.2;1228;21;4;1.01;dos
1.779.149.012.267;816786;ESP32-IDS-01;29.0;68.2;523;19;1;1.0;normal
1.779.155.145.828;413914;ESP32-IDS-01;30.1;62.2;312;29;18;0.8;dos
1.779.151.402.478;1204524;ESP32-IDS-01;29.9;64.3;792;26;11;2.6;dos
1.779.155.956.846;89371;ESP32-IDS-01;30.0;62.2;876;37;27;4.28;dos
1.779.157.620.335;93096;ESP32-IDS-01;30.2;61.4;480;115;293;2.48;dos
1.779.145.870.662;52920;ESP32-IDS-01;28.5;66.4;933;20;0;0.3;normal
1779157559.89;27935;ESP32-IDS-01;30.2;60.1;10000;648;1220;0.15;dos
1.779.152.940.519;417291;ESP32-IDS-01;29.9;63.1;526;28;2;3.4;dos
1.779.153.420.783;393305;ESP32-IDS-01;30.1;62.6;10000;55;21;0.4;dos
1.779.152.352.533;2154567;ESP32-IDS-01;29.9;63.9;364;26;9;2.5;dos
1.779.153.653.567;625796;ESP32-IDS-01;30.0;62.6;7720;894;1309;1.63;dos
1.779.151.522.214;1324282;ESP32-IDS-01;30.0;64.0;405;21;1;1.1;dos
1.779.148.362.657;167151;ESP32-IDS-01;28.5;70.1;759;20;0;1.9;normal
1.779.148.672.044;476513;ESP32-IDS-01;28.9;68.9;477;22;7;2.7;normal
1.779.151.004.319;802393;ESP32-IDS-01;29.6;65.9;10000;461;728;3.17;dos
1.779.148.215.738;20231;ESP32-IDS-01;27.8;67.8;956;19;2;1.0;normal
1.779.145.756.265;43769;ESP32-IDS-01;28.5;64.9;549;20;0;3.4;normal
1.779.149.535.218;1339725;ESP32-IDS-01;29.0;68.0;708;21;3;0.4;normal
1.779.148.994.127;798646;ESP32-IDS-01;29.0;68.3;358;19;2;3.0;normal
1779145808.26;24210;ESP32-IDS-01;28.5;65.0;563;20;1;1.3;normal
1.779.146.394.818;22559;ESP32-IDS-01;28.7;62.3;463;26;10;0.4;normal
1779150609.84;409670;ESP32-IDS-01;29.2;67.2;1316;80;25;1.26;dos
1.779.146.212.548;155393;ESP32-IDS-01;28.6;63.4;907;19;1;2.8;normal
1.779.149.558.974;1363510;ESP32-IDS-01;29.0;67.9;562;20;0;2.2;normal
1.779.153.433.382;408205;ESP32-IDS-01;30.1;62.6;3096;26;9;2.42;dos
1.779.145.258.716;525392;ESP32-IDS-01;28.2;68.8;421;91;208;2.3;normal
1.779.149.724.985;1529506;ESP32-IDS-01;29.0;67.9;890;19;3;0.1;normal
1.779.145.685.077;952015;ESP32-IDS-01;28.5;65.0;319;18;2;2.8;normal
1.779.145.158.227;425140;ESP32-IDS-01;28.3;68.0;909;20;0;1.1;normal
1.779.149.694.414;1498927;ESP32-IDS-01;29.0;67.9;820;20;0;2.9;normal
1.779.149.255.506;1060034;ESP32-IDS-01;28.9;68.5;917;19;3;2.3;normal
1.779.164.934.994;606745;ESP32-IDS-01;30.5;61.1;820;27;15;4.32;dos
1.779.148.413.839;218308;ESP32-IDS-01;28.6;69.8;552;21;3;0.2;normal
1.779.167.055.256;94099;ESP32-IDS-01;28.8;53.1;480;20;9;0.4;dos
1.779.166.271.619;103745;ESP32-IDS-01;30.8;54.6;779;9999;0;1.38;dos
1.779.145.867.535;49750;ESP32-IDS-01;28.5;66.4;318;27;10;3.1;normal
1.779.146.003.084;185351;ESP32-IDS-01;28.6;63.0;929;19;1;0.7;normal
1.779.156.713.526;406092;ESP32-IDS-01;30.1;61.7;438;26;2;2.4;dos
1779155456.43;147218;ESP32-IDS-01;30.0;62.3;1264;27;19;1.3;dos
1779145628.01;894940;ESP32-IDS-01;28.4;65.4;836;20;2;1.6;normal
1.779.150.083.167;1887719;ESP32-IDS-01;28.9;67.8;879;20;4;0.7;dos
1.779.158.008.954;159654;ESP32-IDS-01;30.2;60.9;10000;52;20;2.94;dos
1.779.157.745.512;44547;ESP32-IDS-01;30.3;61.0;820;64;57;5.36;dos
1779150648.02;448827;ESP32-IDS-01;29.2;67.2;385;409;547;0.1;dos
1.779.145.969.476;151744;ESP32-IDS-01;28.6;64.4;321;18;1;1.5;normal
1.779.159.553.108;364312;ESP32-IDS-01;30.6;61.1;1196;26;13;1.34;dos
1.779.154.993.871;252399;ESP32-IDS-01;30.0;62.5;10000;9999;0;2.56;dos
1.779.149.021.955;826467;ESP32-IDS-01;29.0;68.2;358;21;3;3.5;normal
1.779.149.354.302;1158829;ESP32-IDS-01;29.0;68.2;886;20;0;1.3;normal
1.779.159.737.065;134274;ESP32-IDS-01;30.7;61.1;2229;45;23;0.65;dos
1.779.156.404.854;97388;ESP32-IDS-01;30.1;61.8;314;30;37;5.78;dos
1.779.164.621.237;292957;ESP32-IDS-01;29.9;64.0;683;33;9;3.26;dos
1.779.153.702.569;43686;ESP32-IDS-01;30.0;62.6;479;30;21;1.5;dos
1779166949.7;472295;ESP32-IDS-01;29.1;53.7;7642;9999;0;3.13;dos
1779145141.22;408134;ESP32-IDS-01;28.2;67.1;762;20;0;2.6;normal
1.779.148.311.545;116042;ESP32-IDS-01;28.3;70.3;772;19;2;1.1;normal
1.779.154.283.764;79407;ESP32-IDS-01;30.0;62.5;602;56;46;0.2;dos
1.779.145.644.776;911696;ESP32-IDS-01;28.4;64.9;316;24;10;2.7;normal
1.779.149.407.508;1212032;ESP32-IDS-01;29.0;68.1;796;21;3;2.8;normal
1779158289.44;442335;ESP32-IDS-01;30.3;60.9;3051;158;212;3.73;dos
1.779.165.112.334;784092;ESP32-IDS-01;30.8;59.9;4141;36;6;1.04;dos
1779151245.77;1047807;ESP32-IDS-01;29.9;64.8;658;20;1;3.5;dos
1.779.155.458.357;149140;ESP32-IDS-01;30.0;62.3;933;29;11;1.37;dos
1.779.165.602.981;1263541;ESP32-IDS-01;31.3;58.5;10000;9999;0;2.75;dos
1.779.145.428.582;695504;ESP32-IDS-01;28.3;70.4;886;20;1;2.1;normal
1.779.154.198.764;30862;ESP32-IDS-01;29.9;62.7;686;19;7;1.8;dos
1.779.165.871.381;117213;ESP32-IDS-01;31.4;57.8;10000;3035;6002;0.8;dos
1.779.152.791.699;268283;ESP32-IDS-01;29.9;63.3;1658;61;15;0.1;dos
1.779.164.710.413;382135;ESP32-IDS-01;30.0;63.2;673;38;31;2.59;dos
1.779.151.399.501;1201544;ESP32-IDS-01;29.9;64.3;920;19;1;3.1;dos
1.779.167.166.673;205229;ESP32-IDS-01;28.7;53.2;951;110;140;2.4;dos
1.779.150.416.489;215237;ESP32-IDS-01;28.8;68.0;10000;1095;1414;1.9;dos
1.779.148.764.876;569388;ESP32-IDS-01;28.9;68.5;936;19;2;2.7;normal
1.779.155.904.058;36596;ESP32-IDS-01;30.0;62.2;924;28;9;6.55;dos
1779149705.55;1510094;ESP32-IDS-01;29.0;67.9;888;19;3;1.9;normal
1.779.148.695.597;500104;ESP32-IDS-01;28.9;68.8;575;19;4;3.5;normal
1779145597.37;864299;ESP32-IDS-01;28.4;67.7;660;20;0;3.1;normal
1.779.165.512.881;1180340;ESP32-IDS-01;31.2;59.1;2936;52;19;3.44;dos
1.779.149.455.637;1259935;ESP32-IDS-01;28.9;68.2;756;98;120;3.3;normal
1.779.153.347.426;322229;ESP32-IDS-01;30.1;62.7;631;31;22;2.3;dos
1.779.145.728.468;15945;ESP32-IDS-01;28.5;65.4;801;20;1;2.9;normal
1.779.146.457.223;84978;ESP32-IDS-01;28.6;63.9;991;24;6;0.4;normal
1.779.159.548.677;359855;ESP32-IDS-01;30.6;61.1;836;26;9;0.9;dos
1.779.145.701.634;968566;ESP32-IDS-01;28.5;64.8;628;20;0;3.4;normal
1.779.153.476.626;451421;ESP32-IDS-01;30.0;62.6;921;27;7;3.37;dos
1.779.156.443.633;136201;ESP32-IDS-01;30.1;61.7;701;21;7;2.23;dos
1.779.149.034.466;838810;ESP32-IDS-01;29.0;68.2;812;77;84;3.1;normal
1779145246.19;513104;ESP32-IDS-01;28.2;68.6;611;21;1;0.3;normal
1.779.146.805.739;20150;ESP32-IDS-01;28.6;63.5;515;380;540;1.3;normal
1.779.155.542.733;223592;ESP32-IDS-01;30.0;62.3;10000;1375;1975;2.24;dos
1.779.148.704.558;509048;ESP32-IDS-01;28.9;68.7;1225;17;2;0.1;normal
1.779.157.481.996;47526;ESP32-IDS-01;30.2;61.5;801;380;532;4.15;dos
1.779.153.391.921;366776;ESP32-IDS-01;30.1;62.6;707;17;2;4.31;dos
1.779.146.569.584;66173;ESP32-IDS-01;28.6;64.4;461;19;3;2.4;normal
1779145241.08;507965;ESP32-IDS-01;28.3;71.1;918;22;4;0.4;normal
1.779.159.777.974;28816;ESP32-IDS-01;30.7;61.0;474;28;5;1.6;dos
1.779.165.884.167;138446;ESP32-IDS-01;31.4;57.6;467;57;57;2.1;dos
1.779.145.961.211;143468;ESP32-IDS-01;28.6;63.3;546;22;4;3.0;normal
1779156945.12;89887;ESP32-IDS-01;29.9;62.5;571;487;905;0.5;dos
1.779.149.242.061;1046565;ESP32-IDS-01;28.9;68.5;748;19;2;0.4;normal
1.779.159.908.988;39694;ESP32-IDS-01;30.6;61.2;898;67;35;2.61;dos
1.779.157.710.877;12056;ESP32-IDS-01;30.3;61.1;474;26;11;5.82;dos
1.779.150.432.405;234369;ESP32-IDS-01;28.9;68.0;457;33;37;3.5;dos
1.779.148.570.787;375291;ESP32-IDS-01;28.7;69.4;583;19;4;0.9;normal
1.779.148.521.622;326094;ESP32-IDS-01;28.7;69.5;988;20;1;2.2;normal
1779156978.52;111303;ESP32-IDS-01;29.9;62.5;10000;9999;0;0.26;dos
1.779.148.260.722;65214;ESP32-IDS-01;28.1;70.1;889;20;0;2.3;normal
1.779.149.073.743;878262;ESP32-IDS-01;28.9;68.3;390;20;0;1.7;normal
1.779.151.461.771;1263842;ESP32-IDS-01;30.0;64.0;438;19;3;1.8;dos
1.779.158.473.552;94679;ESP32-IDS-01;30.2;61.4;1193;25;12;1.24;dos
1.779.152.308.357;2110402;ESP32-IDS-01;29.9;64.0;518;28;8;4.23;dos
1.779.155.906.642;39191;ESP32-IDS-01;30.0;62.2;898;31;13;2.61;dos
1.779.152.924.034;395709;ESP32-IDS-01;29.9;63.2;10000;42;22;2.5;dos
1.779.148.884.912;689402;ESP32-IDS-01;28.9;68.5;772;19;1;0.1;normal
1.779.148.996.004;800486;ESP32-IDS-01;29.0;68.2;344;31;16;3.1;normal
1.779.149.662.069;1466607;ESP32-IDS-01;29.0;67.8;646;20;1;1.9;normal
1.779.145.999.491;181763;ESP32-IDS-01;28.6;63.9;701;18;1;0.1;normal
1.779.145.997.952;180217;ESP32-IDS-01;28.6;63.9;656;19;1;3.4;normal
1.779.150.079.733;1884284;ESP32-IDS-01;28.9;67.8;919;20;1;2.2;dos
1.779.146.304.611;247435;ESP32-IDS-01;28.6;64.9;742;19;1;1.4;normal
1.779.160.003.866;136875;ESP32-IDS-01;30.6;61.5;785;23;9;3.2;dos
1.779.156.838.318;530779;ESP32-IDS-01;30.1;62.2;5265;49;12;2.79;dos
1.779.157.513.227;72459;ESP32-IDS-01;30.2;61.5;10000;9999;0;0.2;dos
1.779.151.427.726;1229567;ESP32-IDS-01;30.0;64.2;555;87;204;0.4;dos
1.779.165.659.565;1331352;ESP32-IDS-01;31.4;58.4;828;32;25;3.3;dos
1.779.146.003.084;185351;ESP32-IDS-01;28.6;63.0;929;19;1;0.7;normal
1.779.146.369.768;51797;ESP32-IDS-01;28.7;65.1;989;20;1;2.8;normal
1.779.157.476.381;40841;ESP32-IDS-01;30.2;61.6;603;66;20;3.16;dos
1.779.150.656.357;458334;ESP32-IDS-01;29.3;67.0;907;35;28;5.01;dos
1.779.148.204.163;8650;ESP32-IDS-01;27.7;63.5;777;20;0;1.6;normal
1.779.146.293.618;236465;ESP32-IDS-01;28.6;65.4;509;19;0;3.3;normal
1.779.148.346.265;150760;ESP32-IDS-01;28.5;70.2;307;20;0;0.8;normal
1.779.151.339.847;1141910;ESP32-IDS-01;29.9;64.4;787;20;0;3.5;dos
1779146418.94;46705;ESP32-IDS-01;28.7;63.6;873;21;2;1.3;normal
1.779.145.523.952;790849;ESP32-IDS-01;28.4;68.8;668;22;2;0.8;normal
1.779.145.428.582;695504;ESP32-IDS-01;28.3;70.4;886;20;1;2.1;normal
1.779.166.376.413;43142;ESP32-IDS-01;30.0;55.6;593;30;12;0.7;dos
1.779.146.750.079;125501;ESP32-IDS-01;28.6;63.5;449;20;1;3.3;normal
1.779.151.308.274;1110334;ESP32-IDS-01;29.9;64.5;561;20;0;1.8;dos
1.779.148.712.918;517423;ESP32-IDS-01;29.0;68.6;494;20;5;2.1;normal
1779149220.04;1024562;ESP32-IDS-01;28.8;68.5;933;20;2;2.9;normal
1779148293.17;97656;ESP32-IDS-01;28.2;70.4;919;22;3;0.5;normal
1.779.146.636.798;12219;ESP32-IDS-01;28.7;61.6;898;20;0;1.5;normal
1.779.149.082.182;886698;ESP32-IDS-01;28.9;68.3;316;21;2;2.7;normal
1.779.148.545.849;350348;ESP32-IDS-01;28.7;69.5;815;21;2;0.9;normal
1.779.151.538.245;1340316;ESP32-IDS-01;29.9;64.1;410;20;0;1.4;dos
1.779.167.056.025;94851;ESP32-IDS-01;28.8;53.1;752;32;10;4.13;dos
1.779.149.777.922;1582466;ESP32-IDS-01;29.0;67.8;625;19;1;2.2;normal
1.779.149.812.565;1617071;ESP32-IDS-01;29.0;67.8;937;32;23;2.1;normal
1.779.146.577.849;74405;ESP32-IDS-01;28.6;63.5;570;22;6;3.3;normal
1779167387.39;426226;ESP32-IDS-01;28.6;52.3;1259;33;24;3.29;dos
1.779.152.582.152;58826;ESP32-IDS-01;29.9;63.5;563;51;17;3.08;dos
1.779.145.797.743;13696;ESP32-IDS-01;28.5;65.7;965;19;2;2.3;normal
1.779.148.756.535;561002;ESP32-IDS-01;28.9;68.5;367;25;8;2.6;normal
1.779.155.863.469;141551;ESP32-IDS-01;30.0;60.5;779;25;23;2.67;dos
1779145877.15;59411;ESP32-IDS-01;28.5;66.2;553;19;1;2.0;normal
1779158881.68;53503;ESP32-IDS-01;30.5;60.7;655;62;52;4.03;dos
1.779.156.037.475;39610;ESP32-IDS-01;30.0;60.8;4272;56;23;1.83;dos
1.779.145.222.943;489800;ESP32-IDS-01;28.3;68.7;468;31;17;0.3;normal
1.779.159.505.102;316331;ESP32-IDS-01;30.6;61.0;454;18;2;3.5;dos
1.779.149.146.109;950607;ESP32-IDS-01;28.9;68.4;607;19;1;2.6;normal
1.779.157.257.432;83852;ESP32-IDS-01;30.1;62.2;728;31;18;6.79;dos
1.779.149.712.619;1517162;ESP32-IDS-01;29.0;67.9;586;19;2;0.7;normal
1.779.145.597.911;864827;ESP32-IDS-01;28.4;67.7;528;24;5;2.2;normal
1.779.159.511.535;322699;ESP32-IDS-01;30.6;61.0;613;33;11;0.3;dos
1.779.146.335.084;17113;ESP32-IDS-01;28.7;64.6;667;19;2;0.5;normal
1.779.149.795.004;1599548;ESP32-IDS-01;29.0;67.8;542;20;0;0.1;normal
1.779.156.434.398;126858;ESP32-IDS-01;30.1;61.8;6898;49;21;3.1;dos
1779150385.3;187308;ESP32-IDS-01;28.8;68.0;316;18;1;3.5;dos
1.779.148.704.407;507823;ESP32-IDS-01;28.9;68.7;447;384;544;2.9;normal
1.779.146.341.075;23106;ESP32-IDS-01;28.7;63.8;463;20;0;0.4;normal
1.779.145.178.951;445863;ESP32-IDS-01;28.3;68.6;603;20;0;3.4;normal
1.779.159.234.155;45330;ESP32-IDS-01;30.6;60.7;686;21;6;6.17;dos
1.779.154.849.882;108365;ESP32-IDS-01;30.0;62.2;7632;9999;0;0.23;dos
1.779.145.833.573;15835;ESP32-IDS-01;28.5;65.0;479;19;0;1.5;normal
1779146562.63;59213;ESP32-IDS-01;28.6;64.9;553;20;0;2.0;normal
1.779.149.487.711;1292244;ESP32-IDS-01;28.9;68.2;885;20;0;1.9;normal
1.779.151.491.727;1293799;ESP32-IDS-01;30.0;64.0;709;19;2;1.6;dos
1.779.148.945.274;749791;ESP32-IDS-01;28.9;68.5;772;19;1;3.5;normal
1.779.152.665.313;141062;ESP32-IDS-01;29.9;63.5;437;362;513;0.3;dos
1.779.148.365.869;170357;ESP32-IDS-01;28.5;70.1;603;21;2;3.0;normal
1.779.151.479.678;1281722;ESP32-IDS-01;30.0;64.0;749;20;1;2.4;dos
1.779.145.249.573;516487;ESP32-IDS-01;28.3;67.3;700;21;1;2.1;normal
1.779.154.012.817;149858;ESP32-IDS-01;30.0;62.5;1216;28;14;3.92;dos
1.779.148.309.704;114198;ESP32-IDS-01;28.3;70.3;669;20;1;3.1;normal
1.779.149.668.014;1472531;ESP32-IDS-01;29.0;67.8;320;27;10;1.0;normal
1.779.146.003.725;185756;ESP32-IDS-01;28.6;63.0;405;98;118;0.4;normal
1.779.148.475.478;279946;ESP32-IDS-01;28.7;69.5;622;22;1;0.4;normal
1.779.153.643.081;612362;ESP32-IDS-01;30.0;62.6;10000;449;607;1.55;dos
1.779.155.863.733;141877;ESP32-IDS-01;30.0;60.5;326;22;9;1.3;dos
1.779.157.204.569;26262;ESP32-IDS-01;30.0;60.9;10000;1248;1805;0.15;dos
1779148400.2;204676;ESP32-IDS-01;28.6;69.9;445;19;2;1.3;normal
1.779.149.292.382;1096905;ESP32-IDS-01;28.9;68.4;694;20;0;3.0;normal
1.779.158.428.154;49267;ESP32-IDS-01;30.2;61.4;820;32;13;2.92;dos
1.779.164.954.183;614259;ESP32-IDS-01;30.5;61.0;984;1342;510;3.0;dos
1.779.145.663.129;930054;ESP32-IDS-01;28.4;66.7;699;20;1;3.4;normal
1779148710.04;514544;ESP32-IDS-01;28.9;68.7;448;21;2;0.5;normal
1.779.149.028.114;832624;ESP32-IDS-01;29.0;68.2;425;22;3;2.4;normal
1.779.146.615.401;111991;ESP32-IDS-01;28.7;63.7;955;20;0;1.8;normal
1.779.145.403.395;670320;ESP32-IDS-01;28.3;68.8;330;19;1;0.6;normal
1.779.155.307.981;564967;ESP32-IDS-01;30.0;62.3;10000;2609;2807;1.37;dos
1.779.145.353.691;620612;ESP32-IDS-01;28.3;68.9;775;20;0;3.3;normal
1.779.145.419.466;686389;ESP32-IDS-01;28.3;68.7;325;19;1;0.6;normal
1.779.145.624.162;891094;ESP32-IDS-01;28.4;66.4;866;19;1;3.5;normal
1.779.165.863.126;97050;ESP32-IDS-01;31.4;57.8;780;9999;0;2.8;dos
1.779.166.008.214;112995;ESP32-IDS-01;31.4;57.6;1370;421;1045;1.53;dos
1.779.157.751.791;52372;ESP32-IDS-01;30.3;60.9;972;218;296;2.53;dos
1.779.166.286.292;142687;ESP32-IDS-01;30.8;54.6;467;29;18;4.24;dos
1.779.157.078.158;224339;ESP32-IDS-01;29.9;62.6;840;17;1;0.3;dos
1.779.150.381.375;183362;ESP32-IDS-01;28.8;68.0;833;34;14;3.7;dos
1779151586.43;1388500;ESP32-IDS-01;29.9;64.2;555;19;4;1.6;dos
1.779.158.645.128;122295;ESP32-IDS-01;30.0;61.8;10000;741;519;2.89;dos
1.779.149.260.034;1064553;ESP32-IDS-01;28.9;68.5;854;21;1;0.7;normal
1.779.151.192.623;994630;ESP32-IDS-01;29.8;64.9;649;35;4;1.5;dos
1.779.151.934.086;1709706;ESP32-IDS-01;29.8;64.2;876;9999;0;3.88;dos
1.779.154.012.651;148642;ESP32-IDS-01;30.0;62.5;5119;374;1002;2.5;dos
1.779.164.577.976;249721;ESP32-IDS-01;29.8;64.4;998;26;23;2.0;dos
1.779.166.059.892;164954;ESP32-IDS-01;31.5;56.1;971;360;508;3.1;dos
1.779.155.952.532;85113;ESP32-IDS-01;30.0;62.2;571;21;6;2.25;dos
1.779.149.511.233;1315759;ESP32-IDS-01;29.0;68.0;386;21;1;1.9;normal
1.779.151.441.597;1243663;ESP32-IDS-01;30.0;64.1;835;20;0;3.3;dos
1.779.149.299.539;1104063;ESP32-IDS-01;28.9;68.3;350;20;1;2.4;normal
1779145223.24;490155;ESP32-IDS-01;28.3;68.7;355;20;0;0.5;normal
1.779.145.260.351;527266;ESP32-IDS-01;28.2;68.8;565;20;1;2.1;normal
1.779.149.424.465;1228998;ESP32-IDS-01;29.0;68.0;803;19;2;0.9;normal
1.779.146.553.672;50249;ESP32-IDS-01;28.6;64.0;697;23;5;2.8;normal
1.779.145.171.614;438528;ESP32-IDS-01;28.3;69.1;724;20;0;3.2;normal
1.779.149.528.707;1333244;ESP32-IDS-01;29.0;68.0;727;19;1;2.1;normal
1.779.157.168.238;12006;ESP32-IDS-01;30.0;62.4;898;23;18;2.61;dos
1.779.159.597.638;408824;ESP32-IDS-01;30.7;61.0;1182;33;4;2.35;dos
1.779.149.806.701;1611245;ESP32-IDS-01;29.0;67.8;521;20;0;1.1;normal
1.779.145.666.552;933487;ESP32-IDS-01;28.4;65.6;706;19;3;0.5;normal
1.779.152.482.172;2280320;ESP32-IDS-01;29.9;63.9;1420;663;1609;3.3;dos
1.779.149.305.498;1110024;ESP32-IDS-01;28.9;68.3;547;19;4;2.7;normal
1.779.155.124.815;381542;ESP32-IDS-01;30.1;62.3;10000;3069;1761;1.79;dos
1.779.149.242.499;1047025;ESP32-IDS-01;28.9;68.5;460;20;1;2.3;normal
1.779.152.082.174;1884225;ESP32-IDS-01;29.8;64.4;478;32;16;2.7;dos
1.779.151.466.535;1268600;ESP32-IDS-01;30.0;64.0;756;20;1;1.4;dos
1.779.145.688.111;955037;ESP32-IDS-01;28.4;64.2;402;22;0;1.5;normal
1.779.149.316.986;1121483;ESP32-IDS-01;28.9;68.3;903;22;4;1.3;normal
1.779.146.025.021;207287;ESP32-IDS-01;28.6;64.5;785;20;4;2.9;normal
1.779.151.725.086;1527125;ESP32-IDS-01;29.8;64.5;960;25;11;3.28;dos
1.779.154.875.877;143914;ESP32-IDS-01;30.0;62.4;873;47;15;3.59;dos
1.779.148.754.223;558730;ESP32-IDS-01;29.0;68.4;926;20;0;3.2;normal
1.779.148.423.871;228176;ESP32-IDS-01;28.6;69.7;804;76;84;1.6;normal
1.779.167.482.034;520907;ESP32-IDS-01;28.6;52.2;627;23;10;1.9;dos
1.779.155.971.917;92261;ESP32-IDS-01;30.0;62.2;2082;9999;0;3.38;dos
1779150063.92;1868473;ESP32-IDS-01;29.0;67.7;625;20;1;2.1;dos
1.779.166.107.995;214035;ESP32-IDS-01;31.4;57.4;511;37;32;4.36;dos
1.779.148.288.979;93476;ESP32-IDS-01;28.2;70.4;836;18;2;0.9;normal
1779151050.44;848515;ESP32-IDS-01;29.7;65.6;8272;207;317;3.22;dos
1.779.165.158.943;830696;ESP32-IDS-01;30.8;59.7;3703;25;5;1.67;dos
1.779.150.652.713;454721;ESP32-IDS-01;29.3;67.0;656;25;12;1.5;dos
1.779.159.817.182;65178;ESP32-IDS-01;30.7;61.0;657;951;1318;5.54;dos
1.779.148.349.541;154032;ESP32-IDS-01;28.5;70.1;371;20;3;2.9;normal
1.779.157.801.664;8997;ESP32-IDS-01;30.3;60.9;924;28;9;3.3;dos
1.779.156.451.273;143834;ESP32-IDS-01;30.0;61.7;318;20;6;3.1;dos
1.779.146.632.497;7923;ESP32-IDS-01;28.7;65.3;1275;18;2;3.3;normal
1779145241.08;507965;ESP32-IDS-01;28.3;71.1;918;22;4;0.4;normal
1.779.146.776.686;152098;ESP32-IDS-01;28.6;64.1;321;24;7;1.5;normal
1.779.145.944.098;126356;ESP32-IDS-01;28.6;63.2;784;21;2;2.0;normal
1.779.149.732.639;1537181;ESP32-IDS-01;29.0;67.9;645;20;0;0.8;normal
1.779.145.630.164;897096;ESP32-IDS-01;28.4;65.4;563;20;1;0.9;normal
1.779.146.075.913;18729;ESP32-IDS-01;28.5;64.1;655;19;1;2.5;normal
1.779.146.483.368;111111;ESP32-IDS-01;28.6;62.6;387;20;1;0.6;normal
1.779.166.014.382;120460;ESP32-IDS-01;31.4;57.6;560;20;5;6.76;dos
1.779.166.372.495;39212;ESP32-IDS-01;30.0;53.3;4373;32;6;3.63;dos
1779148923.58;728095;ESP32-IDS-01;28.9;68.5;346;19;1;1.2;normal
1.779.167.208.276;247108;ESP32-IDS-01;28.8;53.1;1199;29;9;2.33;dos
1.779.148.693.901;498376;ESP32-IDS-01;28.9;68.7;788;31;18;0.8;normal
1.779.151.378.612;1180654;ESP32-IDS-01;29.9;64.3;427;19;1;0.2;dos
1.779.155.720.175;42542;ESP32-IDS-01;30.0;62.1;1699;57;1;2.09;dos
1.779.148.507.299;311797;ESP32-IDS-01;28.7;69.5;470;19;1;1.0;normal
1.779.164.836.694;486051;ESP32-IDS-01;30.3;62.0;7276;9999;0;1.74;dos
1.779.145.593.523;860454;ESP32-IDS-01;28.4;68.4;486;19;3;1.8;normal
1.779.149.733.034;1537571;ESP32-IDS-01;29.0;67.9;390;22;3;0.7;normal
1.779.151.195.907;997919;ESP32-IDS-01;29.8;64.9;574;33;9;2.2;dos
1.779.148.502.896;307393;ESP32-IDS-01;28.7;69.5;990;21;2;2.1;normal
1.779.151.447.462;1249529;ESP32-IDS-01;30.0;64.1;447;20;0;2.9;dos
1779149445.68;1250208;ESP32-IDS-01;28.9;68.2;630;20;2;1.7;normal
1.779.155.813.535;89545;ESP32-IDS-01;30.0;62.2;3205;47;24;1.3;dos
1.779.145.669.016;935949;ESP32-IDS-01;28.4;65.4;557;19;1;0.7;normal
1.779.148.276.324;80818;ESP32-IDS-01;28.2;70.3;454;20;1;3.5;normal
1.779.166.186.273;37873;ESP32-IDS-01;31.2;56.2;10000;910;1338;2.34;dos
1.779.145.125.037;391952;ESP32-IDS-01;28.2;69.1;475;19;1;0.1;normal
1.779.155.275.807;543924;ESP32-IDS-01;30.0;62.3;545;28;15;3.13;dos
1.779.145.697.981;964915;ESP32-IDS-01;28.5;65.0;602;20;1;1.6;normal
1779156585.86;278397;ESP32-IDS-01;30.0;61.7;633;25;9;3.96;dos
1.779.145.319.212;586134;ESP32-IDS-01;28.3;68.4;707;19;2;1.3;normal
1.779.148.672.957;477460;ESP32-IDS-01;28.9;68.9;947;19;1;3.0;normal
1.779.145.731.258;18739;ESP32-IDS-01;28.5;63.7;655;19;2;2.5;normal
1.779.151.894.114;1695985;ESP32-IDS-01;29.8;64.3;4230;75;25;3.2;dos
1.779.160.135.376;50503;ESP32-IDS-01;30.7;61.1;801;363;1011;7.89;dos
1.779.150.070.416;1874970;ESP32-IDS-01;29.0;67.7;497;20;1;1.9;dos
1.779.152.125.602;1927581;ESP32-IDS-01;29.9;64.3;344;21;7;3.1;dos
1.779.156.198.521;41403;ESP32-IDS-01;30.0;61.9;1818;9999;0;2.25;dos
1.779.159.508.851;319921;ESP32-IDS-01;30.6;61.0;633;63;67;0.8;dos
1.779.145.195.706;462562;ESP32-IDS-01;28.3;68.0;592;21;2;2.8;normal
1.779.150.780.731;575673;ESP32-IDS-01;29.5;66.3;10000;1706;2473;0.56;dos
1.779.155.681.946;8642;ESP32-IDS-01;30.0;60.6;777;20;4;4.17;dos
1779151364.46;1166525;ESP32-IDS-01;29.9;64.4;868;20;0;1.0;dos
1.779.159.948.312;80089;ESP32-IDS-01;30.5;61.4;3547;412;490;1.28;dos
1.779.165.652.991;1324769;ESP32-IDS-01;31.3;58.4;4218;36;11;0.4;dos
1.779.158.508.334;126768;ESP32-IDS-01;30.2;61.5;1985;914;2640;2.2;dos
1.779.145.806.154;22080;ESP32-IDS-01;28.5;65.0;602;20;0;0.2;normal
1.779.148.891.123;695637;ESP32-IDS-01;28.9;68.5;682;20;1;3.0;normal
1.779.149.678.342;1482715;ESP32-IDS-01;29.0;67.8;453;75;168;1.3;normal
1.779.148.670.222;474717;ESP32-IDS-01;28.9;68.9;878;21;2;1.1;normal
1.779.150.512.597;314398;ESP32-IDS-01;29.0;67.7;1314;69;42;3.76;dos
1.779.146.672.105;47529;ESP32-IDS-01;28.6;63.6;873;19;1;1.3;normal
1779149162.19;966713;ESP32-IDS-01;28.8;68.5;951;20;1;1.1;normal
1779159052.44;133723;ESP32-IDS-01;30.5;60.6;4430;398;533;2.23;dos
1.779.146.379.518;7291;ESP32-IDS-01;28.7;65.6;626;18;1;3.3;normal
1.779.165.112.138;779951;ESP32-IDS-01;30.8;59.9;3539;1329;1939;1.48;dos
1.779.145.892.409;74643;ESP32-IDS-01;28.6;65.1;570;20;0;3.3;normal
1.779.145.565.963;832886;ESP32-IDS-01;28.4;68.0;844;21;7;1.6;normal
1.779.154.424.628;103764;ESP32-IDS-01;30.1;62.4;481;17;1;2.3;dos
1.779.154.440.837;106880;ESP32-IDS-01;30.1;62.4;934;9999;0;2.5;dos
1.779.145.463.441;730216;ESP32-IDS-01;28.3;67.7;941;69;147;3.3;normal
1779151107.59;909558;ESP32-IDS-01;29.8;65.1;736;31;9;1.56;dos
1779145730.26;17762;ESP32-IDS-01;28.5;65.4;330;19;2;0.2;normal
1.779.149.301.157;1105416;ESP32-IDS-01;28.9;68.3;419;109;269;1.9;normal
1.779.152.217.332;2019379;ESP32-IDS-01;29.8;64.3;469;25;26;4.13;dos
1.779.146.119.003;61846;ESP32-IDS-01;28.5;62.8;957;18;4;1.3;normal
1.779.154.155.487;292491;ESP32-IDS-01;29.9;62.7;316;36;23;6.66;dos
1.779.146.594.121;90710;ESP32-IDS-01;28.6;62.8;906;20;0;1.5;normal
1.779.148.687.278;491786;ESP32-IDS-01;28.9;68.8;312;20;1;3.2;normal
1.779.146.329.205;11236;ESP32-IDS-01;28.7;63.4;965;19;1;3.4;normal
1779151376.11;1178177;ESP32-IDS-01;29.9;64.3;423;19;1;0.4;dos
1.779.152.356.154;2158151;ESP32-IDS-01;29.9;63.9;758;48;32;1.9;dos
1.779.146.226.292;169141;ESP32-IDS-01;28.6;64.0;442;18;3;2.4;normal
1.779.146.449.208;76979;ESP32-IDS-01;28.7;64.9;833;19;1;2.5;normal
1.779.165.473.841;1145591;ESP32-IDS-01;31.1;59.1;639;29;19;7.36;dos
1.779.149.453.919;1258426;ESP32-IDS-01;28.9;68.2;693;20;2;3.5;normal
1779145735.21;22709;ESP32-IDS-01;28.5;64.7;463;21;0;0.4;normal
1.779.153.076.881;51716;ESP32-IDS-01;29.9;63.1;956;19;5;3.09;dos
1.779.148.852.826;657308;ESP32-IDS-01;28.9;68.6;702;21;2;1.5;normal
1.779.156.221.784;78769;ESP32-IDS-01;30.0;61.9;728;20;3;2.67;dos
1.779.148.205.104;9574;ESP32-IDS-01;27.7;65.7;924;18;2;3.3;normal
1779145286.52;553437;ESP32-IDS-01;28.3;69.2;756;20;1;1.4;normal
1.779.146.660.505;35927;ESP32-IDS-01;28.7;63.2;560;20;0;1.4;normal
1.779.159.415.505;226650;ESP32-IDS-01;30.5;61.2;768;27;0;2.0;dos
1.779.150.539.215;325812;ESP32-IDS-01;29.1;67.4;697;2277;1221;1.73;dos
1.779.149.041.271;845791;ESP32-IDS-01;29.0;68.2;509;19;1;0.7;normal
1.779.158.798.888;55211;ESP32-IDS-01;30.3;61.3;1202;63;93;2.33;dos
1.779.146.750.501;125926;ESP32-IDS-01;28.6;63.5;425;20;0;1.6;normal
1.779.149.795.004;1599548;ESP32-IDS-01;29.0;67.8;542;20;0;0.1;normal
1.779.153.781.456;121404;ESP32-IDS-01;30.0;62.5;737;398;519;4.87;dos
1.779.148.467.341;271825;ESP32-IDS-01;28.7;69.5;458;24;7;3.0;normal
1.779.145.342.011;608931;ESP32-IDS-01;28.3;66.6;405;20;0;1.1;normal
1.779.150.644.141;443910;ESP32-IDS-01;29.2;67.2;10000;87;36;1.0;dos
1.779.150.470.106;272119;ESP32-IDS-01;29.0;67.8;320;22;8;1.7;dos
1.779.145.626.237;893169;ESP32-IDS-01;28.4;66.4;379;19;1;2.2;normal
1.779.152.665.505;142232;ESP32-IDS-01;29.9;63.5;1170;31;5;3.3;dos
1.779.152.036.154;1838211;ESP32-IDS-01;29.8;64.4;726;17;1;2.28;dos
1.779.164.848.671;520401;ESP32-IDS-01;30.4;61.7;317;38;6;1.9;dos
1.779.146.441.892;69662;ESP32-IDS-01;28.7;64.6;993;19;3;2.5;normal
1.779.155.039.337;306995;ESP32-IDS-01;30.0;62.4;10000;162;376;0.35;dos
1.779.155.179.555;447543;ESP32-IDS-01;30.1;62.2;4107;56;12;1.34;dos
1.779.167.108.517;147409;ESP32-IDS-01;28.8;53.3;918;19;4;1.7;dos
1779166636.78;180799;ESP32-IDS-01;29.3;54.7;799;61;5;8.21;dos
1.779.154.741.426;9504;ESP32-IDS-01;30.0;62.4;924;25;11;4.38;dos
1.779.145.388.533;655455;ESP32-IDS-01;28.3;68.9;340;20;0;1.7;normal
1779145842.17;24400;ESP32-IDS-01;28.5;65.5;728;30;15;1.3;normal
1.779.146.359.909;41940;ESP32-IDS-01;28.7;62.2;601;19;2;0.5;normal
1.779.149.240.475;1044970;ESP32-IDS-01;28.9;68.5;302;29;18;0.6;normal
1.779.151.018.187;820119;ESP32-IDS-01;29.7;65.6;1195;39;18;2.64;dos
1.779.145.457.446;724346;ESP32-IDS-01;28.3;68.6;450;20;0;2.9;normal
1.779.148.665.081;469584;ESP32-IDS-01;28.9;69.0;944;20;4;2.9;normal
1.779.145.252.696;519588;ESP32-IDS-01;28.3;68.1;741;19;4;3.2;normal
1.779.153.243.984;213584;ESP32-IDS-01;30.0;62.9;10000;1747;2845;0.8;dos
1.779.152.762.415;239183;ESP32-IDS-01;29.9;63.4;460;24;6;2.67;dos
1.779.155.990.684;119773;ESP32-IDS-01;30.0;62.2;1276;170;201;2.2;dos
1.779.148.630.951;435456;ESP32-IDS-01;28.8;69.0;404;20;0;2.1;normal
1.779.146.011.261;193525;ESP32-IDS-01;28.6;63.9;906;20;0;1.3;normal
1.779.145.496.687;763459;ESP32-IDS-01;28.3;68.7;504;71;77;0.8;normal
1.779.145.828.228;10461;ESP32-IDS-01;28.5;65.3;732;24;12;0.9;normal
1.779.152.942.549;419323;ESP32-IDS-01;29.9;63.1;345;24;5;5.0;dos
1.779.145.356.321;623241;ESP32-IDS-01;28.3;68.7;407;20;0;0.7;normal
1.779.151.712.623;1513131;ESP32-IDS-01;29.8;64.6;1360;530;487;1.9;dos
1.779.149.266.035;1070523;ESP32-IDS-01;28.9;68.4;741;33;39;0.4;normal
1.779.151.430.043;1232086;ESP32-IDS-01;30.0;64.2;488;20;2;2.4;dos
1.779.148.598.246;402752;ESP32-IDS-01;28.8;69.2;316;19;3;0.9;normal
1.779.148.298.011;102506;ESP32-IDS-01;28.3;70.3;707;19;2;2.9;normal
1.779.145.222.943;489800;ESP32-IDS-01;28.3;68.7;468;31;17;0.3;normal
1.779.148.674.827;479303;ESP32-IDS-01;28.9;68.9;414;28;17;3.3;normal
1.779.165.013.939;677880;ESP32-IDS-01;30.6;60.7;10000;2635;2900;3.55;dos
1.779.149.168.853;973224;ESP32-IDS-01;28.8;68.5;832;70;77;2.5;normal
1.779.146.308.467;251312;ESP32-IDS-01;28.6;63.8;368;20;1;2.2;normal
1.779.145.682.291;949224;ESP32-IDS-01;28.5;64.8;692;20;0;0.8;normal
1.779.165.179.278;839277;ESP32-IDS-01;30.9;59.6;991;3257;1885;5.02;dos
1.779.151.228.396;1020343;ESP32-IDS-01;29.8;64.9;10000;976;1830;2.65;dos
1.779.165.563.734;1235556;ESP32-IDS-01;31.2;58.8;969;20;6;5.03;dos
1.779.151.271.968;1074030;ESP32-IDS-01;29.9;64.6;710;20;0;1.5;dos
1.779.149.213.822;1018348;ESP32-IDS-01;28.8;68.5;883;19;2;1.2;normal
1779146334.44;16446;ESP32-IDS-01;28.7;64.6;801;19;2;2.9;normal
1.779.150.460.858;262782;ESP32-IDS-01;28.9;68.0;10000;49;27;0.6;dos
1.779.149.598.605;1403143;ESP32-IDS-01;29.1;67.7;461;20;1;1.7;normal
1.779.153.418.294;379476;ESP32-IDS-01;30.1;62.6;10000;9999;0;3.1;dos
1.779.156.897.792;43126;ESP32-IDS-01;30.0;62.3;1034;300;417;2.57;dos
1.779.145.969.163;151423;ESP32-IDS-01;28.6;64.4;545;20;0;1.3;normal
1.779.149.383.335;1187858;ESP32-IDS-01;29.0;68.1;431;21;1;2.7;normal
1.779.149.780.098;1584636;ESP32-IDS-01;29.0;67.8;815;21;3;2.6;normal
1.779.146.573.612;70201;ESP32-IDS-01;28.6;61.9;993;20;3;2.5;normal
1.779.150.567.227;369263;ESP32-IDS-01;29.2;67.2;807;18;1;2.44;dos
1779158066.99;220291;ESP32-IDS-01;30.2;61.0;840;25;9;5.06;dos
1.779.166.507.599;52834;ESP32-IDS-01;29.5;53.7;5032;29;7;1.2;dos
1.779.149.000.042;804321;ESP32-IDS-01;29.0;68.2;544;99;119;0.2;normal
1.779.158.607.873;89350;ESP32-IDS-01;30.1;61.7;563;31;14;3.08;dos
1.779.158.205.804;359023;ESP32-IDS-01;30.3;60.9;516;41;22;1.9;dos
1.779.145.251.153;518069;ESP32-IDS-01;28.3;68.9;436;20;0;3.1;normal
1.779.165.518.649;1184780;ESP32-IDS-01;31.2;59.1;4440;2090;1802;3.23;dos
1.779.145.663.129;930054;ESP32-IDS-01;28.4;66.7;699;20;1;3.4;normal
1779146066.92;9760;ESP32-IDS-01;28.5;63.7;732;19;1;0.9;normal
1.779.158.329.961;482049;ESP32-IDS-01;30.3;60.9;2589;416;1147;2.89;dos
1.779.149.144.527;949039;ESP32-IDS-01;28.9;68.4;798;22;8;3.4;normal
1.779.149.275.477;1079979;ESP32-IDS-01;28.9;68.4;487;20;1;2.7;normal
1.779.158.693.785;175274;ESP32-IDS-01;30.1;60.2;701;26;28;6.51;dos
1.779.149.596.377;1400887;ESP32-IDS-01;29.1;67.7;453;21;1;3.3;normal
1.779.159.954.302;87301;ESP32-IDS-01;30.5;61.5;376;23;3;5.16;dos
1.779.148.552.384;356890;ESP32-IDS-01;28.7;69.5;481;19;2;2.0;normal
1.779.149.084.145;888663;ESP32-IDS-01;28.9;68.3;903;20;0;1.6;normal
1.779.165.608.162;1279967;ESP32-IDS-01;31.3;58.5;2365;24;11;0.72;dos
1.779.148.828.528;633034;ESP32-IDS-01;28.9;68.6;923;22;3;1.9;normal
1.779.145.932.057;114316;ESP32-IDS-01;28.6;64.9;669;21;2;3.1;normal
1.779.157.978.361;131659;ESP32-IDS-01;30.2;60.9;795;23;9;3.26;dos
1779146587.74;84302;ESP32-IDS-01;28.6;63.0;633;21;1;0.8;normal
1.779.145.690.169;957102;ESP32-IDS-01;28.5;64.2;697;20;0;1.1;normal
1.779.148.553.165;357488;ESP32-IDS-01;28.7;69.5;598;79;91;2.2;normal
1779148301.16;105655;ESP32-IDS-01;28.3;70.3;676;20;1;1.6;normal
1.779.145.843.213;25449;ESP32-IDS-01;28.5;65.1;486;19;3;2.4;normal
1.779.154.504.481;178984;ESP32-IDS-01;30.1;62.3;10000;55;13;2.8;dos
1.779.145.997.952;180217;ESP32-IDS-01;28.6;63.9;656;19;1;3.4;normal
1.779.145.719.833;7337;ESP32-IDS-01;28.5;67.1;626;20;1;3.3;normal
1.779.146.525.449;22033;ESP32-IDS-01;28.6;63.8;358;20;5;1.7;normal
1.779.149.201.865;1006381;ESP32-IDS-01;28.8;68.5;876;20;1;2.2;normal
1.779.149.069.958;874482;ESP32-IDS-01;29.0;68.2;462;18;2;3.3;normal
1.779.153.788.367;125835;ESP32-IDS-01;30.0;62.5;1966;1246;1765;2.71;dos
1.779.166.290.696;147073;ESP32-IDS-01;30.5;54.9;993;29;16;3.3;dos
1.779.148.479.313;283784;ESP32-IDS-01;28.7;69.5;730;20;2;1.2;normal
1.779.167.095.256;134124;ESP32-IDS-01;28.8;53.2;455;19;4;2.9;dos
1.779.145.935.966;118228;ESP32-IDS-01;28.6;63.1;315;20;0;0.2;normal
1.779.165.301.233;972986;ESP32-IDS-01;31.0;59.3;612;31;9;4.73;dos
1.779.146.489.013;116784;ESP32-IDS-01;28.6;62.8;787;20;1;3.0;normal
1.779.148.793.368;597866;ESP32-IDS-01;28.9;68.5;341;24;3;1.8;normal
1.779.159.674.644;60221;ESP32-IDS-01;30.7;60.9;10000;9999;0;2.96;dos
1.779.149.805.345;1609894;ESP32-IDS-01;29.0;67.8;766;19;1;1.2;normal
1779149307.29;1111795;ESP32-IDS-01;28.9;68.3;978;19;2;1.1;normal
1.779.149.771.839;1576196;ESP32-IDS-01;29.0;67.8;511;82;98;1.0;normal
1.779.151.412.635;1214693;ESP32-IDS-01;29.9;64.3;354;22;8;2.3;dos
1.779.146.114.878;57722;ESP32-IDS-01;28.5;64.1;1204;18;2;0.3;normal
1.779.151.663.004;1447898;ESP32-IDS-01;29.8;64.4;8384;9999;0;2.22;dos
1.779.153.525.581;500435;ESP32-IDS-01;30.0;62.7;982;17;1;3.92;dos
1.779.145.709.386;976299;ESP32-IDS-01;28.5;65.2;607;19;3;2.6;normal
1.779.148.312.376;116829;ESP32-IDS-01;28.3;70.3;787;34;22;3.0;normal
1.779.151.246.739;1048797;ESP32-IDS-01;29.9;64.8;990;20;0;2.1;dos
1.779.149.688.224;1492751;ESP32-IDS-01;29.0;67.8;684;20;0;1.0;normal
1.779.149.634.168;1438693;ESP32-IDS-01;29.0;67.7;907;23;4;2.2;normal
1.779.152.918.587;374779;ESP32-IDS-01;29.9;63.2;669;9999;0;3.1;dos
1.779.150.098.139;1902694;ESP32-IDS-01;28.9;67.8;543;19;6;1.6;dos
1.779.164.843.432;515191;ESP32-IDS-01;30.3;61.9;952;26;15;2.4;dos
1.779.145.170.442;437344;ESP32-IDS-01;28.3;69.1;707;23;9;1.3;normal
1.779.145.439.787;706684;ESP32-IDS-01;28.3;68.5;599;20;0;1.9;normal
1.779.149.710.133;1514648;ESP32-IDS-01;29.0;67.9;996;22;3;0.7;normal
1.779.157.350.558;48789;ESP32-IDS-01;30.1;61.8;322;439;1144;2.4;dos
1.779.148.501.248;305745;ESP32-IDS-01;28.7;69.5;575;21;3;1.7;normal
1.779.146.471.821;99580;ESP32-IDS-01;28.6;63.6;922;23;4;2.2;normal
1.779.154.020.024;157058;ESP32-IDS-01;30.0;62.5;379;31;35;0.3;dos
1.779.157.525.227;91807;ESP32-IDS-01;30.2;61.4;480;36;21;2.48;dos
1.779.153.992.622;115165;ESP32-IDS-01;30.0;62.5;779;2793;2859;2.67;dos
1.779.146.557.414;53997;ESP32-IDS-01;28.6;63.6;746;22;1;2.7;normal
1.779.151.261.398;1063437;ESP32-IDS-01;29.9;64.7;970;19;1;3.5;dos
1.779.159.014.292;96732;ESP32-IDS-01;30.5;60.6;728;25;13;2.67;dos
1779146572.62;69208;ESP32-IDS-01;28.6;61.9;560;20;0;2.0;normal
1.779.150.780.879;575673;ESP32-IDS-01;29.5;66.3;10000;1706;2473;0.56;dos
1.779.146.177.225;120044;ESP32-IDS-01;28.6;62.4;921;19;1;1.2;normal
1.779.148.843.148;647630;ESP32-IDS-01;28.9;68.6;488;21;1;2.6;normal
1.779.164.534.385;206116;ESP32-IDS-01;29.7;64.6;410;23;5;4.24;dos
1.779.157.933.718;86983;ESP32-IDS-01;30.3;60.8;1183;32;12;2.15;dos
1.779.165.469.921;1140738;ESP32-IDS-01;31.1;59.1;685;342;453;1.56;dos
1.779.149.369.786;1174317;ESP32-IDS-01;29.0;68.2;771;19;1;2.2;normal
1.779.149.390.427;1194959;ESP32-IDS-01;29.0;68.1;1181;19;1;1.3;normal
1.779.146.252.953;195772;ESP32-IDS-01;28.6;65.4;914;20;2;0.4;normal
1.779.151.568.788;1370806;ESP32-IDS-01;29.9;64.1;340;38;27;1.7;dos
1.779.145.436.964;703885;ESP32-IDS-01;28.3;68.7;843;21;0;0.5;normal
1.779.149.627.759;1432300;ESP32-IDS-01;29.0;67.7;463;19;3;2.2;normal
1.779.149.542.133;1346668;ESP32-IDS-01;29.0;68.0;912;19;3;2.8;normal
1.779.155.817.977;96072;ESP32-IDS-01;30.1;62.2;571;34;26;2.25;dos
1.779.153.585.341;552083;ESP32-IDS-01;30.0;62.7;4672;9999;0;1.5;dos
1.779.145.358.789;625714;ESP32-IDS-01;28.3;68.9;406;18;2;0.8;normal
1.779.149.334.573;1139100;ESP32-IDS-01;29.0;68.2;434;18;1;2.1;normal
1779149230.95;1035473;ESP32-IDS-01;28.9;68.5;402;20;0;2.4;normal
1.779.155.774.663;52703;ESP32-IDS-01;30.0;62.2;667;53;11;0.5;dos
1.779.151.342.688;1144156;ESP32-IDS-01;29.9;64.4;316;219;298;0.9;dos
1779152985.59;462365;ESP32-IDS-01;29.9;63.1;982;28;14;3.92;dos
1.779.152.330.013;2115357;ESP32-IDS-01;29.9;64.0;922;9999;0;1.2;dos
1.779.146.063.854;6701;ESP32-IDS-01;28.5;66.1;516;17;2;0.1;normal
1.779.167.336.684;375494;ESP32-IDS-01;28.7;52.7;3235;42;6;1.41;dos
1.779.153.835.659;176678;ESP32-IDS-01;30.0;62.5;318;39;24;3.1;dos
1.779.149.659.553;1464092;ESP32-IDS-01;29.0;67.8;337;20;0;3.4;normal
1.779.160.093.348;9536;ESP32-IDS-01;30.7;61.1;924;19;6;4.38;dos
1.779.149.428.253;1232783;ESP32-IDS-01;28.9;68.1;611;20;1;0.7;normal
1.779.157.839.533;46851;ESP32-IDS-01;30.3;60.9;801;23;11;4.15;dos
1.779.155.908.787;41316;ESP32-IDS-01;30.0;62.2;965;38;17;4.37;dos
1.779.148.396.547;201041;ESP32-IDS-01;28.6;69.9;401;21;2;0.1;normal
1779146432.72;60489;ESP32-IDS-01;28.7;64.0;747;19;1;2.6;normal
1.779.145.598.397;865321;ESP32-IDS-01;28.4;67.7;494;21;1;3.0;normal
1.779.159.638.768;32511;ESP32-IDS-01;30.7;59.6;3923;1215;1478;1.85;dos
1.779.165.656.122;1327845;ESP32-IDS-01;31.4;58.4;351;54;41;0.7;dos
1.779.148.560.862;365190;ESP32-IDS-01;28.7;69.4;400;78;86;2.7;normal
1.779.156.336.995;10278;ESP32-IDS-01;30.0;61.9;732;9999;0;3.63;dos
1779149590.48;1395015;ESP32-IDS-01;29.1;67.7;343;20;0;1.0;normal
1.779.158.696.632;178090;ESP32-IDS-01;30.1;61.7;993;27;12;5.31;dos
1779148443.17;247640;ESP32-IDS-01;28.7;69.6;742;20;4;1.4;normal
1.779.153.968.692;96891;ESP32-IDS-01;30.0;62.5;5507;1990;2920;0.2;dos
1.779.149.215.221;1019718;ESP32-IDS-01;28.8;68.5;928;20;0;3.0;normal
1.779.148.686.535;491038;ESP32-IDS-01;28.9;68.8;658;21;3;1.2;normal
1.779.151.550.549;1352619;ESP32-IDS-01;29.9;64.1;696;20;0;1.3;dos
1.779.148.888.636;692834;ESP32-IDS-01;28.9;68.5;770;117;145;2.7;normal
1.779.149.257.062;1061546;ESP32-IDS-01;28.9;68.5;791;32;15;0.3;normal
1.779.149.298.266;1102775;ESP32-IDS-01;28.9;68.3;508;21;3;2.3;normal
1.779.159.101.437;44807;ESP32-IDS-01;30.4;60.8;898;30;28;3.73;dos
1.779.145.283.383;550301;ESP32-IDS-01;28.3;68.9;941;20;1;0.3;normal
1.779.146.730.052;105450;ESP32-IDS-01;28.6;64.7;941;20;0;0.4;normal
1.779.146.384.297;12061;ESP32-IDS-01;28.7;65.3;474;21;1;1.6;normal
1.779.150.471.554;273547;ESP32-IDS-01;29.0;67.8;721;33;20;2.3;dos
1.779.165.289.271;929000;ESP32-IDS-01;30.9;59.5;937;9999;0;1.7;dos
1.779.145.430.104;696846;ESP32-IDS-01;28.3;68.0;538;72;78;2.5;normal
1.779.154.907.369;165364;ESP32-IDS-01;30.0;62.4;10000;9999;0;3.18;dos
1.779.148.668.904;473414;ESP32-IDS-01;28.9;68.9;427;19;1;1.9;normal
1.779.146.742.874;118266;ESP32-IDS-01;28.6;62.8;654;22;5;2.4;normal
1.779.151.407.385;1209450;ESP32-IDS-01;29.9;64.3;422;20;0;1.9;dos
1.779.155.504.575;195327;ESP32-IDS-01;30.0;62.3;461;32;16;2.4;dos
1.779.154.328.946;8075;ESP32-IDS-01;30.0;61.0;626;21;6;8.09;dos
1.779.150.121.602;1926156;ESP32-IDS-01;28.9;67.9;591;19;1;1.2;dos
1.779.148.966.824;771339;ESP32-IDS-01;28.9;68.5;548;20;0;1.4;normal
1779149590.48;1395015;ESP32-IDS-01;29.1;67.7;343;20;0;1.0;normal
1.779.150.477.401;278371;ESP32-IDS-01;29.0;67.7;752;361;508;3.2;dos
1779167255.31;294201;ESP32-IDS-01;28.7;53.0;811;21;5;4.33;dos
1.779.155.415.965;106702;ESP32-IDS-01;30.0;62.2;455;27;7;2.9;dos
1.779.146.652.865;28284;ESP32-IDS-01;28.7;64.2;480;20;1;0.4;normal
1.779.148.492.931;297422;ESP32-IDS-01;28.7;69.5;738;22;4;0.3;normal
1.779.155.952.007;84542;ESP32-IDS-01;30.0;62.2;486;29;8;2.4;dos
1.779.160.110.874;14287;ESP32-IDS-01;30.7;61.1;686;9999;0;3.26;dos
1.779.153.699.361;40445;ESP32-IDS-01;30.0;62.6;686;27;14;3.26;dos
1.779.145.304.337;571259;ESP32-IDS-01;28.3;69.0;664;19;2;1.4;normal
1.779.148.428.025;232521;ESP32-IDS-01;28.7;69.7;938;20;1;1.8;normal
1.779.146.557.414;53997;ESP32-IDS-01;28.6;63.6;746;22;1;2.7;normal
1.779.151.460.504;1262547;ESP32-IDS-01;30.0;64.0;598;20;1;2.4;dos
1.779.150.342.842;144814;ESP32-IDS-01;28.8;68.0;755;39;33;2.6;dos
1.779.146.033.212;215477;ESP32-IDS-01;28.6;66.1;656;20;0;1.7;normal
1.779.153.975.625;111677;ESP32-IDS-01;30.0;62.5;737;354;503;3.51;dos
1.779.166.994.266;30086;ESP32-IDS-01;28.9;52.8;10000;1027;1479;0.14;dos
1.779.153.398.417;367497;ESP32-IDS-01;30.1;62.6;721;1390;1277;3.69;dos
1.779.153.054.455;7859;ESP32-IDS-01;29.9;61.7;626;4119;617;3.3;dos
1.779.146.219.441;162260;ESP32-IDS-01;28.6;64.0;959;19;3;1.0;normal
1.779.149.196.719;1001243;ESP32-IDS-01;28.8;68.5;398;20;0;1.8;normal
1.779.151.269.695;1071755;ESP32-IDS-01;29.9;64.6;836;21;1;3.0;dos
1.779.145.814.121;30072;ESP32-IDS-01;28.5;66.1;808;20;0;0.2;normal
1.779.146.170.425;113270;ESP32-IDS-01;28.6;65.4;708;19;1;2.8;normal
1.779.148.409.909;214397;ESP32-IDS-01;28.6;69.8;656;23;6;1.7;normal
1.779.164.576.949;248723;ESP32-IDS-01;29.8;64.4;519;22;6;5.33;dos
1.779.145.625.908;892790;ESP32-IDS-01;28.4;66.4;938;36;43;1.2;normal
1.779.145.305.049;571969;ESP32-IDS-01;28.3;69.0;710;20;1;0.9;normal
1.779.151.578.492;1380564;ESP32-IDS-01;29.9;64.2;961;20;0;2.5;dos
1.779.151.009.444;811322;ESP32-IDS-01;29.7;65.7;2047;69;42;1.9;dos
1.779.146.082.477;25319;ESP32-IDS-01;28.5;64.1;571;19;3;0.5;normal
1.779.146.107.455;50297;ESP32-IDS-01;28.5;63.5;551;19;5;1.3;normal
1.779.148.614.859;419349;ESP32-IDS-01;28.8;69.1;603;23;4;3.4;normal
1.779.148.427.318;231583;ESP32-IDS-01;28.7;69.7;495;97;116;0.4;normal
1.779.148.863.529;668006;ESP32-IDS-01;28.9;68.6;544;21;2;0.7;normal
1.779.146.335.906;17933;ESP32-IDS-01;28.7;64.6;820;20;0;1.7;normal
1.779.149.010.277;814795;ESP32-IDS-01;29.0;68.2;957;19;1;1.9;normal
1.779.158.477.596;98689;ESP32-IDS-01;30.2;61.5;1181;35;27;3.75;dos
1.779.149.314.105;1118600;ESP32-IDS-01;28.9;68.3;747;19;3;0.7;normal
1.779.149.522.172;1326704;ESP32-IDS-01;29.0;68.0;715;19;1;2.7;normal
1.779.154.109.022;246076;ESP32-IDS-01;29.9;62.6;1216;27;7;2.82;dos
1.779.148.506.833;311327;ESP32-IDS-01;28.7;69.5;610;21;6;0.1;normal
1.779.145.734.142;21644;ESP32-IDS-01;28.5;63.7;358;20;0;1.7;normal
1.779.148.294.052;98545;ESP32-IDS-01;28.3;70.3;479;20;0;1.4;normal
1.779.149.280.277;1084805;ESP32-IDS-01;28.9;68.4;456;19;1;2.1;normal
1.779.148.982.836;787343;ESP32-IDS-01;28.9;68.4;855;19;4;1.7;normal
1.779.145.533.104;800031;ESP32-IDS-01;28.4;68.5;649;19;1;1.6;normal
1.779.146.097.997;40828;ESP32-IDS-01;28.5;63.5;934;20;2;2.5;normal
1779146279.33;222177;ESP32-IDS-01;28.6;65.7;598;20;1;1.7;normal
1.779.151.947.267;1749323;ESP32-IDS-01;29.8;64.2;497;26;23;5.42;dos
1.779.146.641.194;16531;ESP32-IDS-01;28.7;63.4;801;40;43;2.9;normal
1.779.153.612.344;587145;ESP32-IDS-01;30.0;62.7;351;32;22;2.6;dos
1.779.148.807.072;611552;ESP32-IDS-01;28.9;68.5;696;30;31;1.3;normal
1779164715.17;386894;ESP32-IDS-01;30.2;62.9;399;39;28;1.1;dos
1.779.151.348.343;1150407;ESP32-IDS-01;29.9;64.4;524;20;0;1.2;dos
1779148688.51;492993;ESP32-IDS-01;28.9;68.8;741;19;1;3.2;normal
1.779.149.770.387;1574924;ESP32-IDS-01;29.0;67.8;577;21;3;1.4;normal
1.779.145.589.417;856348;ESP32-IDS-01;28.4;68.5;877;19;2;0.7;normal
1.779.148.985.436;789952;ESP32-IDS-01;28.9;68.4;643;20;0;1.2;normal
1.779.156.791.569;460505;ESP32-IDS-01;30.0;62.0;516;9999;0;0.9;dos
1.779.146.541.176;37734;ESP32-IDS-01;28.6;63.7;795;30;15;2.0;normal
1.779.148.307.615;112111;ESP32-IDS-01;28.3;70.3;955;19;1;1.8;normal
1.779.145.701.011;967938;ESP32-IDS-01;28.5;64.8;576;21;1;0.3;normal
1.779.165.615.443;1287241;ESP32-IDS-01;31.4;58.4;1239;26;8;2.11;dos
1.779.149.732.148;1536536;ESP32-IDS-01;29.0;67.9;776;71;77;0.4;normal
1.779.157.390.047;89507;ESP32-IDS-01;30.1;61.7;931;23;6;1.97;dos
1.779.149.005.792;810302;ESP32-IDS-01;29.0;68.2;853;21;2;2.9;normal
1.779.151.299.353;1101416;ESP32-IDS-01;29.9;64.5;976;20;0;1.4;dos
1.779.146.254.292;197100;ESP32-IDS-01;28.6;65.4;420;26;13;3.2;normal
1.779.146.378.929;6665;ESP32-IDS-01;28.7;65.6;466;30;18;0.1;normal
1.779.151.560.771;1362843;ESP32-IDS-01;29.9;64.1;382;20;0;2.9;dos
1.779.146.353.248;35282;ESP32-IDS-01;28.7;63.1;995;19;3;2.2;normal
1.779.167.004.228;43049;ESP32-IDS-01;28.9;53.5;965;38;30;4.44;dos
1.779.157.610.837;82760;ESP32-IDS-01;30.2;61.4;972;40;28;5.62;dos
1.779.146.222.103;164947;ESP32-IDS-01;28.6;64.0;646;20;1;2.4;normal
1.779.151.314.112;1116112;ESP32-IDS-01;29.9;64.4;639;32;19;1.1;dos
1779166871.89;417070;ESP32-IDS-01;29.1;52.3;752;37;17;3.2;dos
1.779.150.649.243;450202;ESP32-IDS-01;29.2;67.2;1375;370;530;3.3;dos
1.779.151.256.578;1058441;ESP32-IDS-01;29.9;64.8;852;86;101;1.1;dos
1.779.149.635.283;1439788;ESP32-IDS-01;29.0;67.7;736;23;9;3.0;normal
1779149515.67;1320166;ESP32-IDS-01;29.0;68.0;754;32;35;2.9;normal
1.779.167.336.445;372259;ESP32-IDS-01;28.7;52.7;526;75;61;1.5;dos
1.779.151.511.962;1314038;ESP32-IDS-01;30.0;64.0;900;18;1;1.4;dos
1.779.158.328.553;479460;ESP32-IDS-01;30.3;60.9;7104;796;1133;1.74;dos
1.779.148.379.009;183451;ESP32-IDS-01;28.5;70.0;909;30;30;0.9;normal
1.779.146.761.548;136972;ESP32-IDS-01;28.6;63.5;982;19;2;2.9;normal
1.779.167.387.749;426636;ESP32-IDS-01;28.6;52.3;410;23;9;9.12;dos
1.779.146.391.876;19649;ESP32-IDS-01;28.7;64.6;956;18;2;1.0;normal
1.779.159.239.136;50299;ESP32-IDS-01;30.5;60.8;330;31;8;3.23;dos
1.779.151.680.835;1482841;ESP32-IDS-01;29.8;64.6;711;42;46;3.61;dos
1.779.146.691.053;66458;ESP32-IDS-01;28.6;64.6;461;22;2;2.4;normal
1.779.145.644.776;911696;ESP32-IDS-01;28.4;64.9;316;24;10;2.7;normal
1.779.159.427.165;232199;ESP32-IDS-01;30.6;61.1;889;27;18;3.42;dos
1.779.153.745.152;85150;ESP32-IDS-01;30.0;62.5;5453;392;991;2.5;dos
1.779.149.530.021;1334564;ESP32-IDS-01;29.0;68.0;390;17;3;2.2;normal
1.779.148.507.299;311797;ESP32-IDS-01;28.7;69.5;470;19;1;1.0;normal
1.779.151.251.511;1053546;ESP32-IDS-01;29.9;64.8;345;20;1;3.2;dos
1.779.152.941.499;418281;ESP32-IDS-01;29.9;63.1;990;25;7;2.11;dos
1.779.154.104.114;240085;ESP32-IDS-01;30.0;62.5;796;387;1088;0.5;dos
1.779.145.658.933;925865;ESP32-IDS-01;28.4;64.7;413;20;1;1.6;normal
1.779.145.369.321;636245;ESP32-IDS-01;28.3;68.1;650;19;1;2.8;normal
1.779.164.755.262;426947;ESP32-IDS-01;30.2;62.5;1253;51;46;1.5;dos
1.779.149.018.004;822522;ESP32-IDS-01;29.0;68.2;842;20;1;1.6;normal
1779165737.51;1405041;ESP32-IDS-01;31.4;58.2;10000;773;469;3.3;dos
1.779.149.259.176;1063699;ESP32-IDS-01;28.9;68.5;742;21;3;2.0;normal
1.779.152.613.013;89630;ESP32-IDS-01;29.9;63.5;1142;58;9;1.08;dos
1779150470.83;272826;ESP32-IDS-01;29.0;67.8;707;19;3;5.73;dos
1.779.153.152.569;126231;ESP32-IDS-01;29.9;63.1;1637;57;23;0.8;dos
1.779.145.729.113;16612;ESP32-IDS-01;28.5;65.4;667;21;1;0.5;normal
1.779.145.407.796;674719;ESP32-IDS-01;28.3;68.5;978;20;0;2.1;normal
1.779.149.699.616;1504161;ESP32-IDS-01;29.0;67.9;536;19;3;1.6;normal
1779145877.15;59411;ESP32-IDS-01;28.5;66.2;553;19;1;2.0;normal
1.779.159.146.349;89747;ESP32-IDS-01;30.5;60.7;728;22;6;2.67;dos
1.779.148.238.432;42897;ESP32-IDS-01;28.0;69.5;455;20;0;2.9;normal
1.779.151.854.524;1656553;ESP32-IDS-01;29.8;64.4;711;36;12;4.92;dos
1.779.148.415.559;220058;ESP32-IDS-01;28.6;69.8;882;19;2;0.4;normal
1.779.153.704.009;45154;ESP32-IDS-01;30.0;62.6;667;20;6;0.5;dos
1.779.164.792.965;460266;ESP32-IDS-01;30.2;62.5;397;1512;2160;9.46;dos
1.779.146.580.095;76685;ESP32-IDS-01;28.6;63.5;494;19;2;2.0;normal
1.779.149.779.485;1583821;ESP32-IDS-01;29.0;67.8;620;81;184;1.2;normal
1.779.149.309.397;1113921;ESP32-IDS-01;28.9;68.3;815;21;3;1.4;normal
1.779.154.470.065;148159;ESP32-IDS-01;30.1;62.4;634;30;9;1.3;dos
1.779.151.514.732;1316776;ESP32-IDS-01;30.0;64.0;920;20;2;2.4;dos
1.779.153.922.396;55710;ESP32-IDS-01;30.0;62.5;3558;1261;1272;0.48;dos
1.779.152.531.297;8012;ESP32-IDS-01;30.0;61.8;626;29;10;6.49;dos
1.779.154.466.382;144463;ESP32-IDS-01;30.1;62.4;895;31;5;3.65;dos
1.779.145.878.253;60519;ESP32-IDS-01;28.5;65.7;340;18;1;2.4;normal
1.779.156.713.155;405654;ESP32-IDS-01;30.1;61.7;634;36;5;2.5;dos
1.779.152.615.204;90110;ESP32-IDS-01;29.9;63.5;480;624;520;6.65;dos
1.779.157.981.953;135256;ESP32-IDS-01;30.2;60.9;934;21;7;2.5;dos
1.779.146.443.873;71638;ESP32-IDS-01;28.7;63.7;518;21;3;3.2;normal
1.779.148.945.274;749791;ESP32-IDS-01;28.9;68.5;772;19;1;3.5;normal
1.779.151.576.244;1378295;ESP32-IDS-01;29.9;64.2;954;18;2;0.9;dos
1779148313.33;117795;ESP32-IDS-01;28.3;70.3;654;19;3;2.4;normal
1779146685.89;61313;ESP32-IDS-01;28.6;64.2;747;20;0;2.6;normal
1.779.146.117.324;60142;ESP32-IDS-01;28.5;62.8;300;20;3;2.4;normal
1.779.150.120.066;1924618;ESP32-IDS-01;28.9;67.9;658;21;1;1.1;dos
1.779.149.493.671;1298203;ESP32-IDS-01;29.0;68.1;975;20;5;2.6;normal
1.779.164.973.413;642167;ESP32-IDS-01;30.5;61.0;419;71;36;1.8;dos
1.779.157.524.729;91327;ESP32-IDS-01;30.2;61.4;958;32;24;1.24;dos
1.779.156.541.924;234474;ESP32-IDS-01;30.0;61.7;518;29;17;5.13;dos
1.779.158.512.947;133995;ESP32-IDS-01;30.2;61.5;2080;55;84;2.78;dos
1.779.148.919.566;723457;ESP32-IDS-01;28.9;68.5;617;219;299;1.7;normal
1.779.154.508.028;183909;ESP32-IDS-01;30.1;62.3;4925;399;1047;0.5;dos
1.779.145.796.806;12731;ESP32-IDS-01;28.5;65.7;686;20;0;1.8;normal
1.779.164.800.324;472082;ESP32-IDS-01;30.2;62.4;648;25;8;2.2;dos
1.779.151.302.394;1104410;ESP32-IDS-01;29.9;64.5;613;27;10;3.0;dos
1.779.146.388.163;15899;ESP32-IDS-01;28.7;62.6;801;22;1;2.9;normal
1779157756.21;56352;ESP32-IDS-01;30.3;60.9;486;364;1040;6.52;dos
1.779.164.977.579;649346;ESP32-IDS-01;30.5;61.0;3984;19;2;3.2;dos
1.779.148.757.293;561764;ESP32-IDS-01;28.9;68.5;762;31;11;3.3;normal
1779145246.19;513104;ESP32-IDS-01;28.2;68.6;611;21;1;0.3;normal
1.779.148.420.621;225096;ESP32-IDS-01;28.6;69.8;849;19;2;0.6;normal
1779156793.08;484588;ESP32-IDS-01;30.0;62.0;10000;379;456;1.44;dos
1.779.148.384.537;189017;ESP32-IDS-01;28.5;70.0;423;17;0;1.9;normal
1.779.148.499.503;303830;ESP32-IDS-01;28.7;69.5;848;76;88;3.0;normal
1.779.149.732.148;1536536;ESP32-IDS-01;29.0;67.9;776;71;77;0.4;normal
1.779.166.426.566;93345;ESP32-IDS-01;29.8;55.0;931;24;9;3.05;dos
1.779.159.009.738;87353;ESP32-IDS-01;30.5;60.6;10000;1079;60;1.1;dos
1.779.146.280.692;223538;ESP32-IDS-01;28.6;65.7;936;19;1;1.3;normal
1.779.155.446.524;136096;ESP32-IDS-01;30.0;62.3;5261;408;366;3.49;dos
1.779.155.056.314;324427;ESP32-IDS-01;30.1;62.3;724;25;10;3.78;dos
1.779.149.309.915;1114440;ESP32-IDS-01;28.9;68.3;519;21;0;0.4;normal
1.779.154.508.279;187308;ESP32-IDS-01;30.1;62.4;3399;45;62;2.39;dos
1.779.148.362.657;167151;ESP32-IDS-01;28.5;70.1;759;20;0;1.9;normal
1.779.148.430.238;234717;ESP32-IDS-01;28.7;69.6;376;26;10;3.2;normal
1.779.145.378.882;645747;ESP32-IDS-01;28.3;68.5;777;39;39;0.7;normal
1.779.145.949.048;131309;ESP32-IDS-01;28.6;62.5;970;20;4;0.5;normal
1779156354.25;43113;ESP32-IDS-01;30.0;61.8;2474;1253;1470;2.3;dos
1.779.148.640.341;444848;ESP32-IDS-01;28.8;69.0;733;19;1;2.0;normal
1.779.146.802.532;18024;ESP32-IDS-01;28.6;64.4;322;20;2;2.4;normal
1779151311.91;1113972;ESP32-IDS-01;29.9;64.4;630;20;0;0.1;dos
1.779.149.116.666;921180;ESP32-IDS-01;28.9;68.3;750;20;1;2.0;normal
1.779.146.227.899;170718;ESP32-IDS-01;28.6;63.3;590;20;2;1.2;normal
1.779.155.281.064;549158;ESP32-IDS-01;30.0;62.3;907;36;21;3.9;dos
1.779.158.428.565;49597;ESP32-IDS-01;30.2;61.4;330;50;48;0.2;dos
1.779.153.556.125;522345;ESP32-IDS-01;30.0;62.7;10000;2297;592;0.95;dos
1.779.151.088.984;878361;ESP32-IDS-01;29.7;65.4;10000;9999;0;2.37;dos
1.779.150.473.942;275975;ESP32-IDS-01;29.0;67.8;676;19;8;1.6;dos
1.779.165.882.001;136444;ESP32-IDS-01;31.4;57.6;785;18;0;4.47;dos
1.779.150.143.971;1948531;ESP32-IDS-01;28.9;68.0;362;19;2;0.1;dos
1.779.146.402.325;30088;ESP32-IDS-01;28.7;64.8;808;21;1;0.2;normal
1.779.146.540.358;36939;ESP32-IDS-01;28.6;63.7;326;20;0;1.3;normal
1.779.148.317.567;122022;ESP32-IDS-01;28.4;70.3;898;33;37;0.2;normal
1.779.167.010.916;49758;ESP32-IDS-01;28.8;53.1;820;32;18;2.92;dos
1.779.148.831.608;636118;ESP32-IDS-01;28.9;68.6;625;20;1;0.6;normal
1.779.166.680.761;225710;ESP32-IDS-01;29.3;54.6;786;109;57;5.29;dos
1.779.145.332.912;599835;ESP32-IDS-01;28.3;71.4;640;19;2;3.0;normal
1.779.149.376.628;1181163;ESP32-IDS-01;29.0;68.1;819;18;2;2.1;normal
1.779.166.218.296;58857;ESP32-IDS-01;31.0;55.3;486;9999;0;4.46;dos
1.779.150.603.342;403300;ESP32-IDS-01;29.2;67.2;1611;711;1003;2.42;dos
1.779.156.179.478;36340;ESP32-IDS-01;30.0;61.9;1172;45;42;2.35;dos
1.779.146.613.705;110289;ESP32-IDS-01;28.7;64.6;976;22;3;3.5;normal
1.779.148.396.144;200640;ESP32-IDS-01;28.6;69.9;987;20;2;0.4;normal
1.779.164.982.747;654265;ESP32-IDS-01;30.6;60.7;796;111;141;4.26;dos
1.779.154.512.013;191124;ESP32-IDS-01;30.2;62.3;581;20;9;2.9;dos
1.779.145.244.166;511057;ESP32-IDS-01;28.2;68.6;574;21;1;2.0;normal
1.779.151.257.895;1059956;ESP32-IDS-01;29.9;64.8;913;20;5;3.4;dos
1.779.146.147.729;90571;ESP32-IDS-01;28.6;64.4;906;20;1;1.5;normal
1.779.148.457.337;261577;ESP32-IDS-01;28.7;69.6;770;106;126;0.5;normal
1.779.149.618.855;1423396;ESP32-IDS-01;29.0;67.7;472;19;1;0.1;normal
1.779.146.246.751;189598;ESP32-IDS-01;28.6;65.2;810;19;1;1.6;normal
1.779.152.266.628;2068687;ESP32-IDS-01;29.9;64.1;612;25;10;5.47;dos
1779154019.68;156679;ESP32-IDS-01;30.0;62.5;895;33;5;1.42;dos
1.779.148.899.591;704104;ESP32-IDS-01;28.9;68.5;525;20;0;2.2;normal
1.779.149.782.234;1586753;ESP32-IDS-01;29.0;67.8;527;20;0;2.3;normal
1.779.146.681.001;56424;ESP32-IDS-01;28.7;63.9;918;19;1;1.7;normal
1.779.148.746.101;550605;ESP32-IDS-01;29.0;68.4;300;20;1;2.0;normal
1779148760.62;565106;ESP32-IDS-01;28.9;68.5;922;18;1;1.3;normal
1.779.148.237.486;41975;ESP32-IDS-01;28.0;69.3;601;21;1;0.5;normal
1.779.148.713.769;518247;ESP32-IDS-01;29.0;68.5;824;19;4;2.6;normal
1.779.148.518.367;322866;ESP32-IDS-01;28.7;69.5;833;20;1;2.8;normal
1.779.145.973.477;155740;ESP32-IDS-01;28.6;62.6;907;20;0;2.8;normal
1779146171.09;113939;ESP32-IDS-01;28.6;65.4;669;17;2;3.1;normal
1.779.164.491.184;162941;ESP32-IDS-01;29.7;64.7;580;18;2;0.6;dos
1.779.145.533.104;800031;ESP32-IDS-01;28.4;68.5;649;19;1;1.6;normal
1.779.149.777.922;1582466;ESP32-IDS-01;29.0;67.8;625;19;1;2.2;normal
1.779.146.750.501;125926;ESP32-IDS-01;28.6;63.5;425;20;0;1.6;normal
1.779.153.566.258;541031;ESP32-IDS-01;30.0;62.7;998;28;4;2.0;dos
1.779.150.101.837;1906373;ESP32-IDS-01;28.9;67.9;442;26;7;2.3;dos
1.779.146.181.503;124351;ESP32-IDS-01;28.6;65.5;345;18;2;2.1;normal
1.779.165.026.514;697221;ESP32-IDS-01;30.7;60.5;770;385;540;1.8;dos
1.779.149.641.723;1446237;ESP32-IDS-01;29.0;67.7;551;20;0;0.8;normal
1.779.149.699.084;1503625;ESP32-IDS-01;29.0;67.9;988;20;1;3.2;normal
1.779.146.488.226;115997;ESP32-IDS-01;28.6;62.8;772;20;1;1.1;normal
1.779.145.239.102;505898;ESP32-IDS-01;28.3;69.2;495;52;38;3.3;normal
1.779.151.414.358;1216423;ESP32-IDS-01;29.9;64.3;878;20;0;1.1;dos
1.779.166.645.457;190373;ESP32-IDS-01;29.3;54.7;747;123;82;7.95;dos
1.779.148.650.957;455460;ESP32-IDS-01;28.8;69.0;943;21;1;2.0;normal
1.779.146.387.332;15098;ESP32-IDS-01;28.7;64.1;479;20;0;1.5;normal
1779148769.52;574016;ESP32-IDS-01;28.9;68.5;640;23;5;3.0;normal
1.779.165.389.109;1060927;ESP32-IDS-01;31.0;59.2;1186;20;6;3.04;dos
1.779.150.113.662;1918206;ESP32-IDS-01;28.9;67.9;853;24;6;3.2;dos
1.779.164.623.576;295341;ESP32-IDS-01;29.9;63.9;410;18;3;2.6;dos
1779154461.11;136630;ESP32-IDS-01;30.1;62.4;701;545;1052;5.08;dos
1.779.148.587.681;392134;ESP32-IDS-01;28.8;69.2;954;28;17;0.6;normal
1.779.154.783.265;50234;ESP32-IDS-01;30.0;62.3;655;50;46;4.03;dos
1.779.151.325.427;1127484;ESP32-IDS-01;29.9;64.4;924;21;2;1.1;dos
1.779.146.100.792;43601;ESP32-IDS-01;28.5;63.9;549;28;12;3.4;normal
1.779.151.258.453;1060471;ESP32-IDS-01;29.9;64.8;515;26;9;2.2;dos
1.779.149.723.513;1528055;ESP32-IDS-01;29.0;67.9;894;20;2;1.1;normal
1.779.158.156.682;309993;ESP32-IDS-01;30.3;59.2;579;21;6;3.63;dos
1.779.148.499.503;303830;ESP32-IDS-01;28.7;69.5;848;76;88;3.0;normal
1.779.149.079.483;884003;ESP32-IDS-01;28.9;68.2;392;20;1;1.1;normal
1779148969.8;774314;ESP32-IDS-01;28.9;68.4;938;20;0;1.2;normal
1.779.159.554.033;365201;ESP32-IDS-01;30.7;61.1;479;38;25;1.4;dos
1779145543.12;810031;ESP32-IDS-01;28.4;71.2;681;24;9;0.5;normal
1.779.148.457.337;261577;ESP32-IDS-01;28.7;69.6;770;106;126;0.5;normal
1.779.145.114.353;381266;ESP32-IDS-01;28.2;69.3;764;20;1;2.5;normal
1.779.152.169.833;1971892;ESP32-IDS-01;29.9;64.3;530;28;17;3.5;dos
1.779.155.003.858;270936;ESP32-IDS-01;30.0;62.5;8800;32;28;2.6;dos
1.779.151.487.092;1289137;ESP32-IDS-01;30.0;64.0;409;20;2;0.4;dos
1.779.166.560.733;105912;ESP32-IDS-01;29.4;55.0;934;49;19;4.64;dos
1.779.145.696.333;963238;ESP32-IDS-01;28.5;65.0;935;21;4;2.7;normal
1.779.159.263.306;54077;ESP32-IDS-01;30.5;60.8;358;9999;0;1.7;dos
1.779.145.946.845;129106;ESP32-IDS-01;28.6;65.9;349;19;2;1.6;normal
1.779.149.371.412;1175918;ESP32-IDS-01;29.0;68.2;701;19;1;2.3;normal
1.779.146.538.688;35274;ESP32-IDS-01;28.6;63.4;995;21;0;2.2;normal
1.779.154.407.878;75136;ESP32-IDS-01;30.1;62.4;10000;4549;427;0.48;dos
1.779.149.064.004;868497;ESP32-IDS-01;29.0;68.2;935;20;1;0.6;normal
1.779.149.002.669;807181;ESP32-IDS-01;29.0;68.2;884;21;1;0.5;normal
1.779.166.049.584;155443;ESP32-IDS-01;31.5;57.5;10000;76;18;0.3;dos
1.779.152.837.961;311477;ESP32-IDS-01;29.9;63.3;7799;416;976;3.63;dos
1779157394.73;94204;ESP32-IDS-01;30.1;61.7;823;17;0;4.12;dos
1.779.157.697.633;169512;ESP32-IDS-01;30.3;61.2;2071;66;34;3.58;dos
1.779.158.018.735;170829;ESP32-IDS-01;30.2;60.9;2940;409;973;0.64;dos
1.779.153.724.902;55171;ESP32-IDS-01;30.0;62.6;6419;9999;0;1.66;dos
1.779.146.583.672;80258;ESP32-IDS-01;28.6;63.6;626;20;0;3.3;normal
1.779.146.186.585;129412;ESP32-IDS-01;28.6;62.4;653;25;10;2.5;normal
1779158605.21;86616;ESP32-IDS-01;30.1;61.6;358;54;39;10.08;dos
1.779.149.399.042;1203573;ESP32-IDS-01;29.0;68.1;996;20;1;1.2;normal
1.779.165.298.195;969988;ESP32-IDS-01;31.0;59.3;751;18;3;5.26;dos
1.779.155.132.547;399533;ESP32-IDS-01;30.1;62.2;481;394;501;2.1;dos
1.779.158.566.968;46406;ESP32-IDS-01;30.1;61.5;593;370;1022;2.39;dos
1.779.167.261.077;299961;ESP32-IDS-01;28.7;53.0;481;19;2;4.18;dos
1.779.167.114.897;153790;ESP32-IDS-01;28.8;53.5;535;19;2;1.0;dos
1.779.151.148.142;949966;ESP32-IDS-01;29.8;65.0;606;66;19;3.55;dos
1.779.167.199.443;229534;ESP32-IDS-01;28.7;53.1;10000;1903;1650;1.85;dos
1.779.149.163.658;968125;ESP32-IDS-01;28.8;68.5;548;30;31;1.8;normal
1.779.149.441.176;1245711;ESP32-IDS-01;28.9;68.1;559;18;2;1.9;normal
1.779.153.427.765;402608;ESP32-IDS-01;30.1;62.6;2750;23;4;1.7;dos
1.779.155.139.818;407929;ESP32-IDS-01;30.0;62.2;5300;20;12;0.6;dos
1.779.148.358.029;162489;ESP32-IDS-01;28.5;70.1;959;21;0;1.0;normal
1779146267.76;210609;ESP32-IDS-01;28.6;63.2;317;19;1;1.9;normal
1.779.166.155.327;11691;ESP32-IDS-01;31.3;57.3;965;38;62;3.4;dos
1.779.157.170.368;14131;ESP32-IDS-01;30.0;62.4;965;24;8;2.3;dos
1.779.157.343.331;42812;ESP32-IDS-01;30.1;61.9;474;21;3;1.6;dos
1.779.167.427.226;444284;ESP32-IDS-01;28.6;52.4;8216;4352;171;2.52;dos
1779146694.07;69493;ESP32-IDS-01;28.6;61.1;560;19;2;2.0;normal
1779158207.5;360771;ESP32-IDS-01;30.3;60.9;721;30;20;2.3;dos
1.779.166.195.445;51857;ESP32-IDS-01;31.2;56.2;322;28;2;5.51;dos
1.779.145.855.671;37932;ESP32-IDS-01;28.5;64.6;795;20;1;2.0;normal
1.779.149.701.993;1506532;ESP32-IDS-01;29.0;67.9;676;20;0;1.9;normal
1.779.146.306.157;249005;ESP32-IDS-01;28.6;64.9;924;20;1;1.5;normal
1.779.146.095.464;38302;ESP32-IDS-01;28.5;64.7;590;19;1;3.1;normal
1.779.148.734.751;539247;ESP32-IDS-01;29.0;68.5;361;24;5;0.5;normal
1.779.148.846.533;651015;ESP32-IDS-01;28.9;68.6;477;20;0;2.9;normal
1.779.149.082.182;886698;ESP32-IDS-01;28.9;68.3;316;21;2;2.7;normal
1.779.153.475.672;450500;ESP32-IDS-01;30.1;62.6;428;27;6;3.4;dos
1.779.156.495.965;188524;ESP32-IDS-01;30.0;61.8;300;23;10;2.4;dos
1.779.148.327.212;131707;ESP32-IDS-01;28.4;70.3;516;20;1;0.9;normal
1.779.148.546.251;350755;ESP32-IDS-01;28.7;69.5;407;19;2;1.1;normal
1.779.145.708.756;975692;ESP32-IDS-01;28.5;64.2;961;19;2;1.5;normal
1.779.148.747.437;551947;ESP32-IDS-01;29.0;68.4;993;19;2;1.8;normal
1.779.146.753.688;129111;ESP32-IDS-01;28.6;64.7;468;21;1;2.6;normal
1.779.155.814.163;92283;ESP32-IDS-01;30.0;62.2;358;27;12;12.87;dos
1.779.164.614.024;281238;ESP32-IDS-01;29.9;64.2;2521;799;1064;1.2;dos
1.779.166.507.268;47802;ESP32-IDS-01;29.5;53.7;1273;906;1284;2.5;dos
1.779.146.049.321;231561;ESP32-IDS-01;28.5;65.1;371;20;0;3.3;normal
1.779.148.943.628;748115;ESP32-IDS-01;28.9;68.5;602;21;1;2.1;normal
1.779.155.537.949;223592;ESP32-IDS-01;30.0;62.3;10000;1375;1975;2.24;dos
1.779.160.042.537;34419;ESP32-IDS-01;30.6;60.2;2918;274;351;1.94;dos
1.779.156.761.203;453692;ESP32-IDS-01;30.0;61.9;968;47;55;2.8;dos
1.779.149.143.724;948241;ESP32-IDS-01;28.9;68.4;838;21;2;2.4;normal
1.779.146.152.177;95018;ESP32-IDS-01;28.6;65.5;439;20;2;2.8;normal
1.779.150.098.847;1903373;ESP32-IDS-01;28.9;67.9;679;19;3;3.4;dos
1.779.151.564.342;1366414;ESP32-IDS-01;29.9;64.1;947;20;0;0.8;dos
1.779.146.682.721;58146;ESP32-IDS-01;28.6;63.1;840;19;3;0.3;normal
1.779.146.454.323;82100;ESP32-IDS-01;28.7;65.0;1174;17;2;0.3;normal
1.779.152.895.759;371504;ESP32-IDS-01;29.9;63.2;387;24;8;0.6;dos
1.779.146.773.006;148430;ESP32-IDS-01;28.6;63.8;385;20;1;0.1;normal
1.779.155.351.049;31011;ESP32-IDS-01;30.0;62.3;10000;9999;0;0.58;dos
1.779.158.102.017;253180;ESP32-IDS-01;30.3;60.8;889;53;19;2.3;dos
1.779.166.474.301;15619;ESP32-IDS-01;29.6;54.3;479;55;48;3.59;dos
1.779.149.116.666;921180;ESP32-IDS-01;28.9;68.3;750;20;1;2.0;normal
1.779.153.926.708;63685;ESP32-IDS-01;30.0;62.5;602;39;17;0.2;dos
1.779.152.806.993;283781;ESP32-IDS-01;29.9;63.3;724;19;1;3.78;dos
1.779.145.178.345;445260;ESP32-IDS-01;28.3;68.6;958;20;1;0.9;normal
1.779.149.046.154;850651;ESP32-IDS-01;29.0;68.2;518;19;3;2.3;normal
1779148862.95;667462;ESP32-IDS-01;28.9;68.6;771;20;2;2.1;normal
1.779.146.073.119;15935;ESP32-IDS-01;28.5;63.0;801;19;1;2.9;normal
1.779.148.494.839;299313;ESP32-IDS-01;28.7;69.5;675;20;1;1.3;normal
1.779.150.315.782;100645;ESP32-IDS-01;28.8;67.9;535;9999;0;1.0;dos
1.779.167.008.605;47470;ESP32-IDS-01;28.8;53.1;491;27;7;1.5;dos
1.779.166.375.756;42549;ESP32-IDS-01;30.0;55.6;314;18;0;7.87;dos
1.779.154.145.588;282151;ESP32-IDS-01;30.0;62.5;4993;172;297;0.7;dos
1.779.151.767.237;1569131;ESP32-IDS-01;29.8;64.5;2312;44;38;3.43;dos
1.779.149.425.589;1230119;ESP32-IDS-01;29.0;68.0;371;19;3;0.9;normal
1.779.146.774.115;149523;ESP32-IDS-01;28.6;63.8;349;26;9;2.9;normal
1.779.153.295.207;270059;ESP32-IDS-01;30.0;62.8;993;18;2;5.52;dos
1.779.149.081.862;886382;ESP32-IDS-01;28.9;68.3;847;19;0;2.7;normal
1.779.157.317.708;7163;ESP32-IDS-01;30.1;60.6;466;1112;2127;2.25;dos
1.779.146.436.801;64569;ESP32-IDS-01;28.7;64.2;889;20;1;2.3;normal
1.779.154.826.622;94718;ESP32-IDS-01;30.0;62.3;3430;25;7;2.29;dos
1.779.145.828.228;10461;ESP32-IDS-01;28.5;65.3;732;24;12;0.9;normal
1.779.165.073.415;745179;ESP32-IDS-01;30.8;60.0;967;34;25;5.27;dos
1.779.148.510.027;314519;ESP32-IDS-01;28.7;69.5;601;23;6;2.1;normal
1.779.148.426.589;231088;ESP32-IDS-01;28.7;69.7;633;19;2;2.2;normal
1.779.151.857.731;1659795;ESP32-IDS-01;29.8;64.4;779;22;6;3.28;dos
1.779.152.327.345;2115357;ESP32-IDS-01;29.9;64.0;922;9999;0;1.2;dos
1.779.153.789.348;130441;ESP32-IDS-01;30.0;62.5;779;30;6;5.23;dos
1.779.165.381.764;1050437;ESP32-IDS-01;31.0;59.2;2444;55;12;1.1;dos
1.779.148.227.005;31493;ESP32-IDS-01;27.9;68.7;823;21;2;2.9;normal
1.779.165.658.065;1329859;ESP32-IDS-01;31.4;58.4;453;23;16;0.3;dos
1.779.149.004.218;808736;ESP32-IDS-01;29.0;68.2;844;19;2;1.6;normal
1.779.149.179.081;983579;ESP32-IDS-01;28.8;68.5;602;20;0;1.3;normal
1.779.156.482.431;171764;ESP32-IDS-01;30.0;61.7;7581;417;540;2.23;dos
1.779.158.156.108;309414;ESP32-IDS-01;30.3;59.2;991;21;5;0.4;dos
1.779.149.182.945;987285;ESP32-IDS-01;28.8;68.5;541;80;92;1.1;normal
1.779.164.571.331;232720;ESP32-IDS-01;29.8;64.4;10000;2446;1505;0.3;dos
1.779.159.904.931;37831;ESP32-IDS-01;30.6;61.2;3246;50;7;0.9;dos
1779146754.69;130113;ESP32-IDS-01;28.6;64.7;653;19;4;2.5;normal
1.779.145.359.457;626383;ESP32-IDS-01;28.3;68.9;669;18;2;3.5;normal
1.779.145.513.547;780467;ESP32-IDS-01;28.3;70.9;701;21;4;2.6;normal
1779150956.56;757430;ESP32-IDS-01;29.5;66.1;10000;394;505;1.7;dos
1.779.146.693.519;68933;ESP32-IDS-01;28.6;61.1;848;22;4;0.7;normal
1.779.148.500.667;305170;ESP32-IDS-01;28.7;69.5;465;19;1;2.1;normal
1.779.149.528.005;1332517;ESP32-IDS-01;29.0;68.0;917;19;3;0.5;normal
1.779.157.271.736;89469;ESP32-IDS-01;30.1;62.1;876;9999;0;3.14;dos
1.779.157.214.906;41337;ESP32-IDS-01;30.1;62.3;314;27;13;1.5;dos
1.779.159.458.956;270150;ESP32-IDS-01;30.6;61.1;8941;17;0;2.01;dos
1.779.145.800.021;15883;ESP32-IDS-01;28.5;66.2;801;41;32;2.9;normal
1.779.148.343.461;147958;ESP32-IDS-01;28.5;70.2;385;19;3;0.1;normal
1.779.146.115.679;58521;ESP32-IDS-01;28.5;64.1;799;19;1;3.2;normal
1779148421.21;225680;ESP32-IDS-01;28.6;69.8;584;29;9;0.6;normal
1.779.152.042.065;1844100;ESP32-IDS-01;29.8;64.3;939;26;9;2.93;dos
1779148710.04;514544;ESP32-IDS-01;28.9;68.7;448;21;2;0.5;normal
1.779.152.566.263;40369;ESP32-IDS-01;30.0;63.5;10000;71;9;0.77;dos
1.779.165.059.928;730589;ESP32-IDS-01;30.7;60.4;10000;45;22;1.26;dos
1.779.148.961.512;766032;ESP32-IDS-01;28.9;68.5;974;19;3;1.0;normal
1.779.146.103.914;46741;ESP32-IDS-01;28.5;62.4;873;24;10;1.3;normal
1.779.148.438.715;243085;ESP32-IDS-01;28.7;69.6;743;52;49;1.0;normal
1779149165.82;970340;ESP32-IDS-01;28.8;68.5;556;19;3;2.1;normal
1.779.148.406.025;210521;ESP32-IDS-01;28.6;69.9;380;19;4;0.5;normal
1779156119.74;109014;ESP32-IDS-01;30.0;62.0;10000;9999;0;2.87;dos
1779149410.8;1215148;ESP32-IDS-01;29.0;68.1;595;81;89;0.6;normal
1.779.149.287.643;1092171;ESP32-IDS-01;28.9;68.4;982;19;1;1.9;normal
1.779.145.685.077;952015;ESP32-IDS-01;28.5;65.0;319;18;2;2.8;normal
1.779.149.196.323;1000845;ESP32-IDS-01;28.8;68.5;527;20;0;0.9;normal
1.779.148.795.487;599998;ESP32-IDS-01;28.9;68.5;406;20;3;0.8;normal
1.779.145.933.901;116160;ESP32-IDS-01;28.6;64.6;772;21;1;1.1;normal
1.779.145.177.038;443951;ESP32-IDS-01;28.3;68.6;518;21;1;2.8;normal
1779157660.49;133500;ESP32-IDS-01;30.2;61.3;481;38;21;2.3;dos
1.779.150.513.774;315775;ESP32-IDS-01;29.0;67.7;669;18;2;6.09;dos
1.779.157.212.997;39372;ESP32-IDS-01;30.1;62.3;474;34;10;1.6;dos
1.779.145.675.369;942302;ESP32-IDS-01;28.4;65.6;379;20;4;1.6;normal
1.779.148.725.494;529996;ESP32-IDS-01;29.0;68.5;556;20;2;1.7;normal
1.779.149.052.604;857122;ESP32-IDS-01;29.0;68.2;762;20;1;1.9;normal
1.779.149.256.228;1060755;ESP32-IDS-01;28.9;68.5;721;19;0;0.4;normal
1.779.148.327.212;131707;ESP32-IDS-01;28.4;70.3;516;20;1;0.9;normal
1.779.154.424.175;103283;ESP32-IDS-01;30.1;62.4;795;26;7;3.26;dos
1.779.146.315.504;258350;ESP32-IDS-01;28.6;63.8;766;20;1;2.9;normal
1.779.145.134.667;401578;ESP32-IDS-01;28.2;68.2;583;20;0;0.9;normal
1.779.151.311.302;1113342;ESP32-IDS-01;29.9;64.4;528;19;2;3.4;dos
1779151094.46;893201;ESP32-IDS-01;29.7;65.4;498;1108;1330;7.32;dos
1.779.153.977.351;114386;ESP32-IDS-01;30.0;62.5;560;23;8;1.4;dos
1779166696.22;241434;ESP32-IDS-01;29.3;52.4;626;34;12;4.9;dos
1.779.145.627.199;894104;ESP32-IDS-01;28.4;65.4;935;20;2;0.6;normal
1779149054.12;858635;ESP32-IDS-01;29.0;68.2;680;21;3;3.4;normal
1.779.148.847.043;651549;ESP32-IDS-01;28.9;68.6;534;21;1;2.4;normal
1.779.145.558.653;825581;ESP32-IDS-01;28.4;67.2;945;20;0;2.8;normal
1779145926.81;109070;ESP32-IDS-01;28.6;64.6;901;20;4;0.3;normal
1779156712.82;405020;ESP32-IDS-01;30.1;61.7;669;147;323;4.59;dos
1.779.157.021.723;154704;ESP32-IDS-01;30.0;62.4;10000;9999;0;3.2;dos
1.779.158.650.322;131775;ESP32-IDS-01;30.0;61.8;823;28;15;2.9;dos
1.779.146.521.988;18577;ESP32-IDS-01;28.6;63.6;322;19;1;2.4;normal
1.779.149.786.665;1591207;ESP32-IDS-01;29.0;67.8;901;20;0;2.1;normal
1.779.158.244.429;397732;ESP32-IDS-01;30.3;60.9;901;24;9;2.52;dos
1.779.145.617.326;884242;ESP32-IDS-01;28.4;67.1;680;20;1;3.4;normal
1.779.146.755.293;130693;ESP32-IDS-01;28.6;63.2;580;20;0;0.6;normal
1.779.145.958.513;140749;ESP32-IDS-01;28.6;63.3;999;21;3;1.7;normal
1.779.145.750.427;37880;ESP32-IDS-01;28.5;66.6;481;37;46;2.3;normal
1.779.157.707.824;8987;ESP32-IDS-01;30.3;61.1;924;23;11;4.38;dos
1.779.148.419.752;224247;ESP32-IDS-01;28.6;69.8;480;20;0;2.2;normal
1.779.148.573.389;377847;ESP32-IDS-01;28.7;69.4;995;22;7;3.2;normal
1.779.149.290.016;1094542;ESP32-IDS-01;28.9;68.4;662;20;0;3.5;normal
1.779.154.948.954;204758;ESP32-IDS-01;30.0;62.5;10000;9999;0;2.07;dos
1.779.159.549.546;360747;ESP32-IDS-01;30.6;61.1;892;26;9;0.8;dos
1.779.148.453.289;257789;ESP32-IDS-01;28.7;69.6;811;20;1;1.9;normal
1.779.151.194.745;996792;ESP32-IDS-01;29.8;64.9;594;22;7;0.9;dos
1.779.152.128.817;1930872;ESP32-IDS-01;29.9;64.3;505;24;21;3.28;dos
1.779.155.365.066;54848;ESP32-IDS-01;30.0;62.3;463;361;510;2.56;dos
1.779.146.651.425;26846;ESP32-IDS-01;28.7;64.2;931;20;0;0.9;normal
1.779.145.709.386;976299;ESP32-IDS-01;28.5;65.2;607;19;3;2.6;normal
1.779.158.784.462;46946;ESP32-IDS-01;30.2;61.5;593;34;22;2.39;dos
1.779.148.492.187;296684;ESP32-IDS-01;28.7;69.5;975;21;2;1.0;normal
1779158021.74;175046;ESP32-IDS-01;30.2;61.0;971;21;11;4.13;dos
1779156368.44;55648;ESP32-IDS-01;30.1;61.8;602;1333;242;1.86;dos
1.779.148.944.499;749019;ESP32-IDS-01;28.9;68.5;904;18;2;1.5;normal
1.779.153.075.733;50105;ESP32-IDS-01;29.9;63.1;1200;172;457;3.23;dos
1.779.148.800.949;605460;ESP32-IDS-01;28.9;68.5;498;20;1;3.4;normal
1.779.148.996.004;800486;ESP32-IDS-01;29.0;68.2;344;31;16;3.1;normal
1.779.159.315.074;120168;ESP32-IDS-01;30.5;61.1;10000;57;12;2.65;dos
1.779.145.347.858;614763;ESP32-IDS-01;28.3;68.4;708;25;6;2.0;normal
1.779.166.469.893;15140;ESP32-IDS-01;29.6;54.3;593;24;7;2.39;dos
1.779.155.410.777;101582;ESP32-IDS-01;30.0;62.3;795;18;3;4.52;dos
1.779.159.679.206;72378;ESP32-IDS-01;30.7;60.9;10000;334;423;0.58;dos
1.779.145.799.131;15082;ESP32-IDS-01;28.5;65.7;479;20;0;1.5;normal
1.779.146.570.474;67014;ESP32-IDS-01;28.6;61.9;841;27;11;1.9;normal
1.779.148.353.985;158454;ESP32-IDS-01;28.5;70.1;679;20;0;0.9;normal
1.779.148.602.737;407232;ESP32-IDS-01;28.8;69.2;707;22;3;3.1;normal
1.779.145.670.846;937777;ESP32-IDS-01;28.4;65.4;303;20;1;1.9;normal
1.779.150.428.959;230932;ESP32-IDS-01;28.9;68.0;571;30;20;1.5;dos
1.779.153.202.772;177495;ESP32-IDS-01;29.9;63.2;5040;55;28;0.3;dos
1.779.149.528.005;1332517;ESP32-IDS-01;29.0;68.0;917;19;3;0.5;normal
1.779.145.128.304;395217;ESP32-IDS-01;28.2;71.5;561;20;0;1.8;normal
1.779.149.709.109;1513652;ESP32-IDS-01;29.0;67.9;687;19;1;0.8;normal
1.779.149.431.408;1235936;ESP32-IDS-01;28.9;68.1;807;21;3;0.6;normal
1.779.153.706.207;47281;ESP32-IDS-01;30.0;62.6;655;36;24;5.55;dos
1.779.146.450.564;78331;ESP32-IDS-01;28.6;65.0;460;21;1;0.5;normal
1.779.153.650.826;618076;ESP32-IDS-01;30.0;62.6;5714;1142;1417;1.8;dos
1.779.152.349.679;2150710;ESP32-IDS-01;29.9;64.0;482;375;528;10.0;dos
1779159144.19;87578;ESP32-IDS-01;30.5;60.7;358;27;26;1.7;dos
1.779.158.247.607;400894;ESP32-IDS-01;30.3;60.9;955;31;6;3.89;dos
1.779.146.682.721;58146;ESP32-IDS-01;28.6;63.1;840;19;3;0.3;normal
1.779.165.510.665;1180340;ESP32-IDS-01;31.2;59.1;2936;52;19;3.44;dos
1.779.151.337.965;1140030;ESP32-IDS-01;29.9;64.4;909;19;3;1.1;dos
1.779.146.231.059;173881;ESP32-IDS-01;28.6;65.1;381;19;1;2.8;normal
1.779.155.417.174;107952;ESP32-IDS-01;30.0;62.2;549;21;4;5.22;dos
1.779.146.682.044;57306;ESP32-IDS-01;28.6;63.1;301;73;82;3.0;normal
1.779.157.117.219;259979;ESP32-IDS-01;29.9;62.6;1912;96;88;2.4;dos
1.779.156.403.793;96337;ESP32-IDS-01;30.1;61.8;780;23;5;4.08;dos
1.779.159.180.442;122129;ESP32-IDS-01;30.5;60.7;8987;585;749;0.31;dos
1.779.149.014.339;818851;ESP32-IDS-01;29.0;68.2;320;22;4;3.4;normal
1.779.152.567.578;43213;ESP32-IDS-01;30.0;63.5;2844;48;19;1.85;dos
1.779.149.303.082;1107566;ESP32-IDS-01;28.9;68.3;984;24;8;3.0;normal
1.779.146.747.084;122494;ESP32-IDS-01;28.6;64.8;898;23;5;0.2;normal
1.779.165.344.832;1016599;ESP32-IDS-01;31.0;59.3;493;29;11;4.33;dos
1.779.157.486.272;51857;ESP32-IDS-01;30.2;61.5;958;368;527;3.09;dos
1779154952.27;217240;ESP32-IDS-01;30.0;62.5;10000;394;391;2.48;dos
1.779.151.149.303;951191;ESP32-IDS-01;29.8;65.0;756;58;15;3.1;dos
1.779.156.215.895;71701;ESP32-IDS-01;30.0;61.9;5573;49;19;2.68;dos
1.779.151.419.124;1221009;ESP32-IDS-01;29.9;64.3;414;80;90;3.3;dos
1.779.157.663.551;136616;ESP32-IDS-01;30.3;61.2;934;21;6;4.64;dos
1.779.145.734.142;21644;ESP32-IDS-01;28.5;63.7;358;20;0;1.7;normal
1.779.148.566.944;371410;ESP32-IDS-01;28.7;69.4;769;32;19;0.1;normal
1779164615.18;286294;ESP32-IDS-01;29.9;64.2;321;224;497;7.73;dos
1.779.149.431.408;1235936;ESP32-IDS-01;28.9;68.1;807;21;3;0.6;normal
1.779.148.928.677;733191;ESP32-IDS-01;28.9;68.5;900;20;2;2.0;normal
1.779.146.763.928;139352;ESP32-IDS-01;28.6;64.0;420;20;1;3.1;normal
1.779.166.097.311;203299;ESP32-IDS-01;31.5;57.6;1786;42;13;2.26;dos
1779151378.16;1180227;ESP32-IDS-01;29.9;64.3;943;19;1;2.6;dos
1779148383.32;187819;ESP32-IDS-01;28.5;70.0;569;18;2;1.3;normal
1.779.164.625.164;296937;ESP32-IDS-01;29.9;63.9;1216;21;6;2.12;dos
1.779.146.172.984;115813;ESP32-IDS-01;28.6;62.4;772;20;1;1.1;normal
1.779.150.386.253;188259;ESP32-IDS-01;28.8;68.0;951;23;7;2.4;dos
1.779.158.206.101;359343;ESP32-IDS-01;30.3;60.9;320;41;32;4.83;dos
1.779.148.270.963;75455;ESP32-IDS-01;28.1;70.2;944;20;0;0.5;normal
1.779.157.844.702;52088;ESP32-IDS-01;30.3;60.9;972;29;23;1.5;dos
1.779.149.530.021;1334564;ESP32-IDS-01;29.0;68.0;390;17;3;2.2;normal
1.779.151.942.267;1743175;ESP32-IDS-01;29.8;64.2;5236;403;518;3.59;dos
1.779.146.085.633;28440;ESP32-IDS-01;28.5;64.7;752;20;0;2.8;normal
1.779.153.071.021;45808;ESP32-IDS-01;29.9;63.1;593;31;9;2.39;dos
1779146367.21;49242;ESP32-IDS-01;28.7;65.0;971;19;1;3.1;normal
1.779.151.577.531;1379603;ESP32-IDS-01;29.9;64.2;597;20;0;0.4;dos
1.779.166.013.671;116183;ESP32-IDS-01;31.4;57.6;3188;483;540;2.91;dos
1.779.148.718.347;522860;ESP32-IDS-01;29.0;68.5;438;18;2;1.8;normal
1.779.149.810.133;1614676;ESP32-IDS-01;29.0;67.8;842;19;1;3.4;normal
1.779.151.634.297;1436362;ESP32-IDS-01;29.8;64.3;892;23;8;5.64;dos
1.779.148.858.131;662647;ESP32-IDS-01;28.9;68.6;456;19;3;1.6;normal
1.779.167.479.007;517831;ESP32-IDS-01;28.6;52.2;679;38;5;2.37;dos
1.779.148.880.131;684649;ESP32-IDS-01;28.9;68.5;649;18;2;1.0;normal
1.779.164.581.082;252763;ESP32-IDS-01;29.8;64.2;744;52;34;3.3;dos
1.779.146.237.023;179870;ESP32-IDS-01;28.6;64.4;656;18;1;3.4;normal
1.779.151.015.028;817036;ESP32-IDS-01;29.7;65.7;984;28;24;4.02;dos
1.779.158.661.929;139130;ESP32-IDS-01;30.1;61.9;590;27;1;4.79;dos
1.779.146.215.408;158225;ESP32-IDS-01;28.6;64.3;679;20;1;0.9;normal
1.779.146.493.322;121079;ESP32-IDS-01;28.6;63.0;851;24;8;0.1;normal
1.779.148.828.528;633034;ESP32-IDS-01;28.9;68.6;923;22;3;1.9;normal
1.779.159.499.555;304512;ESP32-IDS-01;30.6;61.0;10000;1204;229;2.04;dos
1.779.154.394.815;61855;ESP32-IDS-01;30.1;62.4;958;9999;0;1.24;dos
1.779.156.268.644;125576;ESP32-IDS-01;30.1;61.8;590;32;20;4.79;dos
1.779.146.773.006;148430;ESP32-IDS-01;28.6;63.8;385;20;1;0.1;normal
1.779.145.593.523;860454;ESP32-IDS-01;28.4;68.4;486;19;3;1.8;normal
1.779.148.469.661;274160;ESP32-IDS-01;28.7;69.5;606;20;3;1.9;normal
1.779.146.019.344;201595;ESP32-IDS-01;28.6;64.5;428;23;7;3.1;normal
1.779.148.273.129;77624;ESP32-IDS-01;28.1;70.2;833;19;3;2.5;normal
1779159503.29;314489;ESP32-IDS-01;30.6;61.0;460;20;2;0.5;dos
1.779.146.469.462;97234;ESP32-IDS-01;28.6;64.9;919;19;3;0.5;normal
1.779.151.295.005;1097043;ESP32-IDS-01;29.9;64.5;660;20;0;1.4;dos
1.779.149.543.888;1348229;ESP32-IDS-01;29.0;68.0;637;20;1;2.4;normal
1.779.157.344.068;43498;ESP32-IDS-01;30.1;61.8;686;27;8;3.26;dos
1.779.149.259.176;1063699;ESP32-IDS-01;28.9;68.5;742;21;3;2.0;normal
1.779.151.471.935;1273998;ESP32-IDS-01;30.0;64.0;551;22;1;1.4;dos
1.779.159.287.086;98251;ESP32-IDS-01;30.5;61.1;780;21;7;4.08;dos
1.779.150.384.172;186102;ESP32-IDS-01;28.8;68.0;626;45;35;3.3;dos
1.779.151.326.716;1128779;ESP32-IDS-01;29.9;64.4;658;20;1;2.0;dos
1.779.164.669.574;341364;ESP32-IDS-01;30.0;63.3;722;18;3;0.8;dos
1.779.164.760.035;431807;ESP32-IDS-01;30.2;62.5;674;26;9;3.5;dos
1.779.166.243.185;99580;ESP32-IDS-01;30.8;55.0;998;32;19;1.2;dos
1.779.149.224.948;1029477;ESP32-IDS-01;28.9;68.5;395;18;2;0.2;normal
1.779.149.281.229;1085750;ESP32-IDS-01;28.9;68.4;945;20;2;1.5;normal
1.779.151.189.319;991349;ESP32-IDS-01;29.8;65.0;757;28;17;6.58;dos
1.779.149.407.966;1212495;ESP32-IDS-01;29.0;68.1;463;20;2;3.2;normal
1.779.150.922.578;724473;ESP32-IDS-01;29.5;66.2;949;68;76;3.05;dos
1.779.153.891.477;24688;ESP32-IDS-01;30.0;62.5;479;38;31;1.5;dos
1.779.145.535.552;802475;ESP32-IDS-01;28.4;71.1;983;21;1;0.9;normal
1.779.165.252.565;924370;ESP32-IDS-01;30.9;59.5;389;17;2;2.0;dos
1.779.154.873.957;142048;ESP32-IDS-01;30.0;62.5;379;28;14;2.94;dos
1.779.151.988.235;1789241;ESP32-IDS-01;29.8;64.3;3521;374;518;2.08;dos
1.779.146.511.242;7830;ESP32-IDS-01;28.6;65.4;626;20;1;3.3;normal
1.779.157.622.505;95532;ESP32-IDS-01;30.3;61.2;808;27;32;0.2;dos
1.779.146.264.626;207401;ESP32-IDS-01;28.6;63.8;469;43;69;2.4;normal
1779148914.2;718715;ESP32-IDS-01;28.9;68.5;711;20;1;0.7;normal
1.779.164.893.648;565429;ESP32-IDS-01;30.5;61.3;327;21;7;2.9;dos
1.779.167.169.872;207671;ESP32-IDS-01;28.7;53.2;1188;375;518;1.64;dos
1.779.145.403.395;670320;ESP32-IDS-01;28.3;68.8;330;19;1;0.6;normal
1.779.148.939.276;743791;ESP32-IDS-01;28.9;68.5;868;20;1;1.4;normal
1.779.148.874.883;679395;ESP32-IDS-01;28.9;68.5;843;20;5;0.5;normal
1.779.149.016.176;820690;ESP32-IDS-01;29.0;68.2;384;21;4;0.5;normal
1.779.145.401.962;668873;ESP32-IDS-01;28.3;67.5;795;21;0;3.2;normal
1.779.158.970.749;53096;ESP32-IDS-01;30.5;60.6;801;39;11;5.4;dos
1.779.145.951.149;133217;ESP32-IDS-01;28.6;62.5;681;84;191;3.1;normal
1.779.149.259.176;1063699;ESP32-IDS-01;28.9;68.5;742;21;3;2.0;normal
1.779.148.291.519;96014;ESP32-IDS-01;28.2;70.4;750;19;2;2.3;normal
1.779.149.173.105;977604;ESP32-IDS-01;28.8;68.5;514;19;1;0.4;normal
1.779.154.606.013;283912;ESP32-IDS-01;30.1;62.3;951;93;92;2.4;dos
1.779.148.944.499;749019;ESP32-IDS-01;28.9;68.5;904;18;2;1.5;normal
1.779.152.206.064;1994926;ESP32-IDS-01;29.9;64.3;10000;9999;0;1.1;dos
1779160133.16;44317;ESP32-IDS-01;30.7;61.1;3864;1031;3004;0.96;dos
1.779.146.385.007;12747;ESP32-IDS-01;28.7;64.1;686;21;3;1.8;normal
1.779.164.984.672;656406;ESP32-IDS-01;30.6;60.7;555;36;0;3.2;dos
1.779.151.357.082;1159143;ESP32-IDS-01;29.9;64.4;518;21;1;2.8;dos
1779146552.99;49552;ESP32-IDS-01;28.6;64.0;318;20;1;3.1;normal
1.779.152.262.358;2064395;ESP32-IDS-01;29.9;64.3;907;38;11;2.1;dos
1.779.145.336.189;603112;ESP32-IDS-01;28.3;68.1;637;19;1;1.0;normal
1.779.146.368.779;50808;ESP32-IDS-01;28.7;65.1;551;19;2;1.3;normal
1.779.165.389.915;1061716;ESP32-IDS-01;31.0;59.2;789;25;2;2.67;dos
1.779.146.761.933;137349;ESP32-IDS-01;28.6;63.5;377;23;3;1.2;normal
1.779.160.000.118;133091;ESP32-IDS-01;30.5;61.5;779;30;13;1.38;dos
1.779.164.809.288;478775;ESP32-IDS-01;30.3;62.1;428;23;7;5.44;dos
1.779.149.614.478;1419019;ESP32-IDS-01;29.0;67.7;334;19;2;2.0;normal
1.779.148.279.937;84408;ESP32-IDS-01;28.2;70.3;633;18;0;0.8;normal
1.779.154.753.293;11201;ESP32-IDS-01;30.0;62.4;965;9999;0;4.44;dos
1.779.156.587.407;279967;ESP32-IDS-01;30.0;61.7;579;21;6;5.35;dos
1.779.146.200.298;143121;ESP32-IDS-01;28.6;64.6;546;22;8;3.0;normal
1779157876.73;27820;ESP32-IDS-01;30.3;59.6;10000;397;514;0.1;dos
1.779.153.170.501;142388;ESP32-IDS-01;29.9;63.2;467;36;29;2.1;dos
1.779.156.804.475;497034;ESP32-IDS-01;30.0;62.1;4234;26;9;1.44;dos
1779145326.57;593474;ESP32-IDS-01;28.3;68.9;373;21;1;0.8;normal
1.779.149.081.862;886382;ESP32-IDS-01;28.9;68.3;847;19;0;2.7;normal
1.779.152.213.033;2015092;ESP32-IDS-01;29.9;64.3;5357;30;2;0.49;dos
1.779.148.862.181;666691;ESP32-IDS-01;28.9;68.6;791;20;0;3.3;normal
1.779.149.701.329;1505856;ESP32-IDS-01;29.0;67.9;535;25;18;1.5;normal
1.779.148.978.202;782716;ESP32-IDS-01;28.9;68.4;968;20;1;1.0;normal
1779149097.01;901508;ESP32-IDS-01;28.9;68.3;589;27;10;2.6;normal
1.779.158.144.676;297505;ESP32-IDS-01;30.3;60.6;969;157;184;4.53;dos
1.779.165.476.699;1148494;ESP32-IDS-01;31.1;59.1;406;26;4;2.76;dos
1.779.146.081.933;24748;ESP32-IDS-01;28.5;64.1;486;19;1;2.4;normal
1.779.149.754.518;1559037;ESP32-IDS-01;29.0;67.8;353;19;2;1.4;normal
1.779.149.486.062;1290595;ESP32-IDS-01;28.9;68.2;366;20;0;2.8;normal
1.779.145.830.065;12324;ESP32-IDS-01;28.5;65.3;898;20;1;1.5;normal
1.779.159.319.877;127788;ESP32-IDS-01;30.5;61.1;779;54;17;0.1;dos
1779146777.33;152754;ESP32-IDS-01;28.6;64.1;656;21;1;1.5;normal
1.779.156.226.562;83510;ESP32-IDS-01;30.1;61.9;752;22;8;4.13;dos
1.779.164.895.897;567598;ESP32-IDS-01;30.5;61.2;804;24;5;2.84;dos
1.779.145.919.359;101597;ESP32-IDS-01;28.6;66.2;516;19;4;1.9;normal
1.779.165.165.465;837251;ESP32-IDS-01;30.9;59.6;675;18;1;4.26;dos
1779164469.89;141672;ESP32-IDS-01;29.6;64.7;901;19;1;0.3;dos
1.779.145.092.038;358913;ESP32-IDS-01;28.2;69.8;710;20;0;1.5;normal
1.779.145.343.164;610067;ESP32-IDS-01;28.3;68.5;312;26;9;0.7;normal
1.779.158.392.991;8125;ESP32-IDS-01;30.3;59.8;777;35;13;4.17;dos
1779164981.77;653469;ESP32-IDS-01;30.6;60.7;447;47;73;2.1;dos
1.779.146.273.051;215906;ESP32-IDS-01;28.6;63.9;949;17;1;2.0;normal
1.779.149.766.383;1570926;ESP32-IDS-01;29.0;67.8;377;20;0;1.7;normal
1.779.149.246.417;1050939;ESP32-IDS-01;28.9;68.5;964;20;2;0.6;normal
1.779.145.278.472;545389;ESP32-IDS-01;28.3;71.3;389;20;0;2.2;normal
1779146801.06;16552;ESP32-IDS-01;28.6;64.4;667;20;0;0.5;normal
1.779.156.767.414;459989;ESP32-IDS-01;30.0;62.0;970;26;5;1.53;dos
1779155233.91;502007;ESP32-IDS-01;30.0;62.3;546;27;16;6.66;dos
1.779.146.245.518;188365;ESP32-IDS-01;28.6;64.1;775;19;1;3.4;normal
1.779.145.584.512;851415;ESP32-IDS-01;28.4;66.2;799;21;1;2.5;normal
1.779.152.262.942;2064996;ESP32-IDS-01;29.9;64.1;601;23;6;1.1;dos
1.779.157.748.861;49929;ESP32-IDS-01;30.3;60.9;655;54;41;5.55;dos
1.779.153.841.197;182347;ESP32-IDS-01;30.0;62.5;351;20;5;3.65;dos
1.779.151.496.904;1298947;ESP32-IDS-01;30.0;64.0;751;21;1;2.8;dos
1.779.148.304.453;108952;ESP32-IDS-01;28.3;70.3;901;18;2;0.3;normal
1.779.148.505.348;309849;ESP32-IDS-01;28.7;69.5;405;20;1;1.6;normal
1779165476.3;1148088;ESP32-IDS-01;31.1;59.1;1233;31;12;2.41;dos
1.779.146.632.497;7923;ESP32-IDS-01;28.7;65.3;1275;18;2;3.3;normal
1.779.165.508.352;1177404;ESP32-IDS-01;31.2;59.1;10000;928;1295;1.97;dos
1.779.166.515.041;60265;ESP32-IDS-01;29.5;54.9;1004;28;4;1.9;dos
1.779.150.428.405;230361;ESP32-IDS-01;28.8;68.0;906;43;35;1.5;dos
1.779.146.353.813;35842;ESP32-IDS-01;28.7;63.1;560;20;1;1.4;normal
1.779.165.521.583;1193354;ESP32-IDS-01;31.2;58.8;968;27;32;2.53;dos
1779157664.7;137684;ESP32-IDS-01;30.3;61.2;467;35;16;6.38;dos
1.779.146.022.562;204802;ESP32-IDS-01;28.6;64.5;445;20;0;1.3;normal
1.779.151.412.298;1214339;ESP32-IDS-01;29.9;64.3;704;20;0;3.0;dos
1779155452.79;143583;ESP32-IDS-01;30.0;62.3;6097;24;11;1.46;dos
1779151442.59;1244655;ESP32-IDS-01;30.0;64.1;992;21;2;0.4;dos
1.779.149.110.982;915496;ESP32-IDS-01;28.9;68.3;795;21;3;0.5;normal
1779152688.59;149639;ESP32-IDS-01;29.9;63.4;989;1344;188;3.81;dos
1.779.146.462.625;90395;ESP32-IDS-01;28.6;63.1;906;20;1;1.5;normal
1.779.151.305.966;1108004;ESP32-IDS-01;29.9;64.5;935;20;0;2.0;dos
1.779.149.595.931;1400434;ESP32-IDS-01;29.1;67.7;497;27;6;2.5;normal
1.779.149.568.635;1373172;ESP32-IDS-01;29.1;67.8;696;20;1;0.7;normal
1.779.148.755.808;560315;ESP32-IDS-01;29.0;68.4;707;21;1;1.3;normal
1.779.145.907.777;90042;ESP32-IDS-01;28.6;64.7;631;19;1;2.3;normal
1.779.149.558.416;1362948;ESP32-IDS-01;29.0;67.9;369;20;0;1.3;normal
1.779.154.645.926;325028;ESP32-IDS-01;30.1;62.3;631;25;13;5.47;dos
1.779.155.816.367;94452;ESP32-IDS-01;30.0;62.2;728;33;23;4.05;dos
1.779.149.322.813;1127346;ESP32-IDS-01;28.9;68.3;476;18;1;2.5;normal
1.779.152.452.867;2241522;ESP32-IDS-01;29.9;63.9;10000;9999;0;1.65;dos
1.779.151.533.892;1335963;ESP32-IDS-01;29.9;64.1;775;20;0;3.3;dos
1.779.164.984.121;655851;ESP32-IDS-01;30.6;60.7;522;41;24;5.32;dos
1.779.149.141.656;946172;ESP32-IDS-01;28.9;68.4;625;20;1;0.9;normal
1.779.167.435.613;474454;ESP32-IDS-01;28.6;52.4;440;40;29;9.82;dos
1.779.155.398.076;78357;ESP32-IDS-01;30.0;62.3;10000;9999;0;2.97;dos
1.779.145.530.112;796799;ESP32-IDS-01;28.4;68.1;563;99;124;1.8;normal
1.779.149.116.666;921180;ESP32-IDS-01;28.9;68.3;750;20;1;2.0;normal
1.779.146.417.071;44839;ESP32-IDS-01;28.7;63.6;379;19;2;0.3;normal
1779145329.21;596128;ESP32-IDS-01;28.3;67.5;471;21;3;0.8;normal
1.779.148.569.569;374069;ESP32-IDS-01;28.7;69.4;392;21;1;3.1;normal
1.779.145.665.522;932143;ESP32-IDS-01;28.4;65.6;728;115;147;2.3;normal
1779151435.36;1237400;ESP32-IDS-01;30.0;64.2;565;21;2;0.1;dos
1.779.150.967.019;768987;ESP32-IDS-01;29.5;66.1;519;36;17;2.4;dos
1.779.153.437.275;412083;ESP32-IDS-01;30.1;62.7;1200;28;9;3.83;dos
1.779.153.138.576;98062;ESP32-IDS-01;29.9;63.2;823;9999;0;2.9;dos
1.779.154.560.878;239958;ESP32-IDS-01;30.1;62.3;672;26;10;5.18;dos
1.779.165.066.683;738290;ESP32-IDS-01;30.7;60.3;1402;74;32;1.11;dos
1.779.150.756.365;549161;ESP32-IDS-01;29.5;66.3;462;371;516;0.4;dos
1.779.148.777.555;582055;ESP32-IDS-01;28.9;68.5;774;23;7;2.8;normal
1779151902.01;1704091;ESP32-IDS-01;29.8;64.3;900;18;2;3.11;dos
1.779.145.888.185;70439;ESP32-IDS-01;28.5;65.7;993;20;0;2.5;normal
1.779.157.164.733;8487;ESP32-IDS-01;30.0;61.0;1192;29;15;2.44;dos
1.779.151.197.583;998536;ESP32-IDS-01;29.8;64.9;617;385;537;1.72;dos
1.779.146.308.131;250944;ESP32-IDS-01;28.6;63.8;696;23;6;1.4;normal
1.779.145.206.976;473891;ESP32-IDS-01;28.3;68.8;559;20;1;3.4;normal
1779149258.43;1062957;ESP32-IDS-01;28.9;68.5;995;19;1;0.8;normal
1.779.145.219.453;486352;ESP32-IDS-01;28.3;68.9;920;17;1;3.1;normal
1.779.150.118.884;1923440;ESP32-IDS-01;28.9;67.9;350;20;1;2.1;dos
1.779.145.727.643;15144;ESP32-IDS-01;28.5;63.6;479;20;0;1.5;normal
1.779.146.399.885;27652;ESP32-IDS-01;28.7;63.6;480;20;0;0.4;normal
1.779.145.811.684;27636;ESP32-IDS-01;28.5;64.5;480;20;0;0.4;normal
1779167429.28;466257;ESP32-IDS-01;28.6;52.4;10000;587;699;0.15;dos
1.779.151.438.802;1240872;ESP32-IDS-01;30.0;64.1;369;19;2;1.4;dos
1779149283.34;1087862;ESP32-IDS-01;28.9;68.4;645;21;5;0.4;normal
1.779.167.523.362;562196;ESP32-IDS-01;28.6;51.9;458;29;11;7.45;dos
1.779.151.446.242;1248308;ESP32-IDS-01;30.0;64.1;697;20;1;2.4;dos
1.779.152.220.367;2021363;ESP32-IDS-01;29.9;64.1;799;373;513;3.75;dos
1.779.154.852.518;108365;ESP32-IDS-01;30.0;62.2;7632;9999;0;0.23;dos
1.779.150.088.615;1893165;ESP32-IDS-01;28.9;67.8;559;20;2;0.5;dos
1.779.145.482.814;749419;ESP32-IDS-01;28.3;68.7;629;126;159;2.2;normal
1779151690.66;1484979;ESP32-IDS-01;29.8;64.6;506;9999;0;2.68;dos
1.779.157.754.246;55303;ESP32-IDS-01;30.3;60.9;728;60;28;4.05;dos
1.779.165.252.196;923981;ESP32-IDS-01;30.9;59.5;432;26;14;4.11;dos
1.779.152.079.647;1881688;ESP32-IDS-01;29.8;64.4;550;26;6;4.12;dos
1.779.165.562.483;1228142;ESP32-IDS-01;31.2;58.8;1883;1395;2042;0.8;dos
1.779.156.586.854;279388;ESP32-IDS-01;30.0;61.7;991;36;22;0.4;dos
1779165554.29;1217108;ESP32-IDS-01;31.2;58.8;10000;1504;2889;2.76;dos
1779165871.62;125958;ESP32-IDS-01;31.4;57.8;8745;50;6;2.6;dos
1.779.160.041.314;31501;ESP32-IDS-01;30.6;60.2;4395;826;1669;3.53;dos
1.779.165.058.664;714955;ESP32-IDS-01;30.7;60.4;10000;9999;0;3.0;dos
1.779.154.688.875;367950;ESP32-IDS-01;30.0;62.3;1675;38;19;2.5;dos
1.779.145.240.143;507047;ESP32-IDS-01;28.3;69.2;411;24;5;2.7;normal
1.779.148.638.167;442642;ESP32-IDS-01;28.8;69.0;807;21;4;3.1;normal
1.779.154.601.249;280367;ESP32-IDS-01;30.1;60.6;1316;28;17;1.26;dos
1.779.152.478.051;2278900;ESP32-IDS-01;29.9;63.9;10000;422;519;0.8;dos
1.779.148.349.168;153661;ESP32-IDS-01;28.5;70.1;939;20;0;2.3;normal
1.779.151.527.335;1329406;ESP32-IDS-01;29.9;64.1;818;20;0;1.4;dos
1.779.148.689.965;494451;ESP32-IDS-01;28.9;68.8;561;24;6;2.5;normal
1.779.155.174.908;442910;ESP32-IDS-01;30.1;62.2;1317;61;51;0.96;dos
1779153612.67;587525;ESP32-IDS-01;30.0;62.7;380;21;14;2.4;dos
1.779.148.941.027;745486;ESP32-IDS-01;28.9;68.5;967;30;17;0.7;normal
1.779.148.308.329;112821;ESP32-IDS-01;28.3;70.3;710;20;2;3.0;normal
1.779.150.564.884;366880;ESP32-IDS-01;29.2;67.2;711;29;11;2.81;dos
1.779.151.345.601;1147664;ESP32-IDS-01;29.9;64.5;350;20;0;0.3;dos
1.779.159.282.058;93214;ESP32-IDS-01;30.5;60.9;480;39;34;2.48;dos
1.779.149.166.334;970678;ESP32-IDS-01;28.8;68.5;338;69;147;2.3;normal
1.779.145.915.963;98197;ESP32-IDS-01;28.6;66.4;410;20;0;0.9;normal
1.779.151.428.103;1229974;ESP32-IDS-01;30.0;64.2;407;85;102;0.6;dos
1.779.158.206.768;360050;ESP32-IDS-01;30.3;60.9;707;27;12;4.31;dos
1.779.148.890.441;694955;ESP32-IDS-01;28.9;68.5;822;20;1;0.9;normal
1.779.164.714.279;386024;ESP32-IDS-01;30.2;62.9;695;29;1;4.38;dos
1.779.159.585.335;390689;ESP32-IDS-01;30.7;61.0;10000;1309;1798;2.35;dos
1.779.151.250.062;1052121;ESP32-IDS-01;29.9;64.8;868;20;0;2.8;dos
1.779.150.382.685;184714;ESP32-IDS-01;28.8;68.0;460;21;4;2.67;dos
1.779.146.298.802;241650;ESP32-IDS-01;14.3;173.0;984;19;1;3.0;normal
1779148683.38;487861;ESP32-IDS-01;28.9;68.8;555;20;0;0.4;normal
1.779.145.414.648;681570;ESP32-IDS-01;28.3;68.7;594;20;0;1.7;normal
1.779.146.609.743;106331;ESP32-IDS-01;28.7;64.1;426;20;4;1.7;normal
1.779.148.852.096;656606;ESP32-IDS-01;28.9;68.6;594;21;1;1.7;normal
1.779.150.118.572;1923090;ESP32-IDS-01;28.9;67.9;869;24;8;1.7;dos
1.779.145.507.897;774815;ESP32-IDS-01;28.3;67.4;555;23;3;0.4;normal
1.779.159.556.962;368122;ESP32-IDS-01;30.7;61.0;516;24;14;3.84;dos
1.779.145.320.149;586821;ESP32-IDS-01;28.3;66.7;367;94;222;2.6;normal
1.779.149.352.086;1156588;ESP32-IDS-01;29.0;68.2;345;19;0;0.8;normal
1.779.164.523.622;187434;ESP32-IDS-01;29.7;64.7;10000;1400;2634;0.94;dos
1.779.145.275.836;542748;ESP32-IDS-01;28.2;69.2;924;22;2;0.4;normal
1.779.164.715.975;387716;ESP32-IDS-01;30.2;62.9;462;33;25;0.4;dos
1.779.156.763.159;454657;ESP32-IDS-01;30.0;61.9;965;387;1027;0.2;dos
1779146267.76;210609;ESP32-IDS-01;28.6;63.2;317;19;1;1.9;normal
1.779.152.752.629;227285;ESP32-IDS-01;29.9;63.4;1347;56;11;2.5;dos
1779149006.3;810649;ESP32-IDS-01;29.0;68.2;347;76;86;1.8;normal
1779156261.54;113800;ESP32-IDS-01;30.1;61.9;10000;1561;1540;0.29;dos
1.779.152.660.825;135336;ESP32-IDS-01;29.9;63.5;1937;768;304;2.1;dos
1.779.167.212.569;251433;ESP32-IDS-01;28.7;53.0;457;21;7;5.69;dos
1.779.166.500.722;45849;ESP32-IDS-01;29.7;53.7;5289;44;11;1.89;dos
1.779.158.689.342;167416;ESP32-IDS-01;30.1;61.9;934;282;451;6.78;dos
1.779.149.813.383;1617929;ESP32-IDS-01;29.0;67.8;858;20;1;2.8;normal
1.779.149.494.967;1299471;ESP32-IDS-01;28.9;68.2;755;19;3;2.3;normal
1.779.148.578.376;382625;ESP32-IDS-01;28.7;69.4;778;87;101;2.4;normal
1.779.145.975.631;157893;ESP32-IDS-01;28.6;64.4;355;20;1;1.3;normal
1.779.145.605.591;872492;ESP32-IDS-01;28.4;67.3;669;21;2;1.9;normal
1.779.149.011.773;816263;ESP32-IDS-01;29.0;68.2;675;21;3;0.4;normal
1.779.167.253.115;291962;ESP32-IDS-01;28.7;53.0;6573;31;22;1.85;dos
1.779.146.576.345;72932;ESP32-IDS-01;28.6;63.1;755;20;0;2.6;normal
1.779.148.386.121;190611;ESP32-IDS-01;28.5;70.0;784;21;1;0.8;normal
1779158373.62;37560;ESP32-IDS-01;30.4;61.0;10000;1628;2381;3.45;dos
1.779.146.019.917;202155;ESP32-IDS-01;28.6;62.3;560;21;1;1.6;normal
1.779.149.071.323;875833;ESP32-IDS-01;28.9;68.3;477;23;3;0.1;normal
1.779.149.650.463;1454996;ESP32-IDS-01;29.0;67.7;947;22;2;0.6;normal
1.779.154.557.017;236099;ESP32-IDS-01;30.1;62.3;841;25;4;1.9;dos
1.779.146.532.383;28943;ESP32-IDS-01;28.6;62.9;752;20;0;2.8;normal
1.779.149.601.135;1405649;ESP32-IDS-01;29.1;67.7;436;19;1;2.2;normal
1.779.151.816.558;1618528;ESP32-IDS-01;29.8;64.4;631;26;14;4.08;dos
1779149340.86;1145365;ESP32-IDS-01;29.0;68.2;569;19;1;3.5;normal
1.779.145.923.513;105773;ESP32-IDS-01;28.6;66.1;676;21;1;1.6;normal
1.779.145.447.616;714540;ESP32-IDS-01;28.3;68.5;648;20;0;0.3;normal
1.779.157.838.145;45571;ESP32-IDS-01;30.3;60.9;3746;16;0;0.97;dos
1.779.158.285.775;433120;ESP32-IDS-01;30.3;60.9;1461;485;825;2.18;dos
1.779.154.919.507;187623;ESP32-IDS-01;30.0;62.5;301;18;4;3.0;dos
1.779.165.611.324;1283134;ESP32-IDS-01;31.3;58.5;418;26;3;2.8;dos
1.779.150.873.968;675994;ESP32-IDS-01;29.5;66.2;997;23;3;4.1;dos
1.779.157.075.233;221348;ESP32-IDS-01;30.0;62.4;873;36;14;1.95;dos
1.779.148.339.429;143903;ESP32-IDS-01;28.4;70.3;553;18;2;0.4;normal
1.779.158.432.316;53375;ESP32-IDS-01;30.2;61.4;358;37;40;1.7;dos
1.779.150.611.674;413691;ESP32-IDS-01;29.2;67.2;1491;24;6;3.67;dos
1.779.158.560.101;41603;ESP32-IDS-01;30.2;61.5;965;17;0;6.51;dos
1.779.152.844.497;321251;ESP32-IDS-01;30.0;63.1;410;23;8;0.9;dos
1.779.148.304.453;108952;ESP32-IDS-01;28.3;70.3;901;18;2;0.3;normal
1.779.150.469.349;271283;ESP32-IDS-01;28.9;67.9;948;49;45;5.36;dos
1.779.149.014.012;818531;ESP32-IDS-01;29.0;68.2;930;19;1;1.9;normal
1.779.164.967.134;627215;ESP32-IDS-01;30.5;61.0;10000;9999;0;0.9;dos
1.779.151.770.852;1572900;ESP32-IDS-01;29.8;64.5;325;25;22;1.7;dos
1.779.149.454.643;1259179;ESP32-IDS-01;28.9;68.2;753;19;1;2.0;normal
1.779.146.225.079;167925;ESP32-IDS-01;28.6;62.9;590;19;2;1.9;normal
1.779.149.073.743;878262;ESP32-IDS-01;28.9;68.3;390;20;0;1.7;normal
1.779.145.611.423;878345;ESP32-IDS-01;28.4;67.5;670;22;2;2.0;normal
1.779.165.562.604;1228142;ESP32-IDS-01;31.2;58.8;1883;1395;2042;0.8;dos
1.779.149.550.532;1355069;ESP32-IDS-01;29.0;67.9;679;19;3;3.4;normal
1.779.145.461.673;728594;ESP32-IDS-01;28.3;67.7;525;21;1;2.2;normal
1.779.157.614.585;84691;ESP32-IDS-01;30.3;61.3;624;87;19;1.8;dos
1.779.146.231.059;173881;ESP32-IDS-01;28.6;65.1;381;19;1;2.8;normal
1.779.151.292.578;1094640;ESP32-IDS-01;29.9;64.5;324;20;0;3.3;dos
1.779.167.557.852;571314;ESP32-IDS-01;28.6;51.7;4316;9999;0;3.03;dos
1.779.149.020.004;824484;ESP32-IDS-01;29.0;68.2;503;21;1;0.9;normal
1.779.157.522.835;89438;ESP32-IDS-01;30.2;61.4;2420;25;12;0.91;dos
1.779.151.090.785;892703;ESP32-IDS-01;29.7;65.4;1329;53;5;3.65;dos
1779158248.32;401604;ESP32-IDS-01;30.3;60.9;710;28;11;3.0;dos
1.779.151.301.735;1103797;ESP32-IDS-01;29.9;64.5;743;20;0;2.5;dos
1.779.148.233.765;38258;ESP32-IDS-01;28.0;69.1;481;19;0;2.3;normal
1.779.149.014.339;818851;ESP32-IDS-01;29.0;68.2;320;22;4;3.4;normal
1.779.165.161.686;832433;ESP32-IDS-01;30.8;59.7;801;373;521;2.45;dos
1.779.149.374.397;1178926;ESP32-IDS-01;29.0;68.2;825;20;1;3.4;normal
1.779.146.404.944;32689;ESP32-IDS-01;28.7;63.1;780;19;2;2.8;normal
1.779.151.997.122;1799197;ESP32-IDS-01;29.8;64.4;854;18;2;3.97;dos
1.779.155.001.298;262136;ESP32-IDS-01;30.0;62.5;9737;69;45;3.2;dos
1.779.151.315.787;1117850;ESP32-IDS-01;29.9;64.4;474;20;0;1.6;dos
1.779.151.449.963;1252031;ESP32-IDS-01;30.0;64.1;895;20;0;1.2;dos
1779166192.8;48175;ESP32-IDS-01;31.2;56.2;479;375;535;7.76;dos
1.779.157.209.861;36116;ESP32-IDS-01;30.1;62.3;4166;29;19;3.54;dos
1.779.150.512.201;313084;ESP32-IDS-01;29.0;67.7;4830;391;510;2.01;dos
1.779.145.473.482;740381;ESP32-IDS-01;28.3;68.4;454;20;0;1.2;normal
1.779.154.697.146;376156;ESP32-IDS-01;30.1;62.3;848;27;12;3.48;dos
1.779.158.701.075;182519;ESP32-IDS-01;30.1;61.7;551;37;23;3.11;dos
1.779.159.547.649;355988;ESP32-IDS-01;30.6;61.1;1292;622;721;2.4;dos
1.779.145.357.635;624555;ESP32-IDS-01;28.3;68.7;973;20;0;2.3;normal
1.779.146.188.635;131478;ESP32-IDS-01;28.6;61.4;516;19;1;0.9;normal
1.779.153.520.309;495126;ESP32-IDS-01;30.0;62.6;970;24;11;2.56;dos
1.779.145.140.473;407372;ESP32-IDS-01;28.2;67.1;771;20;2;3.0;normal
1.779.155.579.249;269842;ESP32-IDS-01;30.0;62.3;10000;79;7;0.1;dos
1.779.145.392.997;659734;ESP32-IDS-01;28.3;68.6;558;19;2;1.4;normal
1.779.151.335.699;1137765;ESP32-IDS-01;29.9;64.4;400;19;1;1.5;dos
1.779.150.064.937;1869464;ESP32-IDS-01;29.0;67.7;991;19;4;2.3;dos
1.779.165.609.474;1281241;ESP32-IDS-01;31.3;58.5;707;36;9;3.1;dos
1.779.155.945.464;77454;ESP32-IDS-01;30.0;62.2;972;188;209;5.62;dos
1.779.145.259.795;526701;ESP32-IDS-01;28.2;68.8;575;23;14;3.5;normal
1.779.149.041.694;846216;ESP32-IDS-01;29.0;68.2;425;18;2;1.0;normal
1.779.159.101.926;45281;ESP32-IDS-01;30.4;60.8;474;38;30;1.6;dos
1.779.151.233.628;1032801;ESP32-IDS-01;29.8;64.9;1370;982;1007;2.13;dos
1.779.156.494.372;186903;ESP32-IDS-01;30.0;61.8;799;39;34;4.45;dos
1.779.145.198.573;465462;ESP32-IDS-01;28.3;68.7;427;20;1;0.2;normal
1.779.149.771.138;1575685;ESP32-IDS-01;29.0;67.8;761;19;1;1.4;normal
1.779.156.990.585;136759;ESP32-IDS-01;29.9;62.5;795;19;9;3.26;dos
1779145404.31;671234;ESP32-IDS-01;28.3;68.8;914;19;1;2.1;normal
1.779.148.700.796;505278;ESP32-IDS-01;28.9;68.7;796;20;1;0.7;normal
1.779.148.639.609;444115;ESP32-IDS-01;28.8;69.0;496;20;4;1.3;normal
1.779.146.661.668;36706;ESP32-IDS-01;28.7;64.6;779;138;178;0.1;normal
1.779.154.515.576;194685;ESP32-IDS-01;30.1;62.3;300;26;12;5.73;dos
1.779.156.989.196;133292;ESP32-IDS-01;29.9;62.5;560;36;25;1.4;dos
1.779.151.060.545;861485;ESP32-IDS-01;29.7;65.4;842;369;528;3.09;dos
1.779.155.097.902;365026;ESP32-IDS-01;30.1;62.3;948;17;0;2.2;dos
1.779.146.159.402;102247;ESP32-IDS-01;28.6;63.1;707;19;1;2.9;normal
1779166644.42;189626;ESP32-IDS-01;29.3;54.7;1194;40;34;3.24;dos
1.779.145.665.522;932143;ESP32-IDS-01;28.4;65.6;728;115;147;2.3;normal
1.779.157.236.944;44697;ESP32-IDS-01;30.1;62.3;820;9999;0;1.7;dos
1.779.158.649.301;126798;ESP32-IDS-01;30.0;61.8;4503;1356;2408;2.22;dos
1.779.146.335.084;17113;ESP32-IDS-01;28.7;64.6;667;19;2;0.5;normal
1.779.149.260.034;1064553;ESP32-IDS-01;28.9;68.5;854;21;1;0.7;normal
1779150821.63;621454;ESP32-IDS-01;29.5;66.2;10000;71;24;3.48;dos
1.779.157.257.998;84415;ESP32-IDS-01;30.1;62.2;563;28;14;1.3;dos
1.779.150.154.476;1959009;ESP32-IDS-01;28.9;68.0;840;19;0;3.2;dos
1779149006.3;810649;ESP32-IDS-01;29.0;68.2;347;76;86;1.8;normal
1.779.149.804.412;1608434;ESP32-IDS-01;29.0;67.8;816;194;266;1.4;normal
1.779.165.150.649;811903;ESP32-IDS-01;30.9;59.7;10000;2829;2680;1.26;dos
1.779.167.089.312;128209;ESP32-IDS-01;28.8;53.1;326;17;0;1.3;dos
1.779.157.211.415;36848;ESP32-IDS-01;30.1;62.3;732;356;1013;5.0;dos
1.779.152.548.504;14433;ESP32-IDS-01;30.0;63.5;965;9999;0;3.34;dos
1.779.158.070.726;223980;ESP32-IDS-01;30.3;60.8;941;36;15;3.46;dos
1.779.145.288.894;555815;ESP32-IDS-01;28.3;71.2;556;19;2;1.7;normal
1.779.149.323.794;1128323;ESP32-IDS-01;28.9;68.3;977;19;2;3.2;normal
1.779.167.342.666;379761;ESP32-IDS-01;28.7;52.6;425;618;810;3.95;dos
1.779.151.335.331;1137365;ESP32-IDS-01;29.9;64.4;513;22;1;1.3;dos
1779153556.27;522345;ESP32-IDS-01;30.0;62.7;10000;2297;592;0.95;dos
1779149729.03;1533569;ESP32-IDS-01;29.0;67.9;535;20;5;1.2;normal
1.779.148.664.134;468640;ESP32-IDS-01;28.9;69.0;896;20;2;3.5;normal
1.779.156.942.155;88267;ESP32-IDS-01;29.9;62.4;728;37;19;2.67;dos
1.779.146.524.118;20703;ESP32-IDS-01;28.6;63.8;515;19;1;1.3;normal
1.779.145.210.524;477437;ESP32-IDS-01;28.3;68.5;731;20;4;1.8;normal
1.779.145.683.753;950684;ESP32-IDS-01;28.5;64.8;354;20;0;3.3;normal
1.779.155.235.808;503910;ESP32-IDS-01;30.0;62.3;519;27;10;3.4;dos
1.779.148.908.502;712992;ESP32-IDS-01;28.9;68.5;631;20;1;2.5;normal
1.779.149.469.243;1273775;ESP32-IDS-01;28.9;68.2;774;20;2;2.8;normal
1.779.148.332.003;136500;ESP32-IDS-01;28.4;70.3;982;19;3;2.9;normal
1.779.146.480.755;108517;ESP32-IDS-01;28.6;63.7;901;21;1;0.3;normal
1.779.156.358.381;50938;ESP32-IDS-01;30.0;61.8;820;28;11;2.92;dos
1.779.157.653.622;125513;ESP32-IDS-01;30.2;61.3;323;403;508;5.7;dos
1.779.155.550.148;240912;ESP32-IDS-01;30.0;62.4;833;20;5;2.5;dos
1.779.151.332.397;1134461;ESP32-IDS-01;29.9;64.4;923;19;2;0.8;dos
1.779.148.339.429;143903;ESP32-IDS-01;28.4;70.3;553;18;2;0.4;normal
1.779.156.672.014;364572;ESP32-IDS-01;30.1;61.7;370;27;5;2.9;dos
1.779.146.305.232;248081;ESP32-IDS-01;28.6;64.9;646;19;1;1.2;normal
1.779.145.425.401;692323;ESP32-IDS-01;28.3;68.8;771;20;1;2.1;normal
1.779.146.761.933;137349;ESP32-IDS-01;28.6;63.5;377;23;3;1.2;normal
1.779.148.419.752;224247;ESP32-IDS-01;28.6;69.8;480;20;0;2.2;normal
1779146427.84;55600;ESP32-IDS-01;28.7;64.9;918;22;3;1.7;normal
1779145471.26;738195;ESP32-IDS-01;28.3;68.8;321;17;1;3.2;normal
1.779.146.486.391;114153;ESP32-IDS-01;28.6;62.6;669;20;1;3.1;normal
1.779.150.049.271;1853838;ESP32-IDS-01;29.0;67.7;736;20;7;3.5;dos
1.779.148.518.718;323198;ESP32-IDS-01;28.7;69.5;332;26;9;1.2;normal
1.779.151.935.708;1736619;ESP32-IDS-01;29.8;64.2;9344;395;991;0.4;dos
1.779.165.299.885;971683;ESP32-IDS-01;31.0;59.3;935;25;15;5.64;dos
1.779.152.112.944;1903746;ESP32-IDS-01;29.9;64.4;10000;1444;238;2.97;dos
1.779.148.963.591;768094;ESP32-IDS-01;28.9;68.5;814;23;5;2.6;normal
1.779.166.465.013;10245;ESP32-IDS-01;29.6;54.3;732;23;7;0.9;dos
1779158926.8;6738;ESP32-IDS-01;30.5;59.4;466;856;1256;2.25;dos
1.779.145.270.733;537647;ESP32-IDS-01;28.2;67.6;725;21;2;2.2;normal
1.779.149.177.823;982344;ESP32-IDS-01;28.8;68.5;801;20;2;3.0;normal
1.779.145.424.636;691552;ESP32-IDS-01;28.3;68.8;791;22;3;3.3;normal
1.779.148.777.555;582055;ESP32-IDS-01;28.9;68.5;774;23;7;2.8;normal
1.779.148.485.431;289930;ESP32-IDS-01;28.7;69.5;617;20;0;0.1;normal
1.779.155.006.903;274974;ESP32-IDS-01;30.0;62.5;494;39;50;2.0;dos
1.779.148.962.766;767280;ESP32-IDS-01;28.9;68.5;580;20;2;3.5;normal
1.779.145.391.072;657998;ESP32-IDS-01;28.3;68.5;923;18;2;1.9;normal
1.779.146.346.948;28951;ESP32-IDS-01;28.7;65.1;752;20;0;2.8;normal
1.779.146.457.976;85557;ESP32-IDS-01;28.6;63.9;579;19;3;1.9;normal
1779145755.04;42519;ESP32-IDS-01;28.5;64.9;455;20;0;2.9;normal
1.779.145.457.014;723896;ESP32-IDS-01;28.3;68.6;325;34;22;1.7;normal
1.779.167.165.401;204278;ESP32-IDS-01;28.7;53.2;316;23;5;3.5;dos
1.779.167.100.635;139533;ESP32-IDS-01;28.8;53.3;385;17;1;1.5;dos
1.779.146.313.615;256465;ESP32-IDS-01;28.6;63.3;691;19;0;3.1;normal
1779155911.6;44170;ESP32-IDS-01;30.0;62.2;667;24;11;0.5;dos
1.779.157.345.029;44463;ESP32-IDS-01;30.1;61.8;965;30;3;3.34;dos
1779165526.16;1197935;ESP32-IDS-01;31.2;58.8;844;29;5;5.57;dos
1.779.148.336.166;140631;ESP32-IDS-01;28.4;70.3;999;21;2;1.7;normal
1.779.165.562.784;1234587;ESP32-IDS-01;31.2;58.8;6445;25;12;1.26;dos
1.779.148.312.647;117141;ESP32-IDS-01;28.3;70.3;312;20;0;0.8;normal
1779145543.12;810031;ESP32-IDS-01;28.4;71.2;681;24;9;0.5;normal
1.779.148.631.564;436048;ESP32-IDS-01;28.8;69.0;592;19;1;2.8;normal
1.779.148.484.264;288739;ESP32-IDS-01;28.7;69.5;553;19;1;0.2;normal
1779146591.2;87566;ESP32-IDS-01;28.6;62.8;483;86;104;3.1;normal
1.779.154.242.198;37902;ESP32-IDS-01;30.0;62.6;686;34;35;3.26;dos
1.779.148.384.255;188594;ESP32-IDS-01;28.5;70.0;775;71;148;3.4;normal
1.779.164.529.544;201265;ESP32-IDS-01;29.7;64.7;895;28;23;6.17;dos
1.779.148.767.512;571995;ESP32-IDS-01;28.9;68.5;770;20;0;2.1;normal
1.779.145.200.044;466960;ESP32-IDS-01;28.3;68.7;873;19;2;0.6;normal
1.779.149.166.334;970678;ESP32-IDS-01;28.8;68.5;338;69;147;2.3;normal
1.779.166.552.624;97809;ESP32-IDS-01;29.4;54.1;1346;27;29;2.8;dos
1.779.153.831.876;169662;ESP32-IDS-01;30.0;62.5;1359;72;22;2.04;dos
1.779.156.175.209;32145;ESP32-IDS-01;30.0;61.9;965;30;20;3.4;dos
1.779.148.902.799;707317;ESP32-IDS-01;28.9;68.5;692;18;1;0.8;normal
1779153616.86;591635;ESP32-IDS-01;30.0;62.6;627;42;9;5.09;dos
1.779.148.804.605;609121;ESP32-IDS-01;28.9;68.5;554;17;0;1.9;normal
1.779.158.022.088;175364;ESP32-IDS-01;30.2;61.0;318;19;4;3.1;dos
1.779.146.025.493;207756;ESP32-IDS-01;28.6;64.5;469;21;1;2.4;normal
1.779.146.749.308;124707;ESP32-IDS-01;28.6;63.5;697;20;0;0.3;normal
1.779.149.323.794;1128323;ESP32-IDS-01;28.9;68.3;977;19;2;3.2;normal
1.779.166.424.004;90794;ESP32-IDS-01;29.8;54.5;728;21;10;1.3;dos
1.779.157.885.728;38824;ESP32-IDS-01;30.3;60.8;686;33;16;3.26;dos
1.779.155.949.171;78245;ESP32-IDS-01;30.0;62.2;791;399;507;2.96;dos
1.779.148.463.897;268394;ESP32-IDS-01;28.7;69.5;988;20;2;1.4;normal
1.779.159.006.877;55235;ESP32-IDS-01;30.5;60.6;322;9999;0;2.4;dos
1.779.158.026.572;179809;ESP32-IDS-01;30.2;61.0;746;41;36;4.04;dos
1.779.158.694.334;175823;ESP32-IDS-01;30.1;60.2;549;22;5;3.4;dos
1.779.145.308.745;575667;ESP32-IDS-01;28.3;67.2;882;19;2;2.4;normal
1.779.145.928.268;110527;ESP32-IDS-01;28.6;64.6;976;21;2;3.5;normal
1779146526.51;23098;ESP32-IDS-01;28.6;63.5;463;20;0;0.4;normal
1.779.146.419.568;47339;ESP32-IDS-01;28.7;63.6;634;18;2;1.3;normal
1779145794.77;10673;ESP32-IDS-01;28.5;64.7;965;21;3;3.4;normal
1.779.145.193.165;460065;ESP32-IDS-01;28.3;71.6;712;25;11;2.4;normal
1.779.152.536.741;13468;ESP32-IDS-01;30.0;63.5;686;24;12;1.8;dos
1.779.156.901.162;47256;ESP32-IDS-01;30.0;62.3;801;34;28;4.15;dos
1.779.145.470.579;737482;ESP32-IDS-01;28.3;68.8;631;19;3;2.5;normal
1.779.145.306.959;573842;ESP32-IDS-01;28.3;67.2;409;24;10;0.4;normal
1.779.145.809.315;25267;ESP32-IDS-01;28.5;64.5;571;20;0;0.5;normal
1.779.155.366.606;57298;ESP32-IDS-01;30.0;62.3;563;54;34;1.3;dos
1.779.165.374.956;1036696;ESP32-IDS-01;31.0;59.2;10000;1822;289;2.66;dos
1.779.149.436.828;1241358;ESP32-IDS-01;28.9;68.2;306;20;2;0.8;normal
1.779.145.457.446;724346;ESP32-IDS-01;28.3;68.6;450;20;0;2.9;normal
1.779.149.311.077;1115606;ESP32-IDS-01;28.9;68.3;639;19;3;0.8;normal
1.779.165.880.424;134852;ESP32-IDS-01;31.5;57.7;590;21;7;4.79;dos
1.779.159.107.052;50416;ESP32-IDS-01;30.5;60.7;1230;26;7;3.71;dos
1.779.148.580.087;384566;ESP32-IDS-01;28.7;69.3;968;19;3;1.5;normal
1.779.148.708.542;513050;ESP32-IDS-01;28.9;68.7;787;19;1;2.2;normal
1.779.145.739.821;27322;ESP32-IDS-01;28.5;65.5;958;20;0;0.2;normal
1.779.158.242.823;396079;ESP32-IDS-01;30.3;60.9;5624;36;31;2.3;dos
1.779.148.434.872;239368;ESP32-IDS-01;28.7;69.6;710;20;1;3.4;normal
1.779.151.667.324;1467178;ESP32-IDS-01;29.8;64.4;10000;387;518;0.75;dos
1.779.149.466.133;1270663;ESP32-IDS-01;28.9;68.2;482;20;1;1.5;normal
1.779.148.617.334;421839;ESP32-IDS-01;28.8;69.1;544;20;1;0.3;normal
1.779.145.582.038;848962;ESP32-IDS-01;28.4;66.6;329;21;2;0.5;normal
1.779.146.238.568;181416;ESP32-IDS-01;28.6;64.4;701;19;1;0.1;normal
1.779.157.979.461;132730;ESP32-IDS-01;30.2;60.9;590;24;13;6.49;dos
1.779.154.053.394;187081;ESP32-IDS-01;30.0;62.5;10000;385;490;3.17;dos
1.779.149.692.384;1496734;ESP32-IDS-01;29.0;67.9;752;84;96;0.8;normal
1.779.154.230.813;25693;ESP32-IDS-01;29.9;61.3;8995;304;374;0.21;dos
1.779.148.535.532;340010;ESP32-IDS-01;28.7;69.5;722;18;2;1.6;normal
1.779.158.695.216;176718;ESP32-IDS-01;30.1;60.2;895;20;2;2.53;dos
1.779.146.560.491;57021;ESP32-IDS-01;28.6;64.9;301;39;29;3.0;normal
1.779.151.992.243;1794262;ESP32-IDS-01;29.8;64.4;639;42;28;3.66;dos
1.779.146.001.653;183908;ESP32-IDS-01;28.6;63.0;339;21;3;0.7;normal
1.779.145.748.966;36224;ESP32-IDS-01;28.5;66.6;779;94;108;0.1;normal
1.779.145.684.949;951696;ESP32-IDS-01;28.5;65.0;487;82;93;2.9;normal
1.779.149.096.424;900919;ESP32-IDS-01;28.9;68.3;727;20;0;1.6;normal
1.779.159.417.989;229189;ESP32-IDS-01;30.5;61.2;535;21;4;1.0;dos
1.779.153.256.992;231745;ESP32-IDS-01;30.0;62.8;796;40;5;3.01;dos
1.779.146.248.541;191390;ESP32-IDS-01;28.6;65.2;397;19;1;1.9;normal
1.779.149.482.225;1286734;ESP32-IDS-01;28.9;68.2;454;20;1;2.5;normal
1.779.148.884.912;689402;ESP32-IDS-01;28.9;68.5;772;19;1;0.1;normal
1.779.150.516.722;318718;ESP32-IDS-01;29.1;67.5;312;33;20;0.8;dos
1.779.148.879.716;684000;ESP32-IDS-01;28.9;68.5;507;96;115;0.7;normal
1.779.145.110.574;377485;ESP32-IDS-01;28.2;72.1;443;21;3;2.5;normal
1779146090.94;33776;ESP32-IDS-01;28.5;66.3;314;20;1;2.6;normal
1.779.165.386.703;1058490;ESP32-IDS-01;31.0;59.2;660;20;5;1.4;dos
1.779.151.313.016;1115081;ESP32-IDS-01;29.9;64.4;453;19;0;2.8;dos
1.779.146.150.388;93230;ESP32-IDS-01;28.6;63.9;836;20;1;0.9;normal
1.779.146.682.044;57306;ESP32-IDS-01;28.6;63.1;301;73;82;3.0;normal
1779153927.11;64148;ESP32-IDS-01;30.0;62.5;463;23;18;2.56;dos
1.779.153.925.679;62725;ESP32-IDS-01;30.0;62.5;972;18;2;2.53;dos
1.779.149.525.498;1330033;ESP32-IDS-01;29.0;68.0;970;19;2;3.0;normal
1.779.153.611.556;586317;ESP32-IDS-01;30.0;62.7;1225;21;6;3.42;dos
1.779.145.854.577;36811;ESP32-IDS-01;28.5;64.6;779;20;1;0.1;normal
1779148541.69;346042;ESP32-IDS-01;28.7;69.5;493;69;151;2.3;normal
1.779.156.936.473;82422;ESP32-IDS-01;30.0;62.3;3800;73;49;2.76;dos
1.779.145.240.143;507047;ESP32-IDS-01;28.3;69.2;411;24;5;2.7;normal
1.779.159.601.038;412253;ESP32-IDS-01;30.7;61.0;669;18;1;4.59;dos
1.779.159.413.166;221748;ESP32-IDS-01;30.5;61.2;10000;63;5;3.09;dos
1.779.146.496.448;124190;ESP32-IDS-01;28.6;63.2;697;20;0;0.3;normal
1.779.159.588.772;399210;ESP32-IDS-01;30.7;61.0;675;86;62;1.68;dos
1.779.148.574.385;378884;ESP32-IDS-01;28.7;69.4;715;20;1;3.5;normal
1.779.150.105.016;1909567;ESP32-IDS-01;28.9;67.9;830;21;4;0.8;dos
1.779.167.085.626;124498;ESP32-IDS-01;28.8;53.2;780;17;2;5.36;dos
1.779.150.109.647;1914200;ESP32-IDS-01;28.9;67.9;955;20;1;2.1;dos
1.779.145.642.834;909744;ESP32-IDS-01;28.4;64.9;743;19;3;1.6;normal
1.779.145.862.041;44302;ESP32-IDS-01;28.5;64.8;549;20;1;3.4;normal
1.779.152.394.774;2185890;ESP32-IDS-01;29.9;63.9;10000;9999;0;1.64;dos
1.779.148.656.233;460739;ESP32-IDS-01;28.9;69.0;901;20;1;1.7;normal
1779146230.06;172907;ESP32-IDS-01;28.6;63.3;873;19;2;1.6;normal
1.779.150.469.818;271799;ESP32-IDS-01;29.0;67.8;516;27;5;1.9;dos
1.779.151.100.493;902532;ESP32-IDS-01;29.7;65.4;370;21;7;9.51;dos
1.779.148.217.592;22076;ESP32-IDS-01;27.8;67.8;358;20;5;1.7;normal
1.779.148.344.996;149491;ESP32-IDS-01;28.5;70.2;440;20;0;3.0;normal
1.779.145.248.869;515787;ESP32-IDS-01;28.3;67.3;491;20;1;1.7;normal
1.779.165.429.558;1101345;ESP32-IDS-01;31.1;59.2;475;30;12;0.1;dos
1.779.152.353.609;2155534;ESP32-IDS-01;29.9;63.9;967;61;32;4.57;dos
1.779.158.874.567;45492;ESP32-IDS-01;30.4;61.0;474;365;505;1.6;dos
1.779.146.225.079;167925;ESP32-IDS-01;28.6;62.9;590;19;2;1.9;normal
1.779.148.694.662;499166;ESP32-IDS-01;28.9;68.8;369;19;2;1.4;normal
1.779.146.294.272;237096;ESP32-IDS-01;28.6;65.5;631;19;2;1.9;normal
1.779.157.522.564;87018;ESP32-IDS-01;30.2;61.4;1402;48;12;3.11;dos
1779148242.1;46414;ESP32-IDS-01;28.0;69.6;993;71;76;3.3;normal
1.779.145.830.065;12324;ESP32-IDS-01;28.5;65.3;898;20;1;1.5;normal
1.779.156.179.216;35168;ESP32-IDS-01;30.0;61.9;965;360;507;3.34;dos
1.779.148.650.016;454517;ESP32-IDS-01;28.8;69.0;422;20;0;1.8;normal
1.779.150.697.792;499779;ESP32-IDS-01;29.4;66.8;646;32;19;2.4;dos
1.779.148.802.328;606839;ESP32-IDS-01;28.9;68.5;423;20;0;2.1;normal
1.779.150.157.104;1961503;ESP32-IDS-01;28.9;68.0;896;72;83;3.3;dos
1.779.167.048.904;78817;ESP32-IDS-01;28.8;53.1;972;2269;978;4.59;dos
1.779.149.516.237;1320768;ESP32-IDS-01;29.0;68.0;602;20;0;0.3;normal
1.779.157.480.111;46725;ESP32-IDS-01;30.2;61.6;479;26;13;7.76;dos
1.779.154.603.539;282645;ESP32-IDS-01;30.1;62.3;436;17;3;0.1;dos
1.779.153.968.915;105903;ESP32-IDS-01;30.0;62.5;9012;47;45;0.4;dos
1.779.151.436.476;1238543;ESP32-IDS-01;30.0;64.2;676;19;1;2.6;dos
1.779.146.140.102;82943;ESP32-IDS-01;28.6;63.9;667;19;1;3.3;normal
1.779.149.578.315;1382852;ESP32-IDS-01;29.1;67.8;549;20;1;0.7;normal
1.779.156.850.346;542917;ESP32-IDS-01;30.0;62.2;2323;25;5;0.53;dos
1.779.151.262.539;1064602;ESP32-IDS-01;29.9;64.7;332;19;1;1.2;dos
1.779.155.910.163;42702;ESP32-IDS-01;30.0;62.2;479;19;3;1.5;dos
1.779.157.516.101;81436;ESP32-IDS-01;30.2;61.5;1422;441;581;3.2;dos
1.779.149.346.771;1151261;ESP32-IDS-01;29.0;68.2;849;23;7;1.5;normal
1779151295.75;1097813;ESP32-IDS-01;29.9;64.5;770;20;0;0.8;dos
1.779.154.591.133;269513;ESP32-IDS-01;30.1;62.3;8540;236;328;3.42;dos
1.779.149.105.223;909719;ESP32-IDS-01;28.9;68.3;563;19;2;2.8;normal
1.779.145.484.563;751483;ESP32-IDS-01;28.3;66.4;722;21;3;3.1;normal
1.779.145.284.244;551136;ESP32-IDS-01;28.3;69.2;835;20;1;3.4;normal
1.779.145.635.725;902656;ESP32-IDS-01;28.4;64.7;591;20;0;2.5;normal
1.779.146.681.655;57005;ESP32-IDS-01;28.6;63.1;581;36;24;2.9;normal
1.779.155.144.689;412815;ESP32-IDS-01;30.1;62.2;772;22;4;1.1;dos
1.779.149.601.778;1406317;ESP32-IDS-01;29.1;67.7;668;19;1;2.5;normal
1.779.164.480.022;151644;ESP32-IDS-01;29.7;64.7;320;72;80;2.8;dos
1.779.158.782.421;40603;ESP32-IDS-01;30.2;61.5;4023;62;10;1.85;dos
1.779.148.837.065;641554;ESP32-IDS-01;28.9;68.6;385;19;2;3.1;normal
1.779.146.775.807;151232;ESP32-IDS-01;28.6;64.1;307;20;1;0.8;normal
1.779.145.420.587;687508;ESP32-IDS-01;28.3;68.7;353;20;0;1.6;normal
1.779.153.195.106;168785;ESP32-IDS-01;29.9;63.2;10000;396;505;0.8;dos
1.779.149.472.343;1276871;ESP32-IDS-01;28.9;68.2;961;20;0;0.6;normal
1.779.154.375.202;54332;ESP32-IDS-01;30.0;62.4;956;22;7;1.0;dos
1779151859.76;1661795;ESP32-IDS-01;29.8;64.4;617;20;5;1.7;dos
1.779.165.030.992;702743;ESP32-IDS-01;30.7;60.4;970;27;8;4.13;dos
1.779.150.094.077;1898627;ESP32-IDS-01;28.9;67.8;744;20;0;3.3;dos
1.779.165.428.127;1099508;ESP32-IDS-01;31.1;59.2;1211;160;211;3.3;dos
1.779.154.814.487;82493;ESP32-IDS-01;30.0;62.3;1320;31;18;1.66;dos
1.779.164.473.759;145541;ESP32-IDS-01;29.6;64.7;710;19;1;3.0;dos
1.779.148.504.153;308655;ESP32-IDS-01;28.7;69.5;945;18;2;3.4;normal
1.779.151.457.189;1259229;ESP32-IDS-01;30.0;64.0;824;21;0;2.6;dos
1.779.149.619.872;1424170;ESP32-IDS-01;29.0;67.7;426;91;111;3.1;normal
1.779.165.345.728;1017384;ESP32-IDS-01;31.0;59.2;785;60;22;0.9;dos
1.779.149.273.065;1077591;ESP32-IDS-01;28.9;68.4;953;19;1;2.4;normal
1779148486.86;291354;ESP32-IDS-01;28.7;69.5;849;21;2;1.2;normal
1.779.150.146.731;1951267;ESP32-IDS-01;28.9;68.0;536;26;11;0.5;dos
1779146766.37;141760;ESP32-IDS-01;28.6;64.6;657;32;34;0.3;normal
1.779.165.251.598;922382;ESP32-IDS-01;30.9;59.5;913;360;511;4.5;dos
1.779.165.772.693;6741;ESP32-IDS-01;31.5;57.0;466;9999;0;2.25;dos
1.779.165.878.549;132986;ESP32-IDS-01;31.5;57.7;326;20;6;13.57;dos
1.779.159.376.784;187963;ESP32-IDS-01;30.5;61.2;873;21;5;1.95;dos
1779150830.1;626371;ESP32-IDS-01;29.5;66.2;2394;1266;1262;2.02;dos
1.779.146.226.292;169141;ESP32-IDS-01;28.6;64.0;442;18;3;2.4;normal
1.779.149.432.526;1237060;ESP32-IDS-01;28.9;68.1;466;19;2;0.9;normal
1.779.149.238.142;1042663;ESP32-IDS-01;28.9;68.5;456;21;5;1.7;normal
1.779.146.215.408;158225;ESP32-IDS-01;28.6;64.3;679;20;1;0.9;normal
1.779.148.856.183;660695;ESP32-IDS-01;28.9;68.6;807;20;2;3.4;normal
1.779.148.454.587;259053;ESP32-IDS-01;28.7;69.6;498;31;21;1.3;normal
1.779.145.593.523;860454;ESP32-IDS-01;28.4;68.4;486;19;3;1.8;normal
1.779.151.369.701;1171767;ESP32-IDS-01;29.9;64.4;602;20;0;2.1;dos
1779152118.61;1918475;ESP32-IDS-01;29.9;64.3;1343;399;545;3.24;dos
1.779.152.617.788;92237;ESP32-IDS-01;30.0;63.4;2127;67;15;3.27;dos
1.779.157.619.411;91450;ESP32-IDS-01;30.2;61.4;931;24;6;3.05;dos
1.779.155.222.461;486403;ESP32-IDS-01;30.0;62.3;10000;48;30;3.4;dos
1.779.155.231.201;499288;ESP32-IDS-01;30.0;62.3;999;20;2;3.7;dos
1.779.149.578.988;1383527;ESP32-IDS-01;29.1;67.8;675;19;1;1.9;normal
1.779.146.762.722;138122;ESP32-IDS-01;28.6;64.0;773;19;1;2.5;normal
1.779.146.417.071;44839;ESP32-IDS-01;28.7;63.6;379;19;2;0.3;normal
1.779.145.481.359;748272;ESP32-IDS-01;28.3;68.7;584;23;5;2.7;normal
1.779.152.851.946;328707;ESP32-IDS-01;29.9;63.3;721;30;39;5.07;dos
1.779.146.669.232;44389;ESP32-IDS-01;28.6;63.1;549;24;12;3.4;normal
1.779.151.468.351;1270422;ESP32-IDS-01;30.0;64.0;431;19;1;0.2;dos
1.779.151.306.591;1108653;ESP32-IDS-01;29.9;64.5;649;20;0;1.4;dos
1.779.146.776.351;151777;ESP32-IDS-01;28.6;64.1;545;20;0;1.3;normal
1.779.152.712.841;189541;ESP32-IDS-01;29.9;63.4;768;38;10;4.6;dos
1.779.157.611.469;84067;ESP32-IDS-01;30.2;61.4;1307;165;299;2.47;dos
1.779.148.798.103;602577;ESP32-IDS-01;28.9;68.5;546;19;1;2.3;normal
1.779.151.060.726;862781;ESP32-IDS-01;29.7;65.4;1296;20;3;1.07;dos
1.779.148.615.327;419802;ESP32-IDS-01;28.8;69.1;453;21;2;0.3;normal
1.779.148.991.001;795516;ESP32-IDS-01;29.0;68.3;775;21;1;1.8;normal
1.779.146.443.873;71638;ESP32-IDS-01;28.7;63.7;518;21;3;3.2;normal
1.779.145.206.423;473332;ESP32-IDS-01;28.3;68.8;331;20;4;0.3;normal
1.779.155.282.189;550225;ESP32-IDS-01;30.0;62.3;477;54;103;2.5;dos
1.779.154.555.689;234797;ESP32-IDS-01;30.1;62.2;1184;30;11;2.84;dos
1.779.146.749.681;125052;ESP32-IDS-01;28.6;63.5;345;36;24;2.1;normal
1.779.156.806.283;498733;ESP32-IDS-01;30.0;62.1;982;51;37;3.92;dos
1.779.149.202.606;1007128;ESP32-IDS-01;28.8;68.5;747;20;1;2.4;normal
1.779.156.132.174;134418;ESP32-IDS-01;30.0;62.0;785;21;7;4.47;dos
1.779.146.537.375;33965;ESP32-IDS-01;28.6;63.4;737;19;1;0.8;normal
1779151995.02;1796797;ESP32-IDS-01;29.8;64.4;971;109;275;3.73;dos
1779145172.01;438922;ESP32-IDS-01;28.3;69.1;394;20;0;3.5;normal
1.779.152.086.486;1888536;ESP32-IDS-01;29.9;64.4;840;24;6;2.99;dos
1.779.146.723.607;99029;ESP32-IDS-01;28.6;63.5;479;20;0;1.4;normal
1.779.151.401.665;1203732;ESP32-IDS-01;29.9;64.3;783;19;1;0.7;dos
1.779.148.803.068;607575;ESP32-IDS-01;28.9;68.5;435;20;4;0.7;normal
1.779.148.216.259;20746;ESP32-IDS-01;27.8;67.8;515;21;1;1.3;normal
1.779.149.251.162;1055658;ESP32-IDS-01;28.9;68.5;315;20;2;2.7;normal
1.779.148.730.431;534915;ESP32-IDS-01;29.0;68.5;972;19;2;2.9;normal
1.779.149.710.133;1514648;ESP32-IDS-01;29.0;67.9;996;22;3;0.7;normal
1.779.157.169.439;13166;ESP32-IDS-01;30.0;62.4;686;23;20;4.72;dos
1.779.149.001.783;806297;ESP32-IDS-01;29.0;68.2;535;20;2;1.9;normal
1.779.150.084.189;1888457;ESP32-IDS-01;28.9;67.8;738;113;140;2.4;dos
1.779.146.799.114;14605;ESP32-IDS-01;28.6;63.1;593;20;0;0.7;normal
1.779.145.603.259;870185;ESP32-IDS-01;28.4;68.0;780;20;3;0.7;normal
1.779.145.475.314;742235;ESP32-IDS-01;28.3;68.4;917;21;2;0.7;normal
1.779.153.064.501;38436;ESP32-IDS-01;29.9;63.1;3102;310;405;1.22;dos
1.779.146.113.405;56217;ESP32-IDS-01;28.5;64.1;581;20;1;2.9;normal
1.779.151.584.508;1386585;ESP32-IDS-01;29.9;64.2;914;19;2;2.1;dos
1.779.149.279.471;1084000;ESP32-IDS-01;28.9;68.4;804;19;3;0.6;normal
1.779.149.535.979;1340515;ESP32-IDS-01;29.0;68.0;790;20;1;1.7;normal
1.779.148.666.001;470499;ESP32-IDS-01;28.9;68.9;582;20;1;0.1;normal
1779152709.8;186581;ESP32-IDS-01;29.9;63.4;301;21;6;12.97;dos
1.779.146.122.734;65573;ESP32-IDS-01;28.5;64.8;604;20;3;2.0;normal
1.779.149.805.345;1609894;ESP32-IDS-01;29.0;67.8;766;19;1;1.2;normal
1.779.149.611.029;1415568;ESP32-IDS-01;29.1;67.7;561;20;1;0.9;normal
1.779.148.480.878;285375;ESP32-IDS-01;28.7;69.5;363;21;1;1.1;normal
1.779.146.711.655;87076;ESP32-IDS-01;28.6;63.6;613;20;0;0.3;normal
1.779.164.887.423;555005;ESP32-IDS-01;30.5;61.5;1705;745;542;3.29;dos
1.779.146.313.951;256773;ESP32-IDS-01;28.6;63.8;308;19;1;2.3;normal
1.779.145.980.374;162607;ESP32-IDS-01;28.6;65.4;959;22;8;1.0;normal
1.779.146.415.254;43016;ESP32-IDS-01;28.7;63.6;701;22;3;0.8;normal
1.779.149.792.997;1597540;ESP32-IDS-01;29.0;67.8;727;20;0;2.0;normal
1779159100.51;43909;ESP32-IDS-01;30.4;60.8;965;24;9;3.4;dos
1.779.150.610.022;409670;ESP32-IDS-01;29.2;67.2;1316;80;25;1.26;dos
1.779.148.844.262;648777;ESP32-IDS-01;28.9;68.6;592;19;2;0.8;normal
1.779.148.702.108;506602;ESP32-IDS-01;28.9;68.7;697;20;1;2.4;normal
1.779.149.682.935;1487449;ESP32-IDS-01;29.0;67.8;321;20;0;2.1;normal
1.779.145.917.879;100133;ESP32-IDS-01;28.6;66.4;922;21;2;2.2;normal
1.779.146.189.347;132189;ESP32-IDS-01;28.6;61.4;711;20;2;1.4;normal
1.779.145.559.774;826675;ESP32-IDS-01;28.4;66.7;369;20;4;2.9;normal
1.779.157.522.662;87018;ESP32-IDS-01;30.2;61.4;1402;48;12;3.11;dos
1.779.152.173.528;1975602;ESP32-IDS-01;29.8;64.3;312;25;7;3.3;dos
1.779.156.716.405;408932;ESP32-IDS-01;30.1;61.7;315;43;37;0.2;dos
1.779.148.379.009;183451;ESP32-IDS-01;28.5;70.0;909;30;30;0.9;normal
1.779.149.045.614;850133;ESP32-IDS-01;29.0;68.2;440;20;1;1.2;normal
1.779.159.325.768;135867;ESP32-IDS-01;30.5;61.1;4611;393;1109;2.0;dos
1.779.145.107.106;374019;ESP32-IDS-01;28.2;71.8;562;20;2;2.3;normal
1.779.146.477.821;105590;ESP32-IDS-01;28.6;62.3;370;20;0;0.2;normal
1.779.151.967.505;1755082;ESP32-IDS-01;29.8;64.2;606;9999;0;1.4;dos
1779151505.57;1307640;ESP32-IDS-01;30.0;64.0;712;20;0;1.6;dos
1.779.149.745.615;1550113;ESP32-IDS-01;29.0;67.9;305;34;21;2.2;normal
1.779.145.158.227;425140;ESP32-IDS-01;28.3;68.0;909;20;0;1.1;normal
1779145446.99;713892;ESP32-IDS-01;28.3;68.5;772;19;1;0.1;normal
1.779.148.745.338;549848;ESP32-IDS-01;29.0;68.4;882;19;2;2.4;normal
1.779.152.575.081;51815;ESP32-IDS-01;29.9;63.5;655;24;11;2.5;dos
1779167097.38;136269;ESP32-IDS-01;28.8;53.2;895;20;0;0.3;dos
1.779.148.454.587;259053;ESP32-IDS-01;28.7;69.6;498;31;21;1.3;normal
1.779.146.274.129;216979;ESP32-IDS-01;28.6;63.9;709;19;1;0.9;normal
1.779.148.891.123;695637;ESP32-IDS-01;28.9;68.5;682;20;1;3.0;normal
1.779.148.676.888;481370;ESP32-IDS-01;28.9;68.9;918;19;2;0.4;normal
1.779.145.732.677;19695;ESP32-IDS-01;28.5;63.7;956;182;247;1.0;normal
1779150104.21;1908737;ESP32-IDS-01;28.9;67.9;551;20;1;2.3;dos
1.779.156.356.213;48650;ESP32-IDS-01;30.0;61.8;479;63;56;9.85;dos
1.779.145.612.533;879436;ESP32-IDS-01;28.4;66.2;301;20;1;0.6;normal
1.779.145.675.018;941923;ESP32-IDS-01;28.4;65.6;754;21;1;1.0;normal
1.779.145.306.959;573842;ESP32-IDS-01;28.3;67.2;409;24;10;0.4;normal
1.779.149.402.381;1206903;ESP32-IDS-01;29.0;68.1;564;22;2;1.9;normal
1.779.146.175.531;118375;ESP32-IDS-01;28.6;63.1;494;19;3;1.5;normal
1.779.165.209.252;880018;ESP32-IDS-01;30.9;59.7;409;357;1004;3.4;dos
1.779.150.057.148;1861696;ESP32-IDS-01;29.0;67.7;429;21;2;0.1;dos
1779149115.29;919813;ESP32-IDS-01;28.9;68.3;691;19;2;2.5;normal
1.779.148.825.137;629645;ESP32-IDS-01;28.9;68.6;933;20;1;1.8;normal
1779148220.32;24808;ESP32-IDS-01;27.9;68.2;563;21;1;1.3;normal
1.779.146.232.453;175301;ESP32-IDS-01;28.6;65.1;695;19;1;1.5;normal
1.779.166.603.785;149039;ESP32-IDS-01;29.3;54.7;933;24;7;1.37;dos
1779165162.85;834622;ESP32-IDS-01;30.9;59.6;975;31;6;2.03;dos
1.779.145.933.901;116160;ESP32-IDS-01;28.6;64.6;772;21;1;1.1;normal
1.779.149.511.233;1315759;ESP32-IDS-01;29.0;68.0;386;21;1;1.9;normal
1779154606.27;285295;ESP32-IDS-01;30.1;62.3;1383;54;56;4.02;dos
1.779.149.645.545;1449988;ESP32-IDS-01;29.0;67.7;347;52;44;0.2;normal
1.779.149.655.369;1459883;ESP32-IDS-01;29.0;67.7;604;20;0;0.4;normal
1779158508.74;129645;ESP32-IDS-01;30.2;61.5;2877;92;102;1.4;dos
1.779.148.396.144;200640;ESP32-IDS-01;28.6;69.9;987;20;2;0.4;normal
1.779.146.263.303;206147;ESP32-IDS-01;28.6;63.8;748;19;2;2.6;normal
1779146386.26;14026;ESP32-IDS-01;28.7;64.1;314;20;1;1.5;normal
1.779.145.131.945;398855;ESP32-IDS-01;28.2;69.5;630;21;1;0.1;normal
1.779.156.452.029;144531;ESP32-IDS-01;30.0;61.7;697;24;10;5.67;dos
1.779.148.937.905;742423;ESP32-IDS-01;28.9;68.5;604;18;0;1.3;normal
1.779.145.089.725;356638;ESP32-IDS-01;28.2;69.8;836;20;1;3.0;normal
1.779.149.527.129;1331600;ESP32-IDS-01;29.0;68.0;846;41;32;3.2;normal
1.779.166.462.642;7812;ESP32-IDS-01;29.7;53.8;626;29;4;4.9;dos
1.779.148.675.218;479725;ESP32-IDS-01;28.9;68.9;422;20;0;2.3;normal
1.779.146.697.045;72462;ESP32-IDS-01;28.6;63.3;518;21;1;3.2;normal
1.779.149.339.214;1143744;ESP32-IDS-01;29.0;68.2;759;19;1;1.3;normal
1.779.153.695.075;36041;ESP32-IDS-01;30.0;62.6;3326;62;41;1.2;dos
1.779.166.244.674;101097;ESP32-IDS-01;30.8;54.6;737;23;9;2.16;dos
1.779.148.794.328;598839;ESP32-IDS-01;28.9;68.5;973;20;1;2.3;normal
1779150161.91;1966442;ESP32-IDS-01;28.9;68.0;952;20;1;1.5;dos
1779145174.32;441226;ESP32-IDS-01;28.3;70.9;931;23;8;0.4;normal
1.779.146.684.876;60266;ESP32-IDS-01;28.6;64.2;768;22;1;2.0;normal
1.779.155.142.179;410302;ESP32-IDS-01;30.0;62.2;708;24;8;5.62;dos
1.779.146.088.111;30947;ESP32-IDS-01;28.5;64.7;823;21;3;2.9;normal
1.779.145.737.931;25433;ESP32-IDS-01;28.5;65.5;571;20;1;0.5;normal
1.779.157.442.389;9007;ESP32-IDS-01;30.2;61.7;924;17;1;4.38;dos
1.779.145.298.325;565066;ESP32-IDS-01;28.3;68.9;361;79;180;0.5;normal
1.779.145.396.047;662944;ESP32-IDS-01;28.3;66.6;954;20;0;0.9;normal
1.779.149.645.545;1449988;ESP32-IDS-01;29.0;67.7;347;52;44;0.2;normal
1.779.145.739.821;27322;ESP32-IDS-01;28.5;65.5;958;20;0;0.2;normal
1.779.148.340.763;145253;ESP32-IDS-01;28.4;70.3;519;20;0;3.4;normal
1779165386.03;1057830;ESP32-IDS-01;31.0;59.2;764;25;11;3.81;dos
1.779.148.964.739;769254;ESP32-IDS-01;28.9;68.5;377;20;0;2.0;normal
1.779.151.524.192;1326263;ESP32-IDS-01;30.0;64.0;845;19;2;0.1;dos
1.779.149.011.773;816263;ESP32-IDS-01;29.0;68.2;675;21;3;0.4;normal
1779148843.7;648185;ESP32-IDS-01;28.9;68.6;555;29;13;1.6;normal
1.779.165.917.893;19326;ESP32-IDS-01;31.5;56.5;10000;53;12;0.1;dos
1.779.156.267.844;123781;ESP32-IDS-01;30.1;61.8;795;368;507;3.26;dos
1.779.156.938.459;83378;ESP32-IDS-01;30.0;62.3;956;431;553;4.14;dos
1779153885.36;22337;ESP32-IDS-01;30.0;62.5;686;41;44;4.72;dos
1779148777.91;582380;ESP32-IDS-01;28.9;68.5;325;33;19;2.9;normal
1.779.149.023.708;828220;ESP32-IDS-01;29.0;68.2;954;21;4;1.0;normal
1.779.148.208.154;12643;ESP32-IDS-01;27.7;65.7;474;20;0;1.6;normal
1779148276.82;81254;ESP32-IDS-01;28.2;70.3;436;19;1;0.1;normal
1.779.154.197.585;29702;ESP32-IDS-01;29.9;62.7;898;23;7;2.61;dos
1779148683.38;487861;ESP32-IDS-01;28.9;68.8;555;20;0;0.4;normal
1779153656.93;631767;ESP32-IDS-01;30.0;62.6;1220;28;16;2.8;dos
1.779.153.884.657;21651;ESP32-IDS-01;30.0;62.5;474;42;27;1.6;dos
1.779.148.991.805;796315;ESP32-IDS-01;29.0;68.3;379;22;5;2.9;normal
1.779.158.865.088;31936;ESP32-IDS-01;30.4;61.0;10000;1709;2471;0.95;dos
1.779.149.240.143;1044668;ESP32-IDS-01;28.9;68.5;593;20;1;1.2;normal
1779150918.28;713909;ESP32-IDS-01;29.4;66.2;422;410;1025;6.94;dos
1779149445.68;1250208;ESP32-IDS-01;28.9;68.2;630;20;2;1.7;normal
1.779.166.107.794;213524;ESP32-IDS-01;31.4;57.4;1181;121;157;2.85;dos
1.779.165.121.226;792948;ESP32-IDS-01;30.9;59.7;2265;39;9;0.64;dos
1.779.157.972.181;122994;ESP32-IDS-01;30.3;60.8;1646;170;287;3.51;dos
1779158503.47;124469;ESP32-IDS-01;30.2;61.5;7809;57;8;0.8;dos
1.779.167.050.548;89382;ESP32-IDS-01;28.8;53.1;376;36;21;2.5;dos
1.779.150.135.387;1939943;ESP32-IDS-01;28.9;67.9;556;19;1;2.8;dos
1.779.151.631.595;1433621;ESP32-IDS-01;29.9;64.2;807;35;12;4.64;dos
1779149067.72;872021;ESP32-IDS-01;29.0;68.2;532;20;2;3.2;normal
1.779.153.527.147;501995;ESP32-IDS-01;30.0;62.7;410;22;5;1.8;dos
1779149496.39;1300882;ESP32-IDS-01;28.9;68.2;838;20;0;0.3;normal
1.779.149.616.526;1421065;ESP32-IDS-01;29.0;67.7;634;20;1;1.6;normal
1.779.150.883.138;685152;ESP32-IDS-01;29.4;66.2;755;29;10;5.95;dos
1.779.149.488.195;1292699;ESP32-IDS-01;28.9;68.1;455;21;2;3.2;normal
1.779.167.208.074;245909;ESP32-IDS-01;28.7;53.1;3792;368;521;1.76;dos
1.779.157.075.556;221699;ESP32-IDS-01;30.0;62.4;351;32;15;6.5;dos
1.779.149.646.973;1451506;ESP32-IDS-01;29.0;67.7;363;21;1;1.5;normal
1779153203.7;178488;ESP32-IDS-01;30.0;63.0;993;31;8;3.3;dos
1.779.149.097.428;901937;ESP32-IDS-01;28.9;68.3;429;24;6;3.1;normal
1.779.149.486.062;1290595;ESP32-IDS-01;28.9;68.2;366;20;0;2.8;normal
1.779.145.092.774;359664;ESP32-IDS-01;28.2;69.8;751;19;2;2.6;normal
1779159899.34;31917;ESP32-IDS-01;30.6;59.8;10000;146;266;0.14;dos
1.779.145.318.509;585427;ESP32-IDS-01;28.3;68.4;878;21;1;0.9;normal
1.779.146.340.211;22041;ESP32-IDS-01;28.6;62.3;358;20;1;1.7;normal
1.779.148.890.441;694955;ESP32-IDS-01;28.9;68.5;822;20;1;0.9;normal
1.779.145.707.842;974731;ESP32-IDS-01;28.5;64.2;798;34;20;3.4;normal
1.779.158.656.562;138059;ESP32-IDS-01;30.1;61.9;795;25;12;2.0;dos
1.779.148.923.236;727749;ESP32-IDS-01;28.9;68.5;415;20;1;0.2;normal
1.779.146.479.873;107616;ESP32-IDS-01;28.6;63.7;752;21;3;3.2;normal
1.779.151.563.007;1365082;ESP32-IDS-01;29.9;64.1;644;19;0;0.3;dos
1.779.164.934.169;605925;ESP32-IDS-01;30.5;61.3;1000;26;12;3.6;dos
1.779.151.533.119;1335188;ESP32-IDS-01;29.9;64.1;802;21;1;0.2;dos
1.779.148.757.293;561764;ESP32-IDS-01;28.9;68.5;762;31;11;3.3;normal
1.779.165.383.985;1055763;ESP32-IDS-01;31.0;59.2;557;24;19;11.78;dos
1.779.164.746.686;413745;ESP32-IDS-01;30.2;62.9;10000;1584;1174;1.8;dos
1779151373.99;1176057;ESP32-IDS-01;29.9;64.3;800;19;4;2.8;dos
1.779.151.522.639;1324677;ESP32-IDS-01;30.0;64.0;395;22;4;2.0;dos
1.779.149.634.168;1438693;ESP32-IDS-01;29.0;67.7;907;23;4;2.2;normal
1.779.148.626.336;430841;ESP32-IDS-01;28.8;69.1;780;20;0;0.4;normal
1.779.145.923.881;106143;ESP32-IDS-01;28.6;66.1;370;20;0;0.2;normal
1.779.148.436.411;240871;ESP32-IDS-01;28.7;69.6;1000;22;4;1.0;normal
1.779.156.585.218;277764;ESP32-IDS-01;30.0;61.7;587;31;6;1.0;dos
1.779.151.321.963;1124029;ESP32-IDS-01;29.9;64.4;778;19;2;2.4;dos
1.779.146.331.292;13294;ESP32-IDS-01;28.7;65.1;686;20;0;1.8;normal
1.779.149.241.292;1045817;ESP32-IDS-01;28.9;68.5;847;20;0;1.8;normal
1.779.148.691.681;496161;ESP32-IDS-01;28.9;68.7;467;29;15;3.5;normal
1.779.146.314.733;257584;ESP32-IDS-01;28.6;63.8;811;19;4;1.9;normal
1.779.148.507.299;311797;ESP32-IDS-01;28.7;69.5;470;19;1;1.0;normal
1.779.154.602.033;281129;ESP32-IDS-01;30.1;60.6;762;33;16;3.51;dos
1.779.154.832.069;100173;ESP32-IDS-01;30.1;62.3;995;23;12;3.21;dos
1.779.155.544.163;234958;ESP32-IDS-01;30.0;62.3;755;26;11;5.25;dos
1.779.151.582.151;1384224;ESP32-IDS-01;29.9;64.2;795;20;0;3.2;dos
1.779.156.135.914;138125;ESP32-IDS-01;30.0;62.0;549;36;26;5.22;dos
1.779.167.094.772;133669;ESP32-IDS-01;28.8;53.1;467;18;1;2.1;dos
1.779.145.965.814;148076;ESP32-IDS-01;28.6;64.7;385;20;1;0.1;normal
1.779.151.056.045;858059;ESP32-IDS-01;29.7;65.6;796;22;7;4.26;dos
1.779.148.696.156;500669;ESP32-IDS-01;28.9;68.8;565;18;1;2.1;normal
1.779.148.858.005;662191;ESP32-IDS-01;28.9;68.6;766;80;181;3.4;normal
1.779.156.629.134;321699;ESP32-IDS-01;30.1;61.7;439;29;18;2.8;dos
1.779.157.753.011;54199;ESP32-IDS-01;30.3;60.9;463;19;3;0.4;dos
1.779.148.533.448;337949;ESP32-IDS-01;28.7;69.5;496;20;1;2.6;normal
1.779.149.782.234;1586753;ESP32-IDS-01;29.0;67.8;527;20;0;2.3;normal
1.779.146.296.818;239666;ESP32-IDS-01;28.6;65.5;503;19;1;1.1;normal
1.779.149.310.463;1114967;ESP32-IDS-01;28.9;68.3;527;19;2;2.9;normal
1.779.149.597.681;1402222;ESP32-IDS-01;29.1;67.7;471;19;1;0.6;normal
1779155814.83;92885;ESP32-IDS-01;30.0;62.2;602;37;30;1.86;dos
1.779.153.881.335;18359;ESP32-IDS-01;30.0;62.5;924;24;4;7.63;dos
1.779.146.681.001;56424;ESP32-IDS-01;28.7;63.9;918;19;1;1.7;normal
1.779.165.565.998;1237806;ESP32-IDS-01;31.3;58.6;357;23;9;2.9;dos
1.779.146.661.795;37224;ESP32-IDS-01;28.7;64.6;518;18;2;1.3;normal
1.779.145.595.306;862226;ESP32-IDS-01;28.4;68.4;907;22;2;1.0;normal
1.779.149.493.671;1298203;ESP32-IDS-01;29.0;68.1;975;20;5;2.6;normal
1.779.156.090.524;92756;ESP32-IDS-01;30.0;61.9;876;27;20;3.14;dos
1.779.155.684.746;11263;ESP32-IDS-01;30.0;62.1;965;86;74;4.44;dos
1.779.145.854.876;37137;ESP32-IDS-01;28.5;64.6;326;20;1;1.3;normal
1.779.152.716.351;192080;ESP32-IDS-01;29.9;63.4;535;367;525;1.0;dos
1.779.156.346.125;37108;ESP32-IDS-01;30.0;61.9;5991;49;12;1.67;dos
1.779.148.621.179;425661;ESP32-IDS-01;28.8;69.1;842;27;8;2.6;normal
1.779.153.166.336;140117;ESP32-IDS-01;29.9;63.2;785;375;534;5.75;dos
1.779.155.185.908;453939;ESP32-IDS-01;30.0;62.3;968;37;19;4.87;dos
1.779.166.739.723;284969;ESP32-IDS-01;29.2;54.4;906;18;3;3.71;dos
1.779.152.670.364;145095;ESP32-IDS-01;29.9;63.5;971;32;32;3.1;dos
1.779.151.282.399;1084461;ESP32-IDS-01;29.9;64.6;658;20;0;2.2;dos
1.779.148.668.488;472987;ESP32-IDS-01;28.9;68.9;354;21;6;2.3;normal
1.779.151.439.744;1241810;ESP32-IDS-01;30.0;64.1;575;20;0;3.5;dos
1.779.158.148.713;300618;ESP32-IDS-01;30.3;60.6;1098;138;161;3.5;dos
1.779.154.651.676;329942;ESP32-IDS-01;30.0;62.3;457;305;433;5.69;dos
1.779.145.417.181;684106;ESP32-IDS-01;28.3;68.7;972;19;1;0.9;normal
1.779.145.928.268;110527;ESP32-IDS-01;28.6;64.6;976;21;2;3.5;normal
1.779.159.863.637;7412;ESP32-IDS-01;30.6;59.8;1203;19;4;0.93;dos
1.779.166.241.495;97759;ESP32-IDS-01;30.8;55.0;808;53;23;1.44;dos
1.779.149.660.549;1465083;ESP32-IDS-01;29.0;67.8;991;22;3;2.6;normal
1.779.151.906.064;1708084;ESP32-IDS-01;29.8;64.2;421;28;16;8.05;dos
1.779.149.053.435;857955;ESP32-IDS-01;29.0;68.2;440;19;1;2.8;normal
1779151327.67;1129707;ESP32-IDS-01;29.9;64.4;928;20;0;1.5;dos
1.779.146.262.555;205399;ESP32-IDS-01;28.6;63.8;952;19;1;2.4;normal
1779146276.14;218947;ESP32-IDS-01;28.6;65.1;868;32;39;2.7;normal
1.779.145.954.772;136995;ESP32-IDS-01;28.6;64.5;377;20;0;1.2;normal
1.779.154.064.272;201342;ESP32-IDS-01;30.0;62.5;1249;16;0;1.1;dos
1.779.154.774.505;40667;ESP32-IDS-01;30.0;62.3;2504;192;242;2.2;dos
1779166591.32;135966;ESP32-IDS-01;29.4;55.0;895;206;256;1.42;dos
1.779.146.112.796;55636;ESP32-IDS-01;28.5;64.6;918;20;2;1.7;normal
1.779.146.712.251;87674;ESP32-IDS-01;28.6;63.6;598;19;1;2.3;normal
1.779.145.175.412;442150;ESP32-IDS-01;28.3;70.9;924;79;89;3.2;normal
1.779.145.585.889;852816;ESP32-IDS-01;28.4;66.2;447;20;0;3.3;normal
1.779.145.741.926;29430;ESP32-IDS-01;28.5;65.0;876;20;1;2.0;normal
1.779.151.478.285;1280361;ESP32-IDS-01;30.0;64.0;493;17;2;0.5;dos
1.779.148.441.752;246250;ESP32-IDS-01;28.7;69.6;716;19;2;3.1;normal
1.779.148.374.972;179443;ESP32-IDS-01;28.5;70.0;356;20;1;0.2;normal
1779148914.2;718715;ESP32-IDS-01;28.9;68.5;711;20;1;0.7;normal
1.779.146.447.879;75652;ESP32-IDS-01;28.7;64.9;842;19;3;0.9;normal
1.779.149.562.361;1366902;ESP32-IDS-01;29.1;67.8;773;18;2;0.7;normal
1.779.146.713.565;88987;ESP32-IDS-01;28.6;62.1;830;20;3;1.8;normal
1.779.157.243.586;64238;ESP32-IDS-01;30.1;62.3;10000;1936;1145;0.25;dos
1.779.146.642.599;18018;ESP32-IDS-01;28.7;63.4;820;20;1;1.7;normal
1.779.165.569.068;1240807;ESP32-IDS-01;31.3;58.6;783;30;7;4.75;dos
1.779.157.260.907;87361;ESP32-IDS-01;30.1;62.2;958;17;0;0.2;dos
1.779.148.614.242;418746;ESP32-IDS-01;28.8;69.1;958;20;0;0.9;normal
1.779.149.546.743;1351232;ESP32-IDS-01;29.0;67.9;647;26;10;0.4;normal
1.779.145.585.438;852369;ESP32-IDS-01;28.4;66.2;954;19;4;1.0;normal
1.779.148.358.615;163109;ESP32-IDS-01;28.5;70.1;620;20;0;1.5;normal
1.779.148.994.127;798646;ESP32-IDS-01;29.0;68.3;358;19;2;3.0;normal
1.779.158.427.314;48447;ESP32-IDS-01;30.2;61.4;667;20;4;2.0;dos
1.779.148.981.371;785882;ESP32-IDS-01;28.9;68.4;681;21;1;0.5;normal
1779167483.04;521866;ESP32-IDS-01;28.6;51.8;959;27;15;3.09;dos
1.779.166.381.862;45909;ESP32-IDS-01;30.0;55.6;820;928;1361;4.14;dos
1.779.150.055.649;1860197;ESP32-IDS-01;29.0;67.7;814;21;2;0.9;dos
1.779.164.581.398;253112;ESP32-IDS-01;29.8;64.2;349;34;15;2.9;dos
1.779.146.648.146;23567;ESP32-IDS-01;28.7;63.7;376;20;0;2.5;normal
1.779.154.692.222;371363;ESP32-IDS-01;30.1;62.3;707;21;13;4.31;dos
1.779.146.213.167;155983;ESP32-IDS-01;28.6;65.3;590;20;1;2.6;normal
1.779.148.320.959;125454;ESP32-IDS-01;28.4;70.3;425;20;1;1.6;normal
1.779.154.337.323;16364;ESP32-IDS-01;30.0;62.4;593;48;20;0.7;dos
1779148883.4;687737;ESP32-IDS-01;28.9;68.5;718;18;1;2.0;normal
1.779.145.556.573;823498;ESP32-IDS-01;28.4;68.0;702;21;0;3.1;normal
1.779.154.013.686;150665;ESP32-IDS-01;30.0;62.5;807;35;45;2.6;dos
1.779.153.563.129;536934;ESP32-IDS-01;30.0;62.7;1949;367;526;1.61;dos
1779149137.15;941670;ESP32-IDS-01;28.9;68.4;713;19;3;1.3;normal
1.779.149.804.633;1609128;ESP32-IDS-01;29.0;67.8;694;28;17;1.3;normal
1.779.149.219.104;1023629;ESP32-IDS-01;28.8;68.5;317;19;1;2.5;normal
1.779.145.688.111;955037;ESP32-IDS-01;28.4;64.2;402;22;0;1.5;normal
1.779.153.932.121;66269;ESP32-IDS-01;30.0;62.5;563;36;18;3.08;dos
1.779.149.069.149;873665;ESP32-IDS-01;29.0;68.2;686;20;1;1.7;normal
1.779.151.180.716;982497;ESP32-IDS-01;29.8;65.0;10000;96;138;1.69;dos
1.779.165.656.977;1328803;ESP32-IDS-01;31.4;58.4;958;20;5;0.9;dos
1.779.165.286.607;957240;ESP32-IDS-01;31.0;59.4;9818;393;1032;2.2;dos
1.779.165.832.991;87322;ESP32-IDS-01;31.4;57.9;1239;56;58;2.11;dos
1.779.145.954.358;136618;ESP32-IDS-01;28.6;64.5;982;20;0;2.9;normal
1.779.148.665.081;469584;ESP32-IDS-01;28.9;69.0;944;20;4;2.9;normal
1.779.145.920.364;102624;ESP32-IDS-01;28.6;66.2;707;20;0;2.9;normal
1.779.156.265.718;122660;ESP32-IDS-01;30.1;61.8;779;22;8;2.67;dos
1.779.146.618.563;115150;ESP32-IDS-01;28.7;64.7;438;21;1;2.4;normal
1.779.150.972.256;774282;ESP32-IDS-01;29.6;65.9;633;27;15;5.36;dos
1.779.145.494.059;760912;ESP32-IDS-01;28.3;66.8;766;44;68;0.6;normal
1.779.152.266.986;2068992;ESP32-IDS-01;29.9;64.1;305;47;44;1.8;dos
1.779.154.202.241;33309;ESP32-IDS-01;29.9;62.7;1168;375;520;1.56;dos
1.779.150.743.122;545114;ESP32-IDS-01;29.4;66.6;593;35;17;1.8;dos
1.779.146.243.503;186347;ESP32-IDS-01;28.6;64.1;579;19;1;2.1;normal
1.779.157.928.797;81097;ESP32-IDS-01;30.3;60.8;628;356;509;3.29;dos
1.779.149.372.768;1177299;ESP32-IDS-01;29.0;68.2;979;19;3;2.2;normal
1.779.159.593.744;404863;ESP32-IDS-01;30.7;61.0;1622;44;30;3.82;dos
1.779.148.319.042;123538;ESP32-IDS-01;28.4;70.3;990;19;1;1.1;normal
1.779.148.959.076;763591;ESP32-IDS-01;28.9;68.5;933;18;2;0.6;normal
1779146455.0;82767;ESP32-IDS-01;28.7;65.0;667;20;0;3.3;normal
1.779.154.778.528;46639;ESP32-IDS-01;30.0;62.3;1152;24;10;2.37;dos
1.779.146.163.348;106192;ESP32-IDS-01;28.6;64.6;426;19;1;1.7;normal
1.779.145.185.264;452175;ESP32-IDS-01;28.3;69.2;842;21;2;2.6;normal
1.779.149.452.511;1257038;ESP32-IDS-01;28.9;68.2;978;21;3;1.2;normal
1.779.155.860.926;128394;ESP32-IDS-01;30.0;62.2;1406;1917;2789;0.8;dos
1.779.145.472.997;739927;ESP32-IDS-01;28.3;68.8;980;18;2;1.9;normal
1.779.152.439.286;2223120;ESP32-IDS-01;29.9;63.9;10000;9999;0;3.25;dos
1.779.167.500.907;526258;ESP32-IDS-01;28.6;51.9;722;9999;0;0.8;dos
1779146047.6;229869;ESP32-IDS-01;28.5;63.1;613;19;2;0.7;normal
1.779.151.326.063;1128121;ESP32-IDS-01;29.9;64.4;637;20;0;0.3;dos
1.779.160.005.917;138877;ESP32-IDS-01;30.6;61.5;467;28;16;4.24;dos
1.779.146.003.876;186123;ESP32-IDS-01;28.6;64.8;367;17;2;0.2;normal
1.779.145.646.729;913661;ESP32-IDS-01;28.4;63.2;903;20;1;1.6;normal
1.779.146.424.969;52712;ESP32-IDS-01;28.7;64.9;529;20;0;2.1;normal
1.779.150.387.503;189513;ESP32-IDS-01;28.8;68.0;587;26;14;4.41;dos
1.779.148.279.937;84408;ESP32-IDS-01;28.2;70.3;633;18;0;0.8;normal
1.779.149.231.608;1036135;ESP32-IDS-01;28.9;68.5;662;19;2;1.8;normal
1.779.167.007.239;46072;ESP32-IDS-01;28.8;53.1;965;33;10;2.3;dos
1.779.149.673.385;1477900;ESP32-IDS-01;29.0;67.8;546;20;0;0.6;normal
1.779.145.459.322;726246;ESP32-IDS-01;28.3;68.6;793;20;0;3.0;normal
1.779.157.080.375;226459;ESP32-IDS-01;29.9;62.6;768;41;35;4.6;dos
1.779.151.392.358;1194399;ESP32-IDS-01;29.9;64.3;844;20;0;3.3;dos
1.779.145.180.075;446981;ESP32-IDS-01;28.3;69.2;665;21;1;3.1;normal
1.779.153.385.617;360297;ESP32-IDS-01;30.1;62.6;750;26;11;3.63;dos
1779152732.72;194978;ESP32-IDS-01;29.9;63.4;889;9999;0;2.3;dos
1.779.151.429.531;1231598;ESP32-IDS-01;30.0;64.2;700;20;0;2.1;dos
1.779.165.522.162;1193944;ESP32-IDS-01;31.2;58.8;590;33;9;3.49;dos
1.779.150.155.279;1959838;ESP32-IDS-01;28.9;68.0;829;19;3;3.2;dos
1.779.154.380.995;59966;ESP32-IDS-01;30.1;62.4;571;42;36;2.25;dos
1.779.150.065.866;1870414;ESP32-IDS-01;29.0;67.7;950;22;0;3.0;dos
1.779.150.429.715;231656;ESP32-IDS-01;28.9;68.0;724;42;25;2.4;dos
1.779.145.854.876;37137;ESP32-IDS-01;28.5;64.6;326;20;1;1.3;normal
1.779.166.647.138;191330;ESP32-IDS-01;29.3;54.7;957;33;13;1.3;dos
1.779.149.469.243;1273775;ESP32-IDS-01;28.9;68.2;774;20;2;2.8;normal
1.779.151.521.807;1323877;ESP32-IDS-01;30.0;64.0;327;20;0;0.5;dos
1.779.149.271.384;1075888;ESP32-IDS-01;28.9;68.4;976;18;2;0.3;normal
1.779.151.404.114;1206178;ESP32-IDS-01;29.9;64.3;831;20;0;3.3;dos
1.779.146.147.729;90571;ESP32-IDS-01;28.6;64.4;906;20;1;1.5;normal
1.779.149.627.759;1432300;ESP32-IDS-01;29.0;67.7;463;19;3;2.2;normal
1779159771.36;24271;ESP32-IDS-01;30.8;59.6;4095;49;10;1.84;dos
1.779.167.119.418;158284;ESP32-IDS-01;28.8;53.4;841;20;1;1.9;dos
1.779.159.371.476;182642;ESP32-IDS-01;30.5;61.2;318;25;3;6.24;dos
1.779.151.247.053;1049114;ESP32-IDS-01;29.9;64.8;317;20;0;2.2;dos
1.779.145.750.986;38470;ESP32-IDS-01;28.5;66.6;590;26;9;3.1;normal
1779146340.64;22643;ESP32-IDS-01;28.7;63.8;602;21;1;0.2;normal
1.779.148.469.661;274160;ESP32-IDS-01;28.7;69.5;606;20;3;1.9;normal
1.779.149.181.868;986367;ESP32-IDS-01;28.8;68.5;728;19;1;3.3;normal
1779149722.01;1526558;ESP32-IDS-01;29.0;67.9;696;18;2;1.4;normal
1.779.145.931.387;113647;ESP32-IDS-01;28.6;64.9;708;20;0;2.8;normal
1.779.151.899.085;1698297;ESP32-IDS-01;29.8;64.4;1637;975;1358;1.81;dos
1.779.146.246.751;189598;ESP32-IDS-01;28.6;65.2;810;19;1;1.6;normal
1.779.149.290.528;1095029;ESP32-IDS-01;28.9;68.4;487;20;0;2.3;normal
1.779.154.286.334;82023;ESP32-IDS-01;30.0;62.5;486;37;53;2.4;dos
1779166679.96;224924;ESP32-IDS-01;29.3;54.6;1363;71;24;2.63;dos
1.779.145.211.447;478363;ESP32-IDS-01;28.3;68.5;926;20;3;2.3;normal
1.779.155.943.724;75889;ESP32-IDS-01;30.0;62.2;1310;150;181;1.0;dos
1.779.145.760.051;47543;ESP32-IDS-01;28.5;66.4;634;20;0;1.3;normal
1.779.166.194.627;50053;ESP32-IDS-01;31.2;56.2;667;358;1002;3.5;dos
1.779.145.372.643;639541;ESP32-IDS-01;28.3;68.9;689;19;1;2.4;normal
1.779.148.642.875;447377;ESP32-IDS-01;28.8;69.0;559;21;3;3.4;normal
1.779.148.354.871;159371;ESP32-IDS-01;28.5;70.1;917;18;1;0.7;normal
1.779.146.152.177;95018;ESP32-IDS-01;28.6;65.5;439;20;2;2.8;normal
1.779.150.693.949;493961;ESP32-IDS-01;29.3;66.8;5895;690;993;2.07;dos
1779145635.14;902065;ESP32-IDS-01;28.4;64.7;625;21;1;3.0;normal
1.779.155.320.639;11412;ESP32-IDS-01;30.0;62.3;924;21;4;5.46;dos
1.779.157.571.942;44953;ESP32-IDS-01;30.2;61.4;686;27;6;3.26;dos
1.779.154.871.457;139524;ESP32-IDS-01;30.0;62.5;455;27;6;2.9;dos
1.779.151.415.232;1217273;ESP32-IDS-01;29.9;64.3;850;20;1;3.0;dos
1.779.145.315.956;582872;ESP32-IDS-01;28.3;67.7;352;20;0;1.0;normal
1.779.151.188.396;987495;ESP32-IDS-01;29.8;65.0;3276;997;1470;1.5;dos
1779146545.35;41932;ESP32-IDS-01;28.6;62.0;601;21;1;0.5;normal
1.779.167.257.746;296614;ESP32-IDS-01;28.7;53.0;426;25;19;1.7;dos
1.779.145.856.744;39003;ESP32-IDS-01;28.5;64.6;590;20;1;3.1;normal
1.779.145.191.071;457983;ESP32-IDS-01;28.3;69.2;628;20;1;1.2;normal
1.779.146.283.451;226297;ESP32-IDS-01;28.6;64.6;519;20;2;2.4;normal
1779145570.11;837000;ESP32-IDS-01;28.4;68.3;973;24;10;2.4;normal
1.779.156.620.859;308439;ESP32-IDS-01;30.0;61.7;10000;618;510;3.18;dos
1.779.146.188.635;131478;ESP32-IDS-01;28.6;61.4;516;19;1;0.9;normal
1.779.152.942.285;418978;ESP32-IDS-01;29.9;63.1;697;43;34;1.73;dos
1.779.145.554.297;821198;ESP32-IDS-01;28.4;68.0;349;21;1;2.5;normal
1.779.149.259.176;1063699;ESP32-IDS-01;28.9;68.5;742;21;3;2.0;normal
1.779.166.062.993;169047;ESP32-IDS-01;31.5;56.4;551;24;2;6.74;dos
1.779.151.465.775;1267844;ESP32-IDS-01;30.0;64.0;758;20;3;0.1;dos
1.779.166.996.003;33676;ESP32-IDS-01;28.9;52.8;3590;53;24;3.58;dos
1.779.151.303.169;1105232;ESP32-IDS-01;29.9;64.5;822;20;0;3.3;dos
1.779.151.260.061;1062122;ESP32-IDS-01;29.9;64.8;830;20;2;0.3;dos
1.779.149.073.743;878262;ESP32-IDS-01;28.9;68.3;390;20;0;1.7;normal
1.779.145.983.029;165294;ESP32-IDS-01;28.6;65.4;646;19;3;2.4;normal
1779149121.04;925536;ESP32-IDS-01;28.9;68.3;525;20;0;2.4;normal
1779152218.48;2020564;ESP32-IDS-01;29.8;64.3;358;22;7;6.29;dos
1.779.148.399.419;203868;ESP32-IDS-01;28.6;69.9;322;35;20;2.9;normal
1779155095.97;364078;ESP32-IDS-01;30.1;62.3;922;27;33;4.37;dos
1.779.146.161.115;103779;ESP32-IDS-01;28.6;63.1;811;79;92;3.1;normal
1.779.148.657.521;462026;ESP32-IDS-01;28.9;69.0;783;20;2;0.7;normal
1.779.148.518.367;322866;ESP32-IDS-01;28.7;69.5;833;20;1;2.8;normal
1.779.149.382.898;1187427;ESP32-IDS-01;29.0;68.1;977;20;0;0.8;normal
1.779.145.720.787;8114;ESP32-IDS-01;28.5;67.1;777;79;90;1.6;normal
1.779.154.036.319;159943;ESP32-IDS-01;30.0;62.5;385;1503;160;1.5;dos
1.779.148.846.533;651015;ESP32-IDS-01;28.9;68.6;477;20;0;2.9;normal
1.779.157.458.175;9739;ESP32-IDS-01;30.2;61.7;732;1909;252;2.27;dos
1.779.146.775.807;151232;ESP32-IDS-01;28.6;64.1;307;20;1;0.8;normal
1.779.148.822.314;626822;ESP32-IDS-01;28.9;68.6;755;21;2;1.0;normal
1.779.146.791.185;6651;ESP32-IDS-01;28.6;65.1;466;28;7;0.1;normal
1.779.149.771.839;1576196;ESP32-IDS-01;29.0;67.8;511;82;98;1.0;normal
1779145989.44;171708;ESP32-IDS-01;28.6;64.6;643;19;3;0.5;normal
1.779.154.418.808;97908;ESP32-IDS-01;30.1;62.3;2403;20;5;3.22;dos
1.779.145.417.929;684852;ESP32-IDS-01;28.3;68.7;746;20;0;1.4;normal
1.779.148.341.846;146251;ESP32-IDS-01;28.4;70.3;998;20;1;1.0;normal
1.779.145.728.468;15945;ESP32-IDS-01;28.5;65.4;801;20;1;2.9;normal
1.779.154.962.052;230110;ESP32-IDS-01;30.0;62.5;461;25;4;4.57;dos
1.779.145.398.291;665213;ESP32-IDS-01;28.3;66.6;961;19;3;2.5;normal
1.779.155.184.092;452187;ESP32-IDS-01;30.0;62.2;425;33;22;3.95;dos
1.779.159.009.881;92337;ESP32-IDS-01;30.5;60.6;4984;19;2;1.5;dos
1.779.145.192.467;459353;ESP32-IDS-01;28.3;71.6;760;20;3;1.5;normal
1.779.149.275.477;1079979;ESP32-IDS-01;28.9;68.4;487;20;1;2.7;normal
1779145134.11;400995;ESP32-IDS-01;28.2;68.2;639;20;1;1.1;normal
1.779.146.022.089;204357;ESP32-IDS-01;28.6;62.3;363;19;1;1.5;normal
1.779.145.343.991;610912;ESP32-IDS-01;28.3;68.5;845;20;0;0.1;normal
1.779.158.020.419;173690;ESP32-IDS-01;30.2;61.0;634;28;18;1.3;dos
1.779.155.259.322;507660;ESP32-IDS-01;30.0;62.3;2752;3626;1631;2.4;dos
1.779.145.935.672;117913;ESP32-IDS-01;28.6;63.1;654;19;2;2.4;normal
1.779.152.843.152;319922;ESP32-IDS-01;29.9;63.3;3899;21;7;3.36;dos
1.779.164.891.396;563189;ESP32-IDS-01;30.5;61.4;936;19;2;2.37;dos
1.779.148.245.136;49595;ESP32-IDS-01;28.0;69.7;318;20;1;3.1;normal
1.779.151.534.333;1336375;ESP32-IDS-01;29.9;64.1;412;29;14;2.5;dos
1.779.145.534.073;800972;ESP32-IDS-01;28.4;71.1;941;20;1;3.4;normal
1.779.145.516.182;783080;ESP32-IDS-01;28.4;68.5;834;20;1;0.9;normal
1.779.149.378.336;1182845;ESP32-IDS-01;29.0;68.1;743;19;3;0.1;normal
1.779.152.175.773;1976800;ESP32-IDS-01;29.8;64.3;523;371;1047;2.91;dos
1.779.149.523.554;1328088;ESP32-IDS-01;29.0;68.0;549;20;0;2.8;normal
1.779.148.573.389;377847;ESP32-IDS-01;28.7;69.4;995;22;7;3.2;normal
1.779.149.572.044;1376577;ESP32-IDS-01;29.1;67.8;313;19;1;1.4;normal
1.779.151.808.948;1609961;ESP32-IDS-01;29.8;64.5;1687;373;514;3.89;dos
1779149497.11;1301642;ESP32-IDS-01;28.9;68.2;760;20;1;2.6;normal
1.779.148.811.927;616434;ESP32-IDS-01;28.9;68.5;726;20;2;0.6;normal
1.779.146.678.146;53536;ESP32-IDS-01;28.7;63.9;529;22;5;2.1;normal
1.779.153.751.304;92433;ESP32-IDS-01;30.0;62.5;1256;24;1;2.8;dos
1.779.145.911.567;93607;ESP32-IDS-01;28.6;66.1;836;92;112;0.9;normal
1.779.153.382.225;356923;ESP32-IDS-01;30.1;62.7;2503;53;23;3.3;dos
1779149638.14;1442680;ESP32-IDS-01;29.0;67.7;886;19;3;2.5;normal
1.779.148.635.939;440446;ESP32-IDS-01;28.8;69.0;873;19;1;0.6;normal
1.779.149.549.878;1354390;ESP32-IDS-01;29.0;67.9;924;20;1;0.6;normal
1779150159.31;1963870;ESP32-IDS-01;28.9;68.0;597;19;2;3.5;dos
1.779.148.915.383;719875;ESP32-IDS-01;28.9;68.5;437;19;1;2.6;normal
1.779.166.572.251;107435;ESP32-IDS-01;29.4;55.0;455;9999;0;2.9;dos
1.779.158.415.931;32928;ESP32-IDS-01;30.3;61.1;10000;1050;1443;0.96;dos
1.779.146.438.741;66475;ESP32-IDS-01;28.7;64.6;841;21;3;1.9;normal
1779146456.24;83987;ESP32-IDS-01;28.6;63.9;633;19;2;0.8;normal
1.779.160.171.595;29150;ESP32-IDS-01;30.7;59.8;10000;903;479;0.14;dos
1.779.152.264.945;2066996;ESP32-IDS-01;29.9;64.1;528;24;12;5.99;dos
1.779.155.228.439;495336;ESP32-IDS-01;30.0;62.2;1341;82;126;3.25;dos
1.779.146.776.686;152098;ESP32-IDS-01;28.6;64.1;321;24;7;1.5;normal
1.779.149.670.172;1474687;ESP32-IDS-01;29.0;67.8;785;20;1;0.9;normal
1.779.146.075.913;18729;ESP32-IDS-01;28.5;64.1;655;19;1;2.5;normal
1.779.146.763.928;139352;ESP32-IDS-01;28.6;64.0;420;20;1;3.1;normal
1779152978.73;455506;ESP32-IDS-01;29.9;63.1;653;28;10;7.09;dos
1.779.166.875.739;420971;ESP32-IDS-01;29.2;53.9;1183;20;4;0.6;dos
1.779.157.482.134;48772;ESP32-IDS-01;30.2;61.5;1246;19;1;1.3;dos
1.779.146.159.402;102247;ESP32-IDS-01;28.6;63.1;707;19;1;2.9;normal
1.779.145.328.287;595207;ESP32-IDS-01;28.3;67.5;936;20;0;2.7;normal
1.779.148.967.571;772087;ESP32-IDS-01;28.9;68.5;748;19;3;1.9;normal
1.779.149.241.292;1045817;ESP32-IDS-01;28.9;68.5;847;20;0;1.8;normal
1.779.146.224.495;167335;ESP32-IDS-01;28.6;62.9;413;20;1;2.8;normal
1.779.149.381.302;1185792;ESP32-IDS-01;29.0;68.1;752;33;18;2.4;normal
1.779.145.650.026;916933;ESP32-IDS-01;28.4;65.4;586;20;3;0.6;normal
1.779.148.813.868;618378;ESP32-IDS-01;28.9;68.5;352;20;4;1.6;normal
1.779.155.815.244;93348;ESP32-IDS-01;30.0;62.2;463;26;11;0.4;dos
1.779.151.529.432;1331503;ESP32-IDS-01;29.9;64.1;417;20;0;0.2;dos
1.779.146.774.115;149523;ESP32-IDS-01;28.6;63.8;349;26;9;2.9;normal
1.779.159.826.338;79277;ESP32-IDS-01;30.7;61.1;931;53;42;3.05;dos
1.779.145.306.515;573433;ESP32-IDS-01;28.3;69.0;944;20;0;0.7;normal
1.779.159.227.344;36199;ESP32-IDS-01;30.6;60.7;9061;376;663;3.4;dos
1.779.149.060.127;864621;ESP32-IDS-01;29.0;68.2;993;19;1;1.7;normal
1.779.146.269.043;211890;ESP32-IDS-01;28.6;62.4;859;19;1;1.2;normal
1.779.151.431.457;1233492;ESP32-IDS-01;30.0;64.2;312;29;14;3.2;dos
1.779.145.919.359;101597;ESP32-IDS-01;28.6;66.2;516;19;4;1.9;normal
1.779.150.125.748;1930306;ESP32-IDS-01;28.9;67.9;432;19;1;3.0;dos
1.779.145.864.337;46569;ESP32-IDS-01;28.5;65.9;993;21;3;3.3;normal
1.779.150.518.189;320181;ESP32-IDS-01;29.1;67.5;494;35;6;1.5;dos
1.779.157.791.121;91098;ESP32-IDS-01;30.3;60.9;998;401;544;2.2;dos
1.779.146.385.956;13712;ESP32-IDS-01;28.7;64.1;965;23;5;2.3;normal
1.779.145.625.908;892790;ESP32-IDS-01;28.4;66.4;938;36;43;1.2;normal
1.779.165.113.621;785313;ESP32-IDS-01;30.8;59.9;363;57;46;1.1;dos
1.779.151.676.891;1477934;ESP32-IDS-01;29.8;64.5;392;23;14;0.8;dos
1.779.150.107.119;1911648;ESP32-IDS-01;28.9;67.9;604;20;0;1.0;dos
1.779.158.191.116;329783;ESP32-IDS-01;30.3;60.6;10000;9999;0;2.47;dos
1779155548.79;239585;ESP32-IDS-01;30.0;62.4;842;25;13;2.09;dos
1.779.149.289.353;1093880;ESP32-IDS-01;28.9;68.4;324;20;0;1.3;normal
1.779.145.520.843;787740;ESP32-IDS-01;28.4;68.7;933;29;5;0.6;normal
1.779.145.180.893;447809;ESP32-IDS-01;28.3;69.2;828;20;0;3.3;normal
1.779.150.099.726;1904278;ESP32-IDS-01;28.9;67.9;565;19;3;2.6;dos
1.779.146.332.229;14259;ESP32-IDS-01;28.7;65.1;965;20;0;2.3;normal
1.779.151.264.452;1066510;ESP32-IDS-01;29.9;64.7;971;21;2;3.5;dos
1.779.148.372.289;176760;ESP32-IDS-01;28.5;70.0;360;20;1;3.3;normal
1.779.151.386.152;1188193;ESP32-IDS-01;29.9;64.3;910;20;0;2.3;dos
1.779.146.461.087;88858;ESP32-IDS-01;28.6;63.1;777;19;2;3.3;normal
1.779.145.166.124;433039;ESP32-IDS-01;28.3;71.9;567;20;0;1.2;normal
1.779.146.487.455;115225;ESP32-IDS-01;28.6;62.8;438;20;0;2.4;normal
1.779.151.845.543;1636864;ESP32-IDS-01;29.8;64.4;10000;9999;0;1.9;dos
1.779.154.510.128;189274;ESP32-IDS-01;30.1;62.4;1220;17;0;0.8;dos
1.779.145.384.142;651063;ESP32-IDS-01;28.3;68.9;947;20;1;0.8;normal
1.779.149.584.026;1388537;ESP32-IDS-01;29.1;67.8;412;20;1;2.0;normal
1779149496.39;1300882;ESP32-IDS-01;28.9;68.2;838;20;0;0.3;normal
1.779.145.464.911;731807;ESP32-IDS-01;28.3;68.5;692;23;5;0.8;normal
1.779.148.650.016;454517;ESP32-IDS-01;28.8;69.0;422;20;0;1.8;normal
1.779.158.789.472;51869;ESP32-IDS-01;30.3;61.3;655;54;56;2.5;dos
1.779.148.399.419;203868;ESP32-IDS-01;28.6;69.9;322;35;20;2.9;normal
1.779.148.237.486;41975;ESP32-IDS-01;28.0;69.3;601;21;1;0.5;normal
1.779.148.264.262;68754;ESP32-IDS-01;28.1;70.1;848;20;0;0.7;normal
1.779.165.923.828;26947;ESP32-IDS-01;31.5;57.5;732;63;31;2.27;dos
1.779.164.654.366;316217;ESP32-IDS-01;29.9;63.9;10000;9999;0;3.06;dos
1.779.148.650.016;454517;ESP32-IDS-01;28.8;69.0;422;20;0;1.8;normal
1.779.148.532.997;337453;ESP32-IDS-01;28.7;69.5;417;34;26;0.9;normal
1.779.158.972.171;54583;ESP32-IDS-01;30.5;60.6;820;31;23;4.14;dos
1.779.155.130.769;397260;ESP32-IDS-01;30.1;62.2;2358;38;35;3.62;dos
1.779.148.208.154;12643;ESP32-IDS-01;27.7;65.7;474;20;0;1.6;normal
1.779.157.706.138;7286;ESP32-IDS-01;30.3;59.8;626;28;15;4.9;dos
1.779.152.534.627;11410;ESP32-IDS-01;30.0;63.5;965;17;1;3.4;dos
1.779.146.017.711;199779;ESP32-IDS-01;28.6;64.5;306;85;196;2.4;normal
1.779.149.014.986;819480;ESP32-IDS-01;29.0;68.2;629;18;0;0.2;normal
1.779.149.248.664;1053183;ESP32-IDS-01;28.9;68.5;549;20;0;0.3;normal
1.779.149.550.532;1355069;ESP32-IDS-01;29.0;67.9;679;19;3;3.4;normal
1.779.149.656.326;1460860;ESP32-IDS-01;29.0;67.7;977;20;0;3.4;normal
1.779.152.171.775;1973852;ESP32-IDS-01;29.8;64.3;987;24;20;2.11;dos
1.779.155.848.198;126208;ESP32-IDS-01;30.0;62.2;9733;51;3;0.3;dos
1.779.152.357.498;2159508;ESP32-IDS-01;29.9;63.9;419;41;54;2.2;dos
1.779.152.661.994;138578;ESP32-IDS-01;29.9;63.5;814;70;52;0.8;dos
1.779.152.357.269;2159089;ESP32-IDS-01;29.9;63.9;938;104;90;3.33;dos
1.779.153.427.625;399858;ESP32-IDS-01;30.1;62.6;4050;892;1179;0.2;dos
1.779.152.039.607;1841658;ESP32-IDS-01;29.8;64.3;941;21;7;4.46;dos
1.779.158.971.389;53763;ESP32-IDS-01;30.5;60.6;667;20;7;0.5;dos
1.779.149.050.164;854684;ESP32-IDS-01;29.0;68.2;855;19;1;2.2;normal
1.779.165.702.557;1374390;ESP32-IDS-01;31.4;58.2;602;19;6;3.76;dos
1.779.146.580.943;77518;ESP32-IDS-01;28.6;63.5;833;24;7;2.5;normal
1.779.153.215.134;186723;ESP32-IDS-01;30.0;62.9;746;22;8;4.04;dos
1.779.148.757.293;561764;ESP32-IDS-01;28.9;68.5;762;31;11;3.3;normal
1.779.146.634.232;9624;ESP32-IDS-01;28.7;61.6;924;21;1;3.3;normal
1.779.149.000.415;804932;ESP32-IDS-01;29.0;68.2;611;20;0;3.3;normal
1779145942.14;124353;ESP32-IDS-01;28.6;63.2;697;28;12;0.3;normal
1.779.154.378.574;57618;ESP32-IDS-01;30.0;62.4;376;40;26;5.16;dos
1.779.165.197.645;866116;ESP32-IDS-01;30.9;59.6;1452;406;980;3.69;dos
1.779.160.002.588;135283;ESP32-IDS-01;30.5;61.5;590;132;173;3.1;dos
1.779.166.282.663;139092;ESP32-IDS-01;30.8;54.6;590;22;8;3.1;dos
1.779.146.390.127;17716;ESP32-IDS-01;28.7;62.6;330;20;3;0.2;normal
1.779.153.433.197;405109;ESP32-IDS-01;30.1;62.6;901;998;1472;4.74;dos
1.779.157.978.858;132140;ESP32-IDS-01;30.2;60.9;481;26;14;2.3;dos
1.779.154.055.882;190628;ESP32-IDS-01;30.0;62.5;3547;434;572;3.08;dos
1779167216.84;255688;ESP32-IDS-01;28.7;53.0;535;30;21;3.77;dos
1.779.148.924.705;729196;ESP32-IDS-01;28.9;68.5;655;19;1;1.2;normal
1.779.151.236.027;1038088;ESP32-IDS-01;29.8;64.8;975;20;1;4.08;dos
1.779.145.970.357;152400;ESP32-IDS-01;28.6;64.4;656;90;210;1.5;normal
1.779.151.547.289;1349334;ESP32-IDS-01;29.9;64.1;692;21;1;3.2;dos
1.779.148.768.384;572895;ESP32-IDS-01;28.9;68.5;900;20;1;1.4;normal
1.779.146.433.675;61446;ESP32-IDS-01;28.7;64.0;957;19;1;1.3;normal
1.779.151.388.646;1190687;ESP32-IDS-01;29.9;64.3;370;20;0;1.6;dos
1.779.150.340.847;142755;ESP32-IDS-01;28.8;68.0;2308;42;37;2.63;dos
1.779.156.446.131;137645;ESP32-IDS-01;30.1;61.7;895;27;11;0.3;dos
1.779.152.520.303;2310268;ESP32-IDS-01;29.9;63.6;10000;9999;0;1.26;dos
1.779.166.601.152;146382;ESP32-IDS-01;29.3;54.7;697;26;13;2.8;dos
1.779.148.384.537;189017;ESP32-IDS-01;28.5;70.0;423;17;0;1.9;normal
1779146230.06;172907;ESP32-IDS-01;28.6;63.3;873;19;2;1.6;normal
1.779.148.966.276;770791;ESP32-IDS-01;28.9;68.5;636;20;0;0.2;normal
1.779.145.421.477;688400;ESP32-IDS-01;28.3;68.7;892;20;0;3.4;normal
1.779.148.886.849;691362;ESP32-IDS-01;28.9;68.5;960;20;0;1.2;normal
1.779.148.530.569;335072;ESP32-IDS-01;28.7;69.5;935;19;1;3.5;normal
1.779.159.544.554;354696;ESP32-IDS-01;30.6;61.1;2027;341;402;1.5;dos
1.779.150.063.293;1867848;ESP32-IDS-01;29.0;67.7;777;19;2;2.7;dos
1.779.148.650.016;454517;ESP32-IDS-01;28.8;69.0;422;20;0;1.8;normal
1.779.153.570.145;543978;ESP32-IDS-01;30.0;62.7;1240;359;514;4.11;dos
1.779.164.528.451;195568;ESP32-IDS-01;29.7;64.7;8134;590;792;1.52;dos
1.779.146.764.682;140104;ESP32-IDS-01;28.6;64.0;752;20;1;0.9;normal
1.779.154.315.849;88933;ESP32-IDS-01;30.0;62.5;808;9999;0;1.44;dos
1.779.149.171.805;976331;ESP32-IDS-01;28.8;68.5;961;19;2;2.4;normal
1.779.157.587.101;50794;ESP32-IDS-01;30.2;61.4;1202;9999;0;1.03;dos
1.779.146.020.889;203152;ESP32-IDS-01;28.6;62.3;997;20;0;2.9;normal
1.779.146.660.505;35927;ESP32-IDS-01;28.7;63.2;560;20;0;1.4;normal
1779158151.19;303641;ESP32-IDS-01;30.3;60.6;1448;292;699;3.5;dos
1.779.159.953.471;86462;ESP32-IDS-01;30.5;61.5;1202;17;1;1.03;dos
1.779.149.508.712;1313249;ESP32-IDS-01;29.0;68.0;502;19;2;0.2;normal
1.779.164.890.459;562253;ESP32-IDS-01;30.5;61.4;425;17;2;2.6;dos
1.779.167.203.066;240705;ESP32-IDS-01;28.7;53.1;10000;420;1017;3.39;dos
1.779.146.018.509;200766;ESP32-IDS-01;28.6;64.5;987;21;0;0.4;normal
1.779.155.941.381;65280;ESP32-IDS-01;30.0;62.2;10000;2181;4285;2.45;dos
1.779.146.222.103;164947;ESP32-IDS-01;28.6;64.0;646;20;1;2.4;normal
1.779.158.644.993;122295;ESP32-IDS-01;30.0;61.8;10000;741;519;2.89;dos
1.779.158.158.436;311687;ESP32-IDS-01;30.4;60.6;483;30;4;3.1;dos
1.779.146.485.007;112776;ESP32-IDS-01;28.6;62.6;710;20;0;3.0;normal
1.779.154.062.769;199792;ESP32-IDS-01;30.0;62.5;581;28;6;2.9;dos
1.779.146.215.408;158225;ESP32-IDS-01;28.6;64.3;679;20;1;0.9;normal
1.779.150.146.173;1950731;ESP32-IDS-01;28.9;68.0;934;19;1;3.4;dos
1.779.149.079.483;884003;ESP32-IDS-01;28.9;68.2;392;20;1;1.1;normal
1.779.145.553.541;820465;ESP32-IDS-01;28.4;67.7;379;21;2;2.9;normal
1.779.158.564.331;45813;ESP32-IDS-01;30.1;61.5;1187;29;18;2.34;dos
1.779.149.360.856;1165210;ESP32-IDS-01;29.0;68.2;696;78;88;1.2;normal
1.779.155.131.147;399052;ESP32-IDS-01;30.1;62.2;1792;83;60;0.3;dos
1.779.146.428.712;56482;ESP32-IDS-01;28.7;62.6;301;19;2;3.0;normal
1.779.148.601.457;405958;ESP32-IDS-01;28.8;69.2;350;21;0;0.3;normal
1.779.145.302.865;569782;ESP32-IDS-01;28.3;66.7;893;21;1;3.4;normal
1.779.150.076.605;1881163;ESP32-IDS-01;28.9;67.8;658;18;1;0.1;dos
1.779.145.106.546;373457;ESP32-IDS-01;28.2;71.8;343;20;0;3.0;normal
1.779.148.545.055;349533;ESP32-IDS-01;28.7;69.5;361;19;3;0.4;normal
1.779.146.204.528;147344;ESP32-IDS-01;28.6;65.2;674;19;1;2.4;normal
1.779.145.710.751;977687;ESP32-IDS-01;28.5;65.2;528;19;0;1.7;normal
1.779.148.381.144;185638;ESP32-IDS-01;28.5;70.0;405;20;2;0.4;normal
1.779.146.215.408;158225;ESP32-IDS-01;28.6;64.3;679;20;1;0.9;normal
1.779.150.069.973;1874473;ESP32-IDS-01;29.0;67.7;640;38;27;1.8;dos
1.779.146.582.284;78870;ESP32-IDS-01;28.6;63.6;460;20;0;0.5;normal
1.779.150.510.741;308254;ESP32-IDS-01;29.0;67.7;6584;26;7;0.6;dos
1.779.149.523.554;1328088;ESP32-IDS-01;29.0;68.0;549;20;0;2.8;normal
1779155280.11;548251;ESP32-IDS-01;30.0;62.3;683;20;1;3.26;dos
1.779.148.483.096;287592;ESP32-IDS-01;28.7;69.5;380;20;0;1.3;normal
1.779.149.573.021;1377531;ESP32-IDS-01;29.1;67.8;954;29;6;0.8;normal
1.779.149.684.225;1488766;ESP32-IDS-01;29.0;67.8;446;20;1;3.5;normal
1.779.164.986.236;657691;ESP32-IDS-01;30.6;60.7;842;123;161;3.09;dos
1.779.145.853.772;36032;ESP32-IDS-01;28.5;65.2;560;19;2;1.4;normal
1779149194.44;998781;ESP32-IDS-01;28.8;68.5;636;72;79;0.8;normal
1.779.158.012.958;162413;ESP32-IDS-01;30.2;60.9;2759;111;87;1.16;dos
1.779.152.087.286;1889311;ESP32-IDS-01;29.9;64.4;775;40;19;3.09;dos
1.779.158.967.351;47080;ESP32-IDS-01;30.5;60.5;4060;925;1355;1.85;dos
1.779.145.262.636;529546;ESP32-IDS-01;28.3;68.4;992;21;2;0.4;normal
1.779.148.502.896;307393;ESP32-IDS-01;28.7;69.5;990;21;2;2.1;normal
1.779.164.758.802;430554;ESP32-IDS-01;30.2;62.5;359;17;2;0.2;dos
1.779.145.242.339;509255;ESP32-IDS-01;28.3;71.1;924;20;2;3.4;normal
1.779.158.655.554;136938;ESP32-IDS-01;30.1;61.9;779;41;37;0.1;dos
1.779.158.700.469;181968;ESP32-IDS-01;30.1;61.7;697;21;9;4.23;dos
1.779.150.475.599;277619;ESP32-IDS-01;29.0;67.8;848;22;7;4.66;dos
1.779.150.138.296;1942829;ESP32-IDS-01;28.9;68.0;849;19;2;0.4;dos
1.779.155.950.916;83493;ESP32-IDS-01;30.0;62.2;728;22;7;2.67;dos
1.779.145.853.772;36032;ESP32-IDS-01;28.5;65.2;560;19;2;1.4;normal
1.779.149.314.676;1119200;ESP32-IDS-01;28.9;68.3;600;21;2;0.3;normal
1.779.148.609.277;413781;ESP32-IDS-01;28.8;69.1;514;19;1;3.1;normal
1.779.156.941.074;87163;ESP32-IDS-01;29.9;62.4;463;43;58;0.4;dos
1.779.155.101.653;369684;ESP32-IDS-01;30.1;62.3;941;37;23;2.53;dos
1.779.165.567.023;1238805;ESP32-IDS-01;31.3;58.6;999;28;8;3.5;dos
1.779.159.324.514;131256;ESP32-IDS-01;30.5;61.1;3468;1508;2105;1.3;dos
1.779.153.050.508;7859;ESP32-IDS-01;29.9;61.7;626;4119;617;3.3;dos
1.779.149.642.088;1446625;ESP32-IDS-01;29.0;67.7;388;20;0;3.0;normal
1.779.152.207.965;1979880;ESP32-IDS-01;29.9;64.3;629;9999;0;1.79;dos
1.779.149.024.154;828667;ESP32-IDS-01;29.0;68.2;447;21;5;3.3;normal
1.779.146.712.763;88157;ESP32-IDS-01;28.6;62.1;483;21;1;3.1;normal
1.779.153.191.244;149959;ESP32-IDS-01;29.9;63.2;7571;9999;0;3.03;dos
1.779.146.151.279;94122;ESP32-IDS-01;28.6;63.9;892;18;4;0.8;normal
1.779.149.357.568;1162098;ESP32-IDS-01;29.0;68.2;623;19;2;2.0;normal
1.779.146.476.797;104544;ESP32-IDS-01;28.6;62.3;941;19;2;0.4;normal
1.779.165.506.759;1163814;ESP32-IDS-01;31.2;59.1;10000;9999;0;3.1;dos
1.779.149.674.938;1479483;ESP32-IDS-01;29.0;67.8;747;18;2;1.7;normal
1.779.149.645.545;1449988;ESP32-IDS-01;29.0;67.7;347;52;44;0.2;normal
1.779.145.348.836;615735;ESP32-IDS-01;28.3;66.4;972;19;2;2.9;normal
1.779.145.322.213;589128;ESP32-IDS-01;28.3;66.7;696;22;3;0.7;normal
1779151259.23;1061292;ESP32-IDS-01;29.9;64.8;389;20;2;2.0;dos
1.779.148.270.963;75455;ESP32-IDS-01;28.1;70.2;944;20;0;0.5;normal
1.779.151.524.786;1326857;ESP32-IDS-01;30.0;64.0;594;20;0;2.1;dos
1.779.146.119.003;61846;ESP32-IDS-01;28.5;62.8;957;18;4;1.3;normal
1.779.145.621.338;888268;ESP32-IDS-01;28.4;65.9;364;20;1;2.5;normal
1.779.150.110.983;1915532;ESP32-IDS-01;28.9;67.9;504;20;2;1.3;dos
1.779.154.780.018;48107;ESP32-IDS-01;30.0;62.4;667;29;20;0.5;dos
1.779.145.875.798;58059;ESP32-IDS-01;28.5;66.2;840;20;1;0.3;normal
1.779.156.851.092;543661;ESP32-IDS-01;30.0;62.2;744;24;16;10.02;dos
1.779.152.027.801;1829471;ESP32-IDS-01;29.7;64.5;814;141;146;6.29;dos
1.779.145.164.715;431606;ESP32-IDS-01;28.3;71.9;657;20;1;2.4;normal
1.779.164.715.623;387254;ESP32-IDS-01;30.2;62.9;360;55;34;6.08;dos
1.779.148.529.635;334137;ESP32-IDS-01;28.7;69.5;760;19;3;2.3;normal
1779151266.7;1068761;ESP32-IDS-01;29.9;64.7;654;20;0;2.8;dos
1.779.148.768.384;572895;ESP32-IDS-01;28.9;68.5;900;20;1;1.4;normal
1779148714.68;519181;ESP32-IDS-01;29.0;68.5;934;22;3;0.3;normal
1779165793.76;48177;ESP32-IDS-01;31.4;58.0;1230;18;2;1.31;dos
1.779.149.702.758;1507302;ESP32-IDS-01;29.0;67.9;770;19;2;0.9;normal
1.779.146.534.865;31450;ESP32-IDS-01;28.6;62.9;823;21;1;2.9;normal
1.779.154.376.691;55819;ESP32-IDS-01;30.0;62.4;972;19;2;2.53;dos
1.779.146.329.205;11236;ESP32-IDS-01;28.7;63.4;965;19;1;3.4;normal
1.779.145.729.931;17432;ESP32-IDS-01;28.5;65.4;820;20;0;1.7;normal
1.779.152.577.836;54616;ESP32-IDS-01;29.9;63.5;358;17;1;1.7;dos
1.779.148.514.071;318552;ESP32-IDS-01;28.7;69.5;913;25;19;3.4;normal
1.779.153.880.216;11038;ESP32-IDS-01;30.0;60.8;2866;382;1055;3.65;dos
1779148714.68;519181;ESP32-IDS-01;29.0;68.5;934;22;3;0.3;normal
1.779.150.604.062;405946;ESP32-IDS-01;29.2;67.2;420;65;64;10.24;dos
1.779.155.500.394;191139;ESP32-IDS-01;30.0;62.2;957;26;10;2.34;dos
1.779.149.151.145;955335;ESP32-IDS-01;28.9;68.4;732;130;329;2.3;normal
1779157162.9;6669;ESP32-IDS-01;30.0;61.0;466;17;1;6.54;dos
1.779.146.424.969;52712;ESP32-IDS-01;28.7;64.9;529;20;0;2.1;normal
1.779.165.285.282;947422;ESP32-IDS-01;30.9;59.5;10000;874;136;3.5;dos
1779145688.66;955593;ESP32-IDS-01;28.4;64.2;556;20;0;1.3;normal
1.779.148.340.238;144734;ESP32-IDS-01;28.4;70.3;831;20;0;2.6;normal
1.779.155.580.588;270232;ESP32-IDS-01;30.0;62.3;390;389;552;6.06;dos
1.779.156.177.259;34203;ESP32-IDS-01;30.0;61.9;686;22;9;3.26;dos
1.779.148.744.455;548966;ESP32-IDS-01;29.0;68.4;943;19;3;0.8;normal
1.779.157.977.413;130411;ESP32-IDS-01;30.2;60.9;779;111;139;0.1;dos
1.779.152.081.033;1883104;ESP32-IDS-01;29.8;64.4;688;21;4;2.15;dos
1.779.148.461.203;265700;ESP32-IDS-01;28.7;69.5;916;20;1;1.6;normal
1.779.145.281.323;548241;ESP32-IDS-01;28.3;68.9;857;20;0;0.9;normal
1.779.149.802.197;1606737;ESP32-IDS-01;29.0;67.8;980;21;1;0.4;normal
1.779.146.428.712;56482;ESP32-IDS-01;28.7;62.6;301;19;2;3.0;normal
1.779.148.225.402;29862;ESP32-IDS-01;27.9;68.7;876;30;29;2.0;normal
1.779.151.432.657;1234699;ESP32-IDS-01;29.9;64.3;741;20;0;3.2;dos
1.779.149.259.176;1063699;ESP32-IDS-01;28.9;68.5;742;21;3;2.0;normal
1.779.151.425.534;1227604;ESP32-IDS-01;29.9;64.3;767;19;2;1.6;dos
1.779.164.480.313;152072;ESP32-IDS-01;29.7;64.7;428;27;15;3.4;dos
1.779.146.073.763;16602;ESP32-IDS-01;28.5;63.0;667;19;1;0.5;normal
1779165075.18;746929;ESP32-IDS-01;30.8;60.0;485;37;12;1.6;dos
1.779.156.436.276;127665;ESP32-IDS-01;30.1;61.7;807;395;518;2.6;dos
1.779.148.426.589;231088;ESP32-IDS-01;28.7;69.7;633;19;2;2.2;normal
1.779.151.906.475;1708499;ESP32-IDS-01;29.8;64.2;415;38;29;2.9;dos
1.779.146.277.332;220171;ESP32-IDS-01;28.6;65.1;342;21;4;3.1;normal
1.779.149.159.033;963555;ESP32-IDS-01;28.8;68.4;353;20;0;0.9;normal
1.779.148.382.077;186576;ESP32-IDS-01;28.5;70.0;579;19;1;2.1;normal
1.779.145.504.311;771234;ESP32-IDS-01;28.3;70.9;369;21;1;1.1;normal
1.779.149.166.334;970678;ESP32-IDS-01;28.8;68.5;338;69;147;2.3;normal
1.779.149.572.044;1376577;ESP32-IDS-01;29.1;67.8;313;19;1;1.4;normal
1.779.152.177.181;1979251;ESP32-IDS-01;29.8;64.3;320;23;11;3.4;dos
1.779.146.546.315;42854;ESP32-IDS-01;28.6;64.8;455;28;12;2.9;normal
1.779.145.724.608;12107;ESP32-IDS-01;28.5;64.3;474;20;0;1.6;normal
1.779.145.948.102;130339;ESP32-IDS-01;28.6;62.5;580;20;0;0.6;normal
1.779.150.324.075;100645;ESP32-IDS-01;28.8;67.9;535;9999;0;1.0;dos
1.779.165.661.432;1332248;ESP32-IDS-01;31.4;58.4;352;21;8;1.6;dos
1779145754.09;41597;ESP32-IDS-01;28.5;64.0;601;19;3;0.5;normal
1.779.145.134.667;401578;ESP32-IDS-01;28.2;68.2;583;20;0;0.9;normal
1.779.148.569.569;374069;ESP32-IDS-01;28.7;69.4;392;21;1;3.1;normal
1.779.152.129.953;1932027;ESP32-IDS-01;29.9;64.3;611;23;4;3.3;dos
1.779.157.253.654;78565;ESP32-IDS-01;30.1;62.2;1128;194;324;1.3;dos
1.779.148.720.837;525317;ESP32-IDS-01;29.0;68.5;835;20;2;3.4;normal
1.779.151.395.545;1197586;ESP32-IDS-01;29.9;64.3;420;20;0;3.2;dos
1779159143.84;87220;ESP32-IDS-01;30.5;60.7;972;25;13;6.64;dos
1779148595.28;399719;ESP32-IDS-01;28.8;69.2;783;19;3;2.2;normal
1779145381.52;648431;ESP32-IDS-01;28.3;68.7;939;22;7;1.9;normal
1.779.155.506.261;196954;ESP32-IDS-01;30.0;62.3;786;56;48;0.2;dos
1.779.148.813.538;618026;ESP32-IDS-01;28.9;68.5;730;27;15;1.2;normal
1.779.150.739.904;535637;ESP32-IDS-01;29.4;66.6;1367;476;610;3.73;dos
1.779.167.163.677;202446;ESP32-IDS-01;28.8;53.3;762;59;32;2.2;dos
1.779.164.579.899;251634;ESP32-IDS-01;29.8;64.2;1265;27;16;3.19;dos
1.779.149.651.966;1456507;ESP32-IDS-01;29.0;67.7;788;19;2;3.1;normal
1.779.164.623.422;294931;ESP32-IDS-01;29.9;63.9;477;101;126;4.6;dos
1.779.149.051.096;855606;ESP32-IDS-01;29.0;68.2;922;20;1;1.2;normal
1.779.145.242.339;509255;ESP32-IDS-01;28.3;71.1;924;20;2;3.4;normal
1779154336.17;14130;ESP32-IDS-01;30.0;62.4;686;28;15;1.8;dos
1.779.155.770.396;48455;ESP32-IDS-01;30.0;62.2;1771;40;34;2.86;dos
1.779.148.776.799;581281;ESP32-IDS-01;28.9;68.5;355;19;1;2.7;normal
1.779.145.585.889;852816;ESP32-IDS-01;28.4;66.2;447;20;0;3.3;normal
1.779.153.330.353;301024;ESP32-IDS-01;30.0;62.7;10000;570;1024;0.54;dos
1.779.155.734.328;9743;ESP32-IDS-01;30.0;62.2;732;439;626;2.27;dos
1.779.156.222.885;79818;ESP32-IDS-01;30.1;61.9;486;28;17;4.46;dos
1.779.146.738.578;114000;ESP32-IDS-01;28.6;64.1;708;21;0;2.8;normal
1.779.148.254.275;58766;ESP32-IDS-01;28.0;69.9;799;20;1;3.2;normal
1.779.157.845.071;52446;ESP32-IDS-01;30.3;60.9;358;33;35;7.29;dos
1.779.157.288.721;104316;ESP32-IDS-01;30.1;62.1;10000;2928;3432;0.27;dos
1.779.148.992.556;797048;ESP32-IDS-01;29.0;68.3;349;19;3;2.5;normal
1.779.151.478.158;1279868;ESP32-IDS-01;30.0;64.0;712;20;1;1.0;dos
1.779.146.414.093;41860;ESP32-IDS-01;28.7;63.6;467;20;0;2.1;normal
1.779.149.802.197;1606737;ESP32-IDS-01;29.0;67.8;980;21;1;0.4;normal
1.779.156.751.609;433569;ESP32-IDS-01;30.1;61.7;10000;9999;0;0.25;dos
1.779.146.310.856;253674;ESP32-IDS-01;28.6;63.3;842;21;5;1.9;normal
1.779.146.236.012;178858;ESP32-IDS-01;28.6;63.1;485;19;1;1.8;normal
1.779.145.116.264;383177;ESP32-IDS-01;28.2;69.6;481;20;1;2.0;normal
1.779.149.807.607;1612133;ESP32-IDS-01;29.0;67.8;888;18;1;0.6;normal
1.779.151.673.094;1474094;ESP32-IDS-01;29.8;64.4;4531;378;542;0.92;dos
1.779.156.981.061;124849;ESP32-IDS-01;29.9;62.5;10000;800;384;2.97;dos
1.779.149.350.318;1154796;ESP32-IDS-01;29.0;68.2;360;37;12;3.3;normal
1.779.155.187.635;455721;ESP32-IDS-01;30.0;62.3;349;34;19;4.47;dos
1.779.157.934.288;87546;ESP32-IDS-01;30.3;60.8;563;35;26;8.4;dos
1.779.148.219.224;23517;ESP32-IDS-01;27.9;68.2;376;86;99;2.5;normal
1.779.145.610.748;877675;ESP32-IDS-01;28.4;67.5;937;21;0;2.8;normal
1779154201.03;32141;ESP32-IDS-01;29.9;62.7;314;359;512;1.5;dos
1779157573.16;46232;ESP32-IDS-01;30.2;61.4;314;16;0;1.5;dos
1.779.150.089.693;1894247;ESP32-IDS-01;28.9;67.8;575;19;2;2.9;dos
1.779.145.384.142;651063;ESP32-IDS-01;28.3;68.9;947;20;1;0.8;normal
1779156629.9;322449;ESP32-IDS-01;30.1;61.7;750;34;22;2.3;dos
1.779.159.955.071;88029;ESP32-IDS-01;30.5;61.5;728;39;16;1.3;dos
1779153390.43;365233;ESP32-IDS-01;30.1;62.6;948;35;20;3.25;dos
1.779.158.157.918;311204;ESP32-IDS-01;30.3;59.2;598;27;7;3.97;dos
1779151418.56;1220595;ESP32-IDS-01;29.9;64.3;690;20;0;1.1;dos
1.779.150.877.276;679276;ESP32-IDS-01;29.5;66.1;1205;36;19;3.73;dos
1.779.148.413.839;218308;ESP32-IDS-01;28.6;69.8;552;21;3;0.2;normal
1779154829.25;97347;ESP32-IDS-01;30.0;62.3;998;27;13;1.2;dos
1.779.146.338.691;20711;ESP32-IDS-01;28.6;62.3;515;23;5;1.3;normal
1779146074.58;17422;ESP32-IDS-01;28.5;63.0;820;18;3;1.7;normal
1.779.145.851.903;34163;ESP32-IDS-01;28.5;65.2;737;20;0;0.8;normal
1.779.145.561.549;828471;ESP32-IDS-01;28.4;66.7;544;20;1;0.2;normal
1.779.166.020.924;127025;ESP32-IDS-01;31.5;57.5;467;18;1;2.1;dos
1.779.148.264.823;69314;ESP32-IDS-01;28.1;70.1;560;20;1;2.0;normal
1.779.148.984.104;788621;ESP32-IDS-01;28.9;68.4;728;19;1;2.9;normal
1.779.149.152.394;956911;ESP32-IDS-01;28.8;68.4;452;22;3;2.9;normal
1.779.146.768.979;144375;ESP32-IDS-01;28.6;64.6;553;21;2;0.4;normal
1.779.149.163.658;968125;ESP32-IDS-01;28.8;68.5;548;30;31;1.8;normal
1.779.149.326.994;1131517;ESP32-IDS-01;28.9;68.3;459;20;0;1.2;normal
1.779.154.244.123;39774;ESP32-IDS-01;30.0;62.6;593;57;103;2.39;dos
1.779.145.497.704;764624;ESP32-IDS-01;28.3;68.7;610;22;3;3.1;normal
1.779.149.357.568;1162098;ESP32-IDS-01;29.0;68.2;623;19;2;2.0;normal
1.779.167.170.618;209483;ESP32-IDS-01;28.7;53.2;579;26;14;3.63;dos
1.779.150.129.765;1934323;ESP32-IDS-01;28.9;67.9;739;19;3;0.9;dos
1.779.146.734.483;109904;ESP32-IDS-01;28.6;64.8;481;21;1;2.1;normal
1.779.149.190.265;994789;ESP32-IDS-01;28.8;68.5;381;20;1;1.7;normal
1.779.167.520.525;556719;ESP32-IDS-01;28.6;51.9;10000;914;740;2.87;dos
1.779.151.346.171;1148231;ESP32-IDS-01;29.9;64.5;567;22;3;1.2;dos
1779164848.31;520084;ESP32-IDS-01;30.4;61.7;380;26;13;0.5;dos
1.779.145.164.715;431606;ESP32-IDS-01;28.3;71.9;657;20;1;2.4;normal
1.779.155.819.924;97003;ESP32-IDS-01;30.1;62.2;931;36;28;0.9;dos
1.779.150.425.026;222138;ESP32-IDS-01;28.8;68.0;3468;1647;2376;2.3;dos
1.779.153.387.999;362828;ESP32-IDS-01;30.1;62.6;479;25;4;1.4;dos
1.779.158.695.637;177097;ESP32-IDS-01;30.1;60.2;379;31;14;0.3;dos
1.779.165.960.594;61389;ESP32-IDS-01;31.4;57.6;10000;594;1069;1.04;dos
1.779.159.683.372;76687;ESP32-IDS-01;30.7;60.9;4309;1007;1439;1.93;dos
1.779.149.452.511;1257038;ESP32-IDS-01;28.9;68.2;978;21;3;1.2;normal
1.779.148.432.179;236670;ESP32-IDS-01;28.7;69.6;509;22;10;3.3;normal
1779146425.69;53458;ESP32-IDS-01;28.7;64.9;746;20;0;2.7;normal
1.779.155.864.523;142672;ESP32-IDS-01;30.0;60.5;795;19;0;3.26;dos
1.779.153.793.098;134225;ESP32-IDS-01;30.0;62.5;785;28;16;4.47;dos
1.779.153.017.183;489999;ESP32-IDS-01;29.9;63.1;10000;278;151;1.28;dos
1.779.151.861.954;1663891;ESP32-IDS-01;29.8;64.4;362;68;50;1.8;dos
1.779.153.343.491;318297;ESP32-IDS-01;30.1;62.7;579;34;7;3.63;dos
1779164977.41;645362;ESP32-IDS-01;30.5;61.0;3195;412;560;1.8;dos
1.779.148.736.745;541253;ESP32-IDS-01;29.0;68.4;645;19;1;1.1;normal
1.779.166.004.434;100154;ESP32-IDS-01;31.4;57.7;10000;9999;0;2.96;dos
1.779.149.145.478;950000;ESP32-IDS-01;28.9;68.4;961;20;1;1.5;normal
1.779.149.406.792;1211236;ESP32-IDS-01;29.0;68.1;851;23;7;0.5;normal
1.779.145.406.226;673149;ESP32-IDS-01;28.3;68.5;555;20;2;1.6;normal
1.779.159.502.654;310933;ESP32-IDS-01;30.6;61.0;6421;54;18;2.66;dos
1.779.157.892.194;43463;ESP32-IDS-01;30.3;59.4;820;30;22;2.92;dos
1.779.145.335.013;601933;ESP32-IDS-01;28.3;68.1;481;20;0;1.5;normal
1.779.149.146.109;950607;ESP32-IDS-01;28.9;68.4;607;19;1;2.6;normal
1.779.149.745.615;1550113;ESP32-IDS-01;29.0;67.9;305;34;21;2.2;normal
1.779.154.511.421;190543;ESP32-IDS-01;30.1;62.4;918;20;5;1.7;dos
1.779.151.305.204;1107069;ESP32-IDS-01;29.9;64.5;475;20;0;0.1;dos
1.779.154.453.201;122077;ESP32-IDS-01;30.1;62.4;10000;9999;0;0.57;dos
1.779.156.947.501;93620;ESP32-IDS-01;29.9;62.5;752;28;14;5.46;dos
1.779.149.484.611;1289150;ESP32-IDS-01;28.9;68.2;376;18;2;2.8;normal
1.779.152.312.441;2114435;ESP32-IDS-01;29.9;64.0;855;35;20;4.54;dos
1.779.146.391.876;19649;ESP32-IDS-01;28.7;64.6;956;18;2;1.0;normal
1.779.154.513.977;193064;ESP32-IDS-01;30.2;62.3;799;28;16;4.45;dos
1.779.148.847.725;652231;ESP32-IDS-01;28.9;68.6;682;21;2;2.8;normal
1.779.146.078.332;21172;ESP32-IDS-01;28.5;64.1;972;19;2;1.5;normal
1.779.145.373.835;640755;ESP32-IDS-01;28.3;68.9;533;20;1;0.8;normal
1.779.159.818.641;71684;ESP32-IDS-01;30.7;61.0;1307;21;3;2.07;dos
1.779.148.604.242;408701;ESP32-IDS-01;28.8;69.2;524;34;21;1.2;normal
1.779.165.927.196;33081;ESP32-IDS-01;31.4;57.6;965;80;80;3.34;dos
1.779.165.472.827;1142471;ESP32-IDS-01;31.1;59.1;572;70;24;4.55;dos
1.779.159.586.836;397859;ESP32-IDS-01;30.7;61.0;1141;66;14;1.28;dos
1.779.146.199.732;142575;ESP32-IDS-01;28.6;64.6;921;19;1;1.1;normal
1.779.152.026.418;1822491;ESP32-IDS-01;29.7;64.5;10000;9999;0;0.84;dos
1.779.145.186.916;453816;ESP32-IDS-01;28.3;69.2;935;20;1;2.8;normal
1.779.146.211.641;154486;ESP32-IDS-01;28.6;63.4;683;19;1;1.8;normal
1.779.158.296.411;449675;ESP32-IDS-01;30.4;60.9;784;37;8;4.55;dos
1.779.159.959.038;92018;ESP32-IDS-01;30.5;61.5;480;26;7;2.48;dos
1.779.153.287.736;261218;ESP32-IDS-01;30.0;62.8;841;118;131;3.09;dos
1.779.151.263.475;1065539;ESP32-IDS-01;29.9;64.7;937;19;3;1.7;dos
1.779.152.842.968;316023;ESP32-IDS-01;29.9;63.3;1007;1264;1346;3.29;dos
1.779.148.735.351;539859;ESP32-IDS-01;29.0;68.5;612;20;0;1.1;normal
1.779.149.023.708;828220;ESP32-IDS-01;29.0;68.2;954;21;4;1.0;normal
1.779.148.589.967;394468;ESP32-IDS-01;28.8;69.2;969;21;1;0.9;normal
1.779.149.492.034;1296564;ESP32-IDS-01;29.0;68.1;559;21;4;0.6;normal
1.779.166.692.609;237861;ESP32-IDS-01;29.2;50.7;494;20;10;2.0;dos
1.779.157.696.273;167441;ESP32-IDS-01;30.3;61.2;442;185;257;3.76;dos
1.779.146.397.535;25283;ESP32-IDS-01;28.7;63.6;571;26;9;0.5;normal
1.779.145.481.359;748272;ESP32-IDS-01;28.3;68.7;584;23;5;2.7;normal
1.779.146.175.078;117881;ESP32-IDS-01;28.6;63.1;315;33;21;0.2;normal
1.779.149.771.839;1576196;ESP32-IDS-01;29.0;67.8;511;82;98;1.0;normal
1.779.145.670.541;937474;ESP32-IDS-01;28.4;65.4;764;20;1;2.1;normal
1.779.145.971.886;154150;ESP32-IDS-01;28.6;62.6;371;20;0;2.9;normal
1.779.145.604.903;871823;ESP32-IDS-01;28.4;68.0;425;23;4;1.0;normal
1.779.151.057.636;859645;ESP32-IDS-01;29.7;65.4;522;24;10;5.32;dos
1.779.159.372.151;183339;ESP32-IDS-01;30.5;61.2;697;25;12;4.23;dos
1.779.146.664.499;39897;ESP32-IDS-01;28.6;63.4;807;20;1;2.6;normal
1.779.146.501.172;128943;ESP32-IDS-01;28.6;64.4;349;20;0;1.6;normal
1.779.152.563.456;25739;ESP32-IDS-01;30.0;63.5;10000;1607;403;1.59;dos
1779146418.94;46705;ESP32-IDS-01;28.7;63.6;873;21;2;1.3;normal
1.779.165.121.002;790683;ESP32-IDS-01;30.8;59.8;1188;17;1;1.74;dos
1.779.148.936.484;740994;ESP32-IDS-01;28.9;68.5;519;21;2;3.4;normal
1779149194.44;998781;ESP32-IDS-01;28.8;68.5;636;72;79;0.8;normal
1.779.149.092.905;897419;ESP32-IDS-01;28.9;68.3;673;20;0;1.3;normal
1.779.154.334.326;13444;ESP32-IDS-01;30.0;62.4;474;23;6;3.71;dos
1.779.159.510.874;322086;ESP32-IDS-01;30.6;61.0;1174;24;11;2.75;dos
1779156086.83;88033;ESP32-IDS-01;30.0;62.0;571;373;512;2.25;dos
1779146777.33;152754;ESP32-IDS-01;28.6;64.1;656;21;1;1.5;normal
1.779.149.602.291;1406829;ESP32-IDS-01;29.1;67.7;512;20;0;0.6;normal
1.779.146.669.232;44389;ESP32-IDS-01;28.6;63.1;549;24;12;3.4;normal
1.779.146.481.229;108998;ESP32-IDS-01;28.6;63.7;481;20;1;2.1;normal
1.779.145.559.376;826306;ESP32-IDS-01;28.4;67.2;395;19;2;1.7;normal
1.779.148.639.609;444115;ESP32-IDS-01;28.8;69.0;496;20;4;1.3;normal
1.779.146.142.907;85733;ESP32-IDS-01;28.6;64.1;579;20;2;1.9;normal
1.779.148.394.877;199347;ESP32-IDS-01;28.6;69.9;685;20;2;3.5;normal
1.779.150.837.693;639696;ESP32-IDS-01;29.5;66.2;908;33;12;4.3;dos
1.779.157.974.804;128077;ESP32-IDS-01;30.2;60.9;314;26;9;2.6;dos
1.779.148.975.669;780183;ESP32-IDS-01;28.9;68.4;918;21;1;1.8;normal
1.779.159.865.168;8815;ESP32-IDS-01;30.6;59.8;777;44;19;1.6;dos
1.779.149.731.249;1535760;ESP32-IDS-01;29.0;67.9;385;21;1;0.9;normal
1.779.165.468.756;1140053;ESP32-IDS-01;31.1;59.1;3715;167;275;3.4;dos
1.779.157.171.378;15038;ESP32-IDS-01;30.0;62.4;593;42;42;0.7;dos
1.779.154.667.453;334964;ESP32-IDS-01;30.0;62.3;3254;9999;0;3.1;dos
1.779.145.171.614;438528;ESP32-IDS-01;28.3;69.1;724;20;0;3.2;normal
1.779.155.551.083;241804;ESP32-IDS-01;30.0;62.3;892;34;5;5.74;dos
1.779.157.748.129;49274;ESP32-IDS-01;30.3;61.0;322;33;21;11.72;dos
1.779.146.618.563;115150;ESP32-IDS-01;28.7;64.7;438;21;1;2.4;normal
1.779.151.546.573;1348642;ESP32-IDS-01;29.9;64.1;435;21;1;0.7;dos
1.779.148.775.063;579566;ESP32-IDS-01;28.9;68.5;680;20;0;2.0;normal
1.779.145.550.415;817309;ESP32-IDS-01;28.4;68.8;780;31;16;1.2;normal
1.779.148.907.092;711580;ESP32-IDS-01;28.9;68.5;699;28;13;0.8;normal
1.779.148.329.523;133994;ESP32-IDS-01;28.4;70.3;895;19;2;1.7;normal
1.779.148.934.799;739310;ESP32-IDS-01;28.9;68.5;504;20;0;0.8;normal
1.779.165.966.265;68956;ESP32-IDS-01;31.4;57.6;7567;69;29;1.3;dos
1.779.166.191.348;47696;ESP32-IDS-01;31.2;56.2;4834;44;18;0.91;dos
1.779.145.563.012;829912;ESP32-IDS-01;28.4;68.0;830;21;1;3.3;normal
1.779.154.921.252;189262;ESP32-IDS-01;30.0;62.5;799;54;88;4.45;dos
1.779.167.162.186;198149;ESP32-IDS-01;28.8;53.3;5476;36;10;2.5;dos
1.779.149.084.145;888663;ESP32-IDS-01;28.9;68.3;903;20;0;1.6;normal
1.779.146.398.448;26214;ESP32-IDS-01;28.7;63.6;931;20;1;0.9;normal
1.779.167.118.581;157443;ESP32-IDS-01;28.8;53.5;461;30;16;2.4;dos
1.779.167.396.519;435420;ESP32-IDS-01;28.6;52.4;998;17;1;2.0;dos
1.779.149.731.249;1535760;ESP32-IDS-01;29.0;67.9;385;21;1;0.9;normal
1.779.151.574.363;1376433;ESP32-IDS-01;29.9;64.1;625;20;0;0.6;dos
1.779.165.204.915;876699;ESP32-IDS-01;30.9;59.6;2997;25;4;2.03;dos
1.779.149.251.832;1056361;ESP32-IDS-01;28.9;68.5;703;18;1;3.2;normal
1.779.149.732.148;1536536;ESP32-IDS-01;29.0;67.9;776;71;77;0.4;normal
1.779.148.944.499;749019;ESP32-IDS-01;28.9;68.5;904;18;2;1.5;normal
1779155771.73;48769;ESP32-IDS-01;30.0;62.2;314;32;21;7.87;dos
1.779.148.765.799;570309;ESP32-IDS-01;28.9;68.5;471;20;1;0.8;normal
1.779.146.181.953;124800;ESP32-IDS-01;28.6;65.5;449;18;2;3.3;normal
1.779.151.507.549;1309595;ESP32-IDS-01;30.0;64.0;797;19;4;3.1;dos
1.779.156.570.849;263052;ESP32-IDS-01;30.0;61.8;944;135;155;4.74;dos
1.779.151.349.321;1151377;ESP32-IDS-01;29.9;64.4;552;23;10;2.8;dos
1.779.148.486.013;290505;ESP32-IDS-01;28.7;69.5;575;22;1;1.2;normal
1.779.150.523.117;325115;ESP32-IDS-01;29.1;67.4;990;27;12;2.11;dos
1.779.152.532.975;9713;ESP32-IDS-01;30.0;63.5;924;26;12;5.46;dos
1.779.145.830.065;12324;ESP32-IDS-01;28.5;65.3;898;20;1;1.5;normal
1.779.146.080.136;22971;ESP32-IDS-01;28.5;63.0;376;21;0;2.5;normal
1.779.167.101.606;140504;ESP32-IDS-01;28.8;53.3;971;17;1;3.1;dos
1.779.146.269.043;211890;ESP32-IDS-01;28.6;62.4;859;19;1;1.2;normal
1.779.158.470.469;91597;ESP32-IDS-01;30.2;61.4;1362;28;10;0.5;dos
1.779.151.532.337;1334386;ESP32-IDS-01;29.9;64.1;706;19;2;3.1;dos
1.779.148.468.057;272556;ESP32-IDS-01;28.7;69.5;731;20;4;0.5;normal
1.779.148.522.204;326703;ESP32-IDS-01;28.7;69.5;609;20;0;1.2;normal
1.779.149.732.148;1536536;ESP32-IDS-01;29.0;67.9;776;71;77;0.4;normal
1779151613.05;1394966;ESP32-IDS-01;29.9;64.2;711;9999;0;0.5;dos
1.779.151.046.316;840243;ESP32-IDS-01;29.7;65.6;10000;9999;0;3.25;dos
1.779.145.233.439;500353;ESP32-IDS-01;28.3;69.0;425;21;1;2.1;normal
1.779.146.765.703;141103;ESP32-IDS-01;28.6;64.6;999;20;0;1.7;normal
1.779.145.720.787;8114;ESP32-IDS-01;28.5;67.1;777;79;90;1.6;normal
1.779.164.933.141;604925;ESP32-IDS-01;30.5;61.3;938;24;14;6.06;dos
1779148411.64;216135;ESP32-IDS-01;28.6;69.8;949;20;3;2.0;normal
1.779.148.934.799;739310;ESP32-IDS-01;28.9;68.5;504;20;0;0.8;normal
1.779.158.066.247;219451;ESP32-IDS-01;30.2;61.0;5088;56;87;3.2;dos
1.779.150.467.815;269413;ESP32-IDS-01;28.9;67.9;4828;154;295;2.11;dos
1.779.149.601.778;1406317;ESP32-IDS-01;29.1;67.7;668;19;1;2.5;normal
1.779.145.605.591;872492;ESP32-IDS-01;28.4;67.3;669;21;2;1.9;normal
1.779.149.500.579;1304919;ESP32-IDS-01;29.0;68.1;664;84;100;1.6;normal
1.779.149.124.419;928943;ESP32-IDS-01;28.9;68.3;649;18;2;2.2;normal
1.779.145.801.419;17370;ESP32-IDS-01;28.5;66.2;820;20;0;1.7;normal
1.779.154.783.456;51530;ESP32-IDS-01;30.0;62.3;1296;32;13;1.77;dos
1.779.148.254.275;58766;ESP32-IDS-01;28.0;69.9;799;20;1;3.2;normal
1.779.148.422.028;226526;ESP32-IDS-01;28.6;69.8;519;19;2;2.4;normal
1779148363.66;168154;ESP32-IDS-01;28.5;70.1;590;20;2;1.9;normal
1.779.149.333.608;1138138;ESP32-IDS-01;28.9;68.3;314;19;3;0.5;normal
1.779.146.473.593;101364;ESP32-IDS-01;28.6;62.8;320;19;3;1.7;normal
1.779.157.975.807;129072;ESP32-IDS-01;30.2;60.9;995;28;3;3.21;dos
1.779.153.838.737;179848;ESP32-IDS-01;30.0;62.5;933;25;9;1.37;dos
1.779.146.661.668;36706;ESP32-IDS-01;28.7;64.6;779;138;178;0.1;normal
1.779.152.069.354;1855975;ESP32-IDS-01;29.8;64.4;10000;9999;0;3.19;dos
1.779.145.388.533;655455;ESP32-IDS-01;28.3;68.9;340;20;0;1.7;normal
1.779.156.796.911;485829;ESP32-IDS-01;30.0;62.0;1241;560;753;3.91;dos
1.779.149.097.862;902384;ESP32-IDS-01;28.9;68.3;447;19;0;3.1;normal
1.779.149.049.009;853528;ESP32-IDS-01;29.0;68.2;790;20;1;3.4;normal
1.779.146.689.083;64504;ESP32-IDS-01;28.6;64.6;796;20;2;0.5;normal
1.779.157.843.193;50601;ESP32-IDS-01;30.3;60.9;956;23;8;1.0;dos
1.779.167.477.756;511007;ESP32-IDS-01;28.6;52.4;2841;1902;5605;2.95;dos
1.779.159.104.708;48114;ESP32-IDS-01;30.5;60.7;1182;21;5;2.35;dos
1.779.149.053.021;857515;ESP32-IDS-01;29.0;68.2;393;20;1;3.1;normal
1779154769.92;21898;ESP32-IDS-01;30.0;62.4;10000;1304;138;1.59;dos
1.779.151.719.862;1521811;ESP32-IDS-01;29.8;64.6;619;56;54;1.6;dos
1779165716.55;1377880;ESP32-IDS-01;31.4;58.2;712;19;1;2.4;dos
1.779.153.256.157;230949;ESP32-IDS-01;30.0;62.8;903;29;4;3.5;dos
1.779.145.557.391;824292;ESP32-IDS-01;28.4;67.2;794;20;1;0.7;normal
1.779.157.341.293;40010;ESP32-IDS-01;30.1;61.9;1163;260;305;0.9;dos
1.779.149.152.863;957384;ESP32-IDS-01;28.8;68.4;473;20;1;3.3;normal
1.779.154.331.033;10070;ESP32-IDS-01;30.0;62.4;1218;20;3;4.12;dos
1.779.145.984.428;166510;ESP32-IDS-01;28.6;64.4;722;80;183;0.8;normal
1.779.149.205.336;1009805;ESP32-IDS-01;28.8;68.5;302;33;21;2.2;normal
1.779.160.000.486;133417;ESP32-IDS-01;30.5;61.5;326;51;52;1.3;dos
1779149221.37;1025875;ESP32-IDS-01;28.9;68.5;338;18;1;3.3;normal
1779149115.29;919813;ESP32-IDS-01;28.9;68.3;691;19;2;2.5;normal
1.779.145.110.966;377879;ESP32-IDS-01;28.2;72.1;394;20;0;0.8;normal
1779150145.24;1949797;ESP32-IDS-01;28.9;68.0;314;19;1;0.2;dos
1.779.153.606.444;577114;ESP32-IDS-01;30.0;62.7;10000;46;12;2.5;dos
1779145805.53;21478;ESP32-IDS-01;28.5;63.9;358;20;0;1.7;normal
1779145774.68;62185;ESP32-IDS-01;28.5;65.7;535;19;1;1.0;normal
1.779.151.434.768;1236835;ESP32-IDS-01;29.9;64.3;377;20;0;2.8;dos
1.779.146.148.326;91142;ESP32-IDS-01;28.6;63.9;571;20;2;1.5;normal
1.779.146.430.353;58121;ESP32-IDS-01;28.7;62.6;799;20;2;3.2;normal
1.779.151.421.378;1223442;ESP32-IDS-01;29.9;64.3;366;20;0;2.8;dos
1.779.151.239.103;1041167;ESP32-IDS-01;29.8;64.8;450;19;2;1.9;dos
1.779.156.218.324;75270;ESP32-IDS-01;30.0;61.9;2205;32;14;1.75;dos
1.779.165.518.857;1190635;ESP32-IDS-01;31.2;59.1;5855;35;15;2.77;dos
1.779.145.195.057;461970;ESP32-IDS-01;28.3;71.6;404;20;2;2.1;normal
1.779.146.589.896;86485;ESP32-IDS-01;28.6;63.0;613;20;2;0.3;normal
1.779.149.639.012;1443516;ESP32-IDS-01;29.0;67.7;836;22;8;3.0;normal
1.779.146.798.769;14012;ESP32-IDS-01;28.6;63.1;314;103;129;1.5;normal
1.779.148.763.143;567655;ESP32-IDS-01;28.9;68.5;373;19;2;0.8;normal
1.779.145.790.697;6649;ESP32-IDS-01;28.5;66.9;466;19;4;0.1;normal
1.779.150.477.605;279575;ESP32-IDS-01;29.0;67.7;1204;27;13;1.13;dos
1.779.149.246.417;1050939;ESP32-IDS-01;28.9;68.5;964;20;2;0.6;normal
1.779.145.942.437;124698;ESP32-IDS-01;28.6;63.2;345;20;0;2.1;normal
1.779.145.193.954;460865;ESP32-IDS-01;28.3;71.6;800;21;3;2.8;normal
1.779.146.738.578;114000;ESP32-IDS-01;28.6;64.1;708;21;0;2.8;normal
1.779.149.261.169;1065671;ESP32-IDS-01;28.9;68.5;308;19;1;2.6;normal
1.779.167.347.333;386211;ESP32-IDS-01;28.6;52.4;580;19;1;2.32;dos
1.779.165.652.805;1320551;ESP32-IDS-01;31.3;58.4;4561;1031;1462;3.32;dos
1779146717.17;92596;ESP32-IDS-01;28.6;62.7;724;19;1;2.4;normal
1.779.150.379.167;181193;ESP32-IDS-01;28.8;68.0;10000;20;4;0.57;dos
1.779.157.930.071;82254;ESP32-IDS-01;30.3;60.8;1157;373;518;1.06;dos
1.779.159.139.901;81588;ESP32-IDS-01;30.5;60.7;4946;576;746;2.6;dos
1.779.155.367.011;57784;ESP32-IDS-01;30.0;62.3;486;22;6;6.52;dos
1.779.159.368.365;179461;ESP32-IDS-01;30.5;61.1;4203;34;2;3.54;dos
1.779.154.081.526;204967;ESP32-IDS-01;29.9;62.6;747;2311;186;2.6;dos
1.779.157.479.472;40841;ESP32-IDS-01;30.2;61.6;603;66;20;3.16;dos
1.779.145.103.112;369999;ESP32-IDS-01;28.2;69.5;655;20;2;1.9;normal
1.779.145.436.143;703042;ESP32-IDS-01;28.3;68.7;789;20;1;2.2;normal
1.779.152.747.306;222968;ESP32-IDS-01;29.9;63.4;2042;366;862;2.39;dos
1.779.148.981.974;786488;ESP32-IDS-01;28.9;68.4;606;21;3;3.3;normal
1.779.149.139.306;943468;ESP32-IDS-01;28.9;68.4;594;131;169;1.1;normal
1.779.150.331.367;127057;ESP32-IDS-01;28.8;67.9;5293;1198;975;0.69;dos
1.779.149.048.217;852738;ESP32-IDS-01;29.0;68.2;670;19;0;2.0;normal
1.779.164.937.941;609705;ESP32-IDS-01;30.5;61.0;631;21;5;1.9;dos
1.779.149.771.839;1576196;ESP32-IDS-01;29.0;67.8;511;82;98;1.0;normal
1.779.148.627.573;432079;ESP32-IDS-01;28.8;69.1;610;20;1;1.6;normal
1.779.153.383.892;358651;ESP32-IDS-01;30.1;62.7;892;45;43;1.92;dos
1779166553.35;98546;ESP32-IDS-01;29.4;54.1;737;38;26;7.58;dos
1.779.164.930.731;600061;ESP32-IDS-01;30.5;61.3;5745;489;878;3.47;dos
1.779.153.743.857;79697;ESP32-IDS-01;30.0;62.5;1362;738;517;0.4;dos
1779146137.73;80573;ESP32-IDS-01;28.6;64.1;454;18;3;3.5;normal
1.779.145.434.619;701542;ESP32-IDS-01;28.3;71.3;910;20;0;2.7;normal
1.779.149.506.376;1310910;ESP32-IDS-01;29.0;68.0;347;20;1;0.7;normal
1.779.156.314.652;7219;ESP32-IDS-01;30.0;60.5;466;23;10;2.25;dos
1.779.154.292.201;85715;ESP32-IDS-01;30.0;62.5;752;53;15;5.46;dos
1.779.155.273.214;541321;ESP32-IDS-01;30.0;62.3;5948;28;5;3.47;dos
1.779.157.164.556;7295;ESP32-IDS-01;30.0;61.0;626;364;1033;3.3;dos
1.779.148.851.502;656012;ESP32-IDS-01;28.9;68.6;551;20;0;2.8;normal
1.779.146.721.072;96498;ESP32-IDS-01;28.6;64.8;750;19;0;2.3;normal
1.779.157.028.264;174355;ESP32-IDS-01;30.0;62.4;455;40;30;9.49;dos
1.779.146.280.692;223538;ESP32-IDS-01;28.6;65.7;936;19;1;1.3;normal
1.779.153.704.853;45974;ESP32-IDS-01;30.0;62.6;820;24;10;4.14;dos
1.779.149.626.386;1430922;ESP32-IDS-01;29.0;67.7;390;21;1;2.2;normal
1.779.149.541.256;1345756;ESP32-IDS-01;29.0;68.0;811;31;33;3.4;normal
1.779.148.763.969;568452;ESP32-IDS-01;28.9;68.5;797;20;3;3.1;normal
1.779.149.732.148;1536536;ESP32-IDS-01;29.0;67.9;776;71;77;0.4;normal
1.779.154.516.307;195432;ESP32-IDS-01;30.1;62.3;747;24;5;3.94;dos
1.779.149.605.762;1410303;ESP32-IDS-01;29.1;67.7;876;19;1;3.5;normal
1.779.150.056.714;1861267;ESP32-IDS-01;29.0;67.7;626;19;2;0.7;dos
1.779.151.248.857;1050848;ESP32-IDS-01;29.9;64.8;380;35;23;2.2;dos
1.779.151.988.398;1790457;ESP32-IDS-01;29.8;64.3;1216;23;7;3.42;dos
1779148923.58;728095;ESP32-IDS-01;28.9;68.5;346;19;1;1.2;normal
1.779.150.701.952;503967;ESP32-IDS-01;29.4;66.6;1210;20;5;2.33;dos
1779149283.34;1087862;ESP32-IDS-01;28.9;68.4;645;21;5;0.4;normal
1.779.149.167.866;972392;ESP32-IDS-01;28.8;68.5;884;18;2;3.5;normal
1.779.145.550.415;817309;ESP32-IDS-01;28.4;68.8;780;31;16;1.2;normal
1.779.157.838.676;46050;ESP32-IDS-01;30.3;60.9;479;34;22;9.85;dos
1.779.153.020.318;494145;ESP32-IDS-01;29.9;63.1;4146;288;379;3.34;dos
1.779.152.352.154;2154203;ESP32-IDS-01;29.9;63.9;828;34;22;3.62;dos
1.779.151.815.847;1617897;ESP32-IDS-01;29.8;64.5;781;25;8;4.48;dos
1.779.154.464.446;143568;ESP32-IDS-01;30.1;62.4;6938;24;7;3.54;dos
1.779.146.012.642;194911;ESP32-IDS-01;28.6;63.9;648;18;2;2.2;normal
1.779.145.795.618;11571;ESP32-IDS-01;28.5;64.7;898;19;1;1.5;normal
1.779.164.580.292;252019;ESP32-IDS-01;29.8;64.2;385;34;20;2.7;dos
1.779.149.284.226;1088753;ESP32-IDS-01;28.9;68.4;891;20;1;2.4;normal
1.779.145.123.196;390115;ESP32-IDS-01;28.2;69.1;822;18;2;3.3;normal
1.779.151.182.016;983119;ESP32-IDS-01;29.8;65.0;622;312;379;0.4;dos
1.779.150.336.152;138046;ESP32-IDS-01;28.8;68.0;786;60;58;0.2;dos
1.779.146.239.461;182313;ESP32-IDS-01;28.6;64.4;897;17;2;2.8;normal
1.779.148.923.236;727749;ESP32-IDS-01;28.9;68.5;415;20;1;0.2;normal
1.779.146.327.538;9539;ESP32-IDS-01;28.7;63.4;924;21;2;3.3;normal
1.779.145.486.451;753345;ESP32-IDS-01;28.3;66.7;655;22;1;1.2;normal
1779157440.71;7306;ESP32-IDS-01;30.2;60.3;626;31;20;4.9;dos
1.779.145.195.057;461970;ESP32-IDS-01;28.3;71.6;404;20;2;2.1;normal
1.779.149.436.549;1241052;ESP32-IDS-01;28.9;68.2;662;21;2;1.9;normal
1.779.149.559.966;1364500;ESP32-IDS-01;29.0;67.9;990;19;3;1.6;normal
1.779.153.613.048;587880;ESP32-IDS-01;30.0;62.7;355;29;18;1.3;dos
1.779.145.525.319;792243;ESP32-IDS-01;28.4;68.8;814;21;0;2.6;normal
1779149189.2;993676;ESP32-IDS-01;28.8;68.5;369;35;28;1.4;normal
1.779.165.473.183;1144952;ESP32-IDS-01;31.1;59.1;2481;17;4;3.5;dos
1.779.148.324.491;128988;ESP32-IDS-01;28.4;70.3;349;19;3;1.6;normal
1.779.167.049.117;87941;ESP32-IDS-01;28.8;53.1;9124;34;5;1.81;dos
1.779.152.085.662;1887696;ESP32-IDS-01;29.8;64.4;741;18;3;2.45;dos
1.779.146.536.666;33228;ESP32-IDS-01;28.6;63.4;780;20;0;2.8;normal
1.779.149.561.591;1366129;ESP32-IDS-01;29.1;67.8;734;19;3;2.4;normal
1.779.149.124.419;928943;ESP32-IDS-01;28.9;68.3;649;18;2;2.2;normal
1.779.154.876.439;144548;ESP32-IDS-01;30.0;62.4;634;24;11;1.3;dos
1.779.157.122.898;267998;ESP32-IDS-01;30.0;62.4;1215;26;13;3.02;dos
1779145755.04;42519;ESP32-IDS-01;28.5;64.9;455;20;0;2.9;normal
1.779.148.706.603;511102;ESP32-IDS-01;28.9;68.7;895;22;4;1.2;normal
1.779.146.568.524;65108;ESP32-IDS-01;28.6;64.4;889;20;2;2.3;normal
1.779.153.332.996;305353;ESP32-IDS-01;30.0;62.7;4329;121;127;2.2;dos
1779145323.08;590003;ESP32-IDS-01;28.3;66.7;875;19;2;1.9;normal
1.779.151.134.003;921603;ESP32-IDS-01;29.8;65.1;10000;9999;0;2.99;dos
1.779.151.464.607;1266677;ESP32-IDS-01;30.0;64.0;378;20;1;1.1;dos
1.779.148.413.339;217756;ESP32-IDS-01;28.6;69.8;548;47;42;1.4;normal
1.779.149.811.612;1616134;ESP32-IDS-01;29.0;67.8;793;19;1;2.3;normal
1.779.149.386.134;1190662;ESP32-IDS-01;29.0;68.1;598;20;1;2.3;normal
1.779.151.518.635;1320709;ESP32-IDS-01;30.0;64.0;680;19;1;2.0;dos
1.779.145.208.811;475495;ESP32-IDS-01;28.3;68.5;370;89;108;1.6;normal
1779166606.29;151538;ESP32-IDS-01;29.3;54.7;351;26;11;3.65;dos
1.779.145.871.216;53449;ESP32-IDS-01;28.5;65.3;529;21;1;2.1;normal
1.779.166.062.429;168496;ESP32-IDS-01;31.5;56.4;2364;28;14;3.22;dos
1779152977.92;454398;ESP32-IDS-01;29.9;63.1;468;125;162;4.74;dos
1.779.149.692.384;1496734;ESP32-IDS-01;29.0;67.9;752;84;96;0.8;normal
1.779.149.635.283;1439788;ESP32-IDS-01;29.0;67.7;736;23;9;3.0;normal
1779154514.56;193617;ESP32-IDS-01;30.2;62.3;553;36;21;3.81;dos
1.779.159.145.623;89019;ESP32-IDS-01;30.5;60.7;376;21;6;2.5;dos
1.779.150.077.315;1881869;ESP32-IDS-01;28.9;67.8;706;19;1;3.3;dos
1.779.145.514.511;781405;ESP32-IDS-01;28.3;70.9;938;30;30;1.0;normal
1.779.148.724.932;529440;ESP32-IDS-01;29.0;68.5;431;20;1;0.2;normal
1.779.164.935.881;607606;ESP32-IDS-01;30.5;61.1;485;41;17;2.6;dos
1.779.146.681.001;56424;ESP32-IDS-01;28.7;63.9;918;19;1;1.7;normal
1.779.158.651.274;132773;ESP32-IDS-01;30.0;61.8;998;25;12;0.2;dos
1779146801.06;16552;ESP32-IDS-01;28.6;64.4;667;20;0;0.5;normal
1.779.146.424.414;52183;ESP32-IDS-01;28.7;62.5;933;20;0;0.3;normal
1.779.152.355.427;2157393;ESP32-IDS-01;29.9;63.9;866;60;62;5.81;dos
1779151146.38;948362;ESP32-IDS-01;29.8;65.1;731;42;35;5.97;dos
1.779.156.076.983;75575;ESP32-IDS-01;30.1;62.0;10000;1087;14;1.0;dos
1.779.152.351.359;2153375;ESP32-IDS-01;29.9;63.9;912;40;29;3.4;dos
1.779.155.006.456;274480;ESP32-IDS-01;30.0;62.5;842;43;55;3.28;dos
1.779.167.563.333;595758;ESP32-IDS-01;28.6;51.7;10000;954;1801;2.64;dos
1.779.148.706.603;511102;ESP32-IDS-01;28.9;68.7;895;22;4;1.2;normal
1.779.151.054.795;856816;ESP32-IDS-01;29.7;65.6;924;19;5;6.91;dos
1.779.151.191.404;992545;ESP32-IDS-01;29.8;64.9;466;321;692;0.8;dos
1.779.156.625.959;318547;ESP32-IDS-01;30.1;61.7;724;20;12;2.4;dos
1.779.145.938.174;120391;ESP32-IDS-01;28.6;62.9;921;26;21;1.2;normal
1.779.151.244.048;1046109;ESP32-IDS-01;29.9;64.8;875;20;0;2.8;dos
1.779.148.424.294;228789;ESP32-IDS-01;28.6;69.7;613;21;1;0.7;normal
1.779.151.940.062;1737939;ESP32-IDS-01;29.8;64.2;1320;688;989;3.86;dos
1.779.149.692.384;1496734;ESP32-IDS-01;29.0;67.9;752;84;96;0.8;normal
1.779.151.445.548;1247611;ESP32-IDS-01;30.0;64.1;627;20;0;2.8;dos
1.779.145.581.204;848130;ESP32-IDS-01;28.4;68.2;392;20;1;0.2;normal
1.779.151.324.496;1126560;ESP32-IDS-01;29.9;64.4;590;20;0;1.8;dos
1.779.166.289.647;146080;ESP32-IDS-01;30.5;54.7;379;22;7;2.94;dos
1.779.152.709.351;183144;ESP32-IDS-01;29.9;63.4;1400;1017;1428;2.41;dos
1.779.149.116.666;921180;ESP32-IDS-01;28.9;68.3;750;20;1;2.0;normal
1.779.167.402.822;436068;ESP32-IDS-01;28.6;52.4;648;133;188;2.4;dos
1.779.146.303.845;246693;ESP32-IDS-01;28.6;64.0;648;19;1;3.2;normal
1.779.164.761.828;433574;ESP32-IDS-01;30.2;62.5;423;26;10;1.9;dos
1.779.145.811.205;27156;ESP32-IDS-01;28.5;64.5;958;20;0;0.2;normal
1.779.153.976.776;113826;ESP32-IDS-01;30.0;62.5;995;21;6;4.21;dos
1.779.149.244.109;1048636;ESP32-IDS-01;28.9;68.5;877;19;1;0.6;normal
1.779.146.243.503;186347;ESP32-IDS-01;28.6;64.1;579;19;1;2.1;normal
1779158835.24;7185;ESP32-IDS-01;30.4;59.8;466;28;14;0.1;dos
1.779.145.451.238;718158;ESP32-IDS-01;28.3;71.2;834;21;2;3.2;normal
1.779.148.339.429;143903;ESP32-IDS-01;28.4;70.3;553;18;2;0.4;normal
1779155995.33;127904;ESP32-IDS-01;30.0;62.2;481;25;11;2.3;dos
1.779.155.001.146;262136;ESP32-IDS-01;30.0;62.5;9737;69;45;3.2;dos
1.779.150.598.404;384396;ESP32-IDS-01;29.2;67.2;10000;9999;0;1.27;dos
1.779.151.901.156;1703191;ESP32-IDS-01;29.8;64.3;997;23;5;1.3;dos
1.779.148.680.625;485131;ESP32-IDS-01;28.9;68.8;669;20;0;0.9;normal
1.779.151.332.843;1134903;ESP32-IDS-01;29.9;64.4;442;20;5;1.1;dos
1.779.148.415.901;220400;ESP32-IDS-01;28.6;69.8;342;19;1;3.1;normal
1.779.156.583.005;275559;ESP32-IDS-01;30.0;61.7;316;31;22;6.66;dos
1.779.164.476.981;148762;ESP32-IDS-01;29.6;64.7;772;18;4;1.1;dos
1.779.166.508.099;53349;ESP32-IDS-01;29.5;53.7;515;23;14;11.01;dos
1.779.151.400.881;1202949;ESP32-IDS-01;29.9;64.3;504;19;1;0.4;dos
1.779.158.958.305;36198;ESP32-IDS-01;30.5;60.5;10000;943;182;0.9;dos
1779166240.54;96951;ESP32-IDS-01;30.8;55.0;876;29;8;3.14;dos
1.779.151.284.895;1086953;ESP32-IDS-01;29.9;64.6;643;21;2;1.0;dos
1.779.148.204.163;8650;ESP32-IDS-01;27.7;63.5;777;20;0;1.6;normal
1779152249.29;2043644;ESP32-IDS-01;29.9;64.3;10000;1341;2547;1.8;dos
1.779.146.536.666;33228;ESP32-IDS-01;28.6;63.4;780;20;0;2.8;normal
1.779.150.380.514;182529;ESP32-IDS-01;28.8;68.0;494;24;11;2.0;dos
1.779.149.744.538;1549058;ESP32-IDS-01;29.0;67.9;792;19;3;0.9;normal
1.779.151.677.755;1479791;ESP32-IDS-01;29.8;64.5;687;22;8;3.36;dos
1.779.150.655.434;457427;ESP32-IDS-01;29.3;67.0;683;27;3;1.8;dos
1.779.150.114.042;1918590;ESP32-IDS-01;28.9;67.9;384;21;1;2.3;dos
1.779.167.387.176;424967;ESP32-IDS-01;28.6;52.4;2834;389;522;1.55;dos
1.779.148.511.104;315577;ESP32-IDS-01;28.7;69.5;460;20;0;1.3;normal
1.779.152.748.918;225378;ESP32-IDS-01;29.9;63.4;848;84;19;5.42;dos
1.779.167.304.052;340817;ESP32-IDS-01;28.7;52.7;315;25;21;0.2;dos
1779150473.31;275299;ESP32-IDS-01;29.0;67.8;941;21;10;2.53;dos
1.779.154.083.613;204967;ESP32-IDS-01;29.9;62.6;747;2311;186;2.6;dos
1779149608.95;1413488;ESP32-IDS-01;29.0;67.7;618;20;0;1.6;normal
1.779.145.670.541;937474;ESP32-IDS-01;28.4;65.4;764;20;1;2.1;normal
1.779.166.198.857;55281;ESP32-IDS-01;31.0;54.7;972;24;8;1.5;dos
1.779.152.129.388;1931416;ESP32-IDS-01;29.9;64.3;544;25;9;2.04;dos
1.779.159.688.629;85874;ESP32-IDS-01;30.7;61.0;1233;38;26;1.5;dos
1.779.148.501.248;305745;ESP32-IDS-01;28.7;69.5;575;21;3;1.7;normal
1.779.165.166.004;837701;ESP32-IDS-01;30.9;59.6;450;52;43;1.9;dos
1.779.167.009.471;48271;ESP32-IDS-01;28.8;53.1;801;39;34;5.4;dos
1.779.148.409.238;213741;ESP32-IDS-01;28.6;69.8;661;18;2;1.1;normal
1779146254.94;197790;ESP32-IDS-01;28.6;65.4;690;18;2;0.7;normal
1.779.150.927.054;729078;ESP32-IDS-01;29.5;66.2;882;26;24;1.53;dos
1779146694.07;69493;ESP32-IDS-01;28.6;61.1;560;19;2;2.0;normal
1.779.145.851.903;34163;ESP32-IDS-01;28.5;65.2;737;20;0;0.8;normal
1.779.158.786.434;48893;ESP32-IDS-01;30.3;61.3;667;30;22;2.0;dos
1.779.159.151.546;94780;ESP32-IDS-01;30.5;60.7;752;50;61;5.46;dos
1.779.151.904.874;1706897;ESP32-IDS-01;29.8;64.2;873;31;16;5.49;dos
1.779.151.529.206;1331086;ESP32-IDS-01;29.9;64.1;972;75;83;2.9;dos
1.779.150.646.212;446729;ESP32-IDS-01;29.2;67.2;2819;492;498;2.4;dos
1.779.145.306.515;573433;ESP32-IDS-01;28.3;69.0;944;20;0;0.7;normal
1.779.148.737.598;542107;ESP32-IDS-01;29.0;68.4;854;20;1;0.3;normal
1.779.145.337.423;604318;ESP32-IDS-01;28.3;68.9;316;20;2;0.5;normal
1779148486.86;291354;ESP32-IDS-01;28.7;69.5;849;21;2;1.2;normal
1.779.148.514.626;319067;ESP32-IDS-01;28.7;69.5;515;31;18;2.2;normal
1.779.165.986.687;83294;ESP32-IDS-01;31.4;57.7;808;9999;0;2.68;dos
1779149640.45;1444987;ESP32-IDS-01;29.0;67.7;363;20;0;3.2;normal
1.779.151.583.295;1385341;ESP32-IDS-01;29.9;64.2;713;21;1;1.7;dos
1.779.155.365.931;56735;ESP32-IDS-01;30.0;62.3;728;20;7;4.05;dos
1.779.152.131.842;1932857;ESP32-IDS-01;29.9;64.3;830;369;515;5.71;dos
1.779.159.995.639;127419;ESP32-IDS-01;30.5;61.5;6319;414;548;0.96;dos
1.779.146.807.362;22787;ESP32-IDS-01;28.6;63.6;463;42;69;0.4;normal
1.779.146.637.275;12693;ESP32-IDS-01;28.7;61.6;474;20;1;1.6;normal
1.779.145.619.259;886164;ESP32-IDS-01;28.4;65.9;553;19;1;2.1;normal
1779149806.34;1610724;ESP32-IDS-01;29.0;67.8;341;73;163;2.3;normal
1.779.152.150.855;1934953;ESP32-IDS-01;29.9;64.3;884;9999;0;1.63;dos
1.779.149.189.885;994408;ESP32-IDS-01;28.8;68.5;732;19;3;1.5;normal
1.779.149.613.491;1418029;ESP32-IDS-01;29.1;67.7;999;20;0;3.5;normal
1779151573.01;1375085;ESP32-IDS-01;29.9;64.1;558;19;1;1.4;dos
1779145270.18;536922;ESP32-IDS-01;28.2;67.6;895;78;170;1.2;normal
1.779.155.460.511;151288;ESP32-IDS-01;30.0;62.3;873;20;5;1.95;dos
1.779.153.382.973;357759;ESP32-IDS-01;30.1;62.7;836;35;25;5.68;dos
1.779.154.289.204;84963;ESP32-IDS-01;30.0;62.5;480;28;2;0.4;dos
1.779.149.713.407;1517948;ESP32-IDS-01;29.0;67.9;786;20;0;2.4;normal
1.779.154.241.524;37216;ESP32-IDS-01;29.9;62.7;474;45;51;3.71;dos
1.779.149.479.846;1284357;ESP32-IDS-01;28.9;68.2;535;27;13;3.2;normal
1779150246.71;48557;ESP32-IDS-01;28.9;67.9;895;80;90;0.3;dos
1779159781.94;34973;ESP32-IDS-01;30.7;61.1;667;24;11;0.5;dos
1.779.158.567.154;48622;ESP32-IDS-01;30.1;61.5;2216;28;10;1.95;dos
1.779.157.289.326;115325;ESP32-IDS-01;30.1;62.1;10000;169;161;2.99;dos
1.779.146.028.401;210647;ESP32-IDS-01;28.6;64.2;380;21;2;0.5;normal
1.779.148.984.104;788621;ESP32-IDS-01;28.9;68.4;728;19;1;2.9;normal
1.779.153.391.291;366069;ESP32-IDS-01;30.1;62.6;320;33;8;1.7;dos
1.779.148.794.738;599249;ESP32-IDS-01;28.9;68.5;410;20;4;1.4;normal
1.779.151.307.737;1109773;ESP32-IDS-01;29.9;64.5;743;29;14;0.5;dos
1.779.165.926.082;32116;ESP32-IDS-01;31.4;57.6;686;24;7;3.26;dos
1.779.145.682.974;949906;ESP32-IDS-01;28.5;64.8;682;20;1;1.1;normal
1.779.150.066.194;1870749;ESP32-IDS-01;29.0;67.7;335;19;2;1.5;dos
1.779.145.846.167;28389;ESP32-IDS-01;28.5;65.1;480;31;19;0.4;normal
1.779.158.019.782;173056;ESP32-IDS-01;30.2;61.0;873;22;6;4.74;dos
1.779.150.119.407;1923960;ESP32-IDS-01;28.9;67.9;520;20;3;0.3;dos
1.779.157.487.444;54023;ESP32-IDS-01;30.2;61.5;972;39;12;3.56;dos
1.779.158.684.817;146067;ESP32-IDS-01;30.1;61.9;6937;9999;0;2.74;dos
1.779.149.126.889;931410;ESP32-IDS-01;28.9;68.3;697;20;0;1.1;normal
1.779.155.768.403;45359;ESP32-IDS-01;30.0;62.2;9402;405;519;1.71;dos
1.779.150.877.089;678071;ESP32-IDS-01;29.5;66.1;520;375;537;4.92;dos
1.779.149.345.485;1150016;ESP32-IDS-01;29.0;68.2;311;19;2;0.6;normal
1.779.151.242.538;1044386;ESP32-IDS-01;29.9;64.8;743;83;189;0.2;dos
1.779.165.296.784;968527;ESP32-IDS-01;31.0;59.3;687;37;28;5.61;dos
1.779.145.403.395;670320;ESP32-IDS-01;28.3;68.8;330;19;1;0.6;normal
1779148565.84;370332;ESP32-IDS-01;28.7;69.4;301;23;7;3.0;normal
1.779.167.350.193;389089;ESP32-IDS-01;28.6;52.4;681;20;5;6.04;dos
1.779.149.532.709;1337245;ESP32-IDS-01;29.0;68.0;713;19;1;2.4;normal
1.779.167.435.149;474014;ESP32-IDS-01;28.6;52.4;5062;31;18;3.1;dos
1.779.149.419.986;1224491;ESP32-IDS-01;29.0;68.0;839;20;4;1.6;normal
1779155295.59;550956;ESP32-IDS-01;30.0;62.3;380;9999;0;5.03;dos
1.779.149.339.544;1144076;ESP32-IDS-01;29.0;68.2;332;19;1;3.1;normal
1.779.159.692.552;89513;ESP32-IDS-01;30.7;61.1;376;139;184;5.16;dos
1779150968.63;770637;ESP32-IDS-01;29.6;66.0;804;26;15;1.6;dos
1.779.151.949.437;1751455;ESP32-IDS-01;29.8;64.2;602;26;14;2.1;dos
1779146271.32;214168;ESP32-IDS-01;28.6;62.4;656;19;1;1.7;normal
1.779.155.224.809;490758;ESP32-IDS-01;30.0;62.3;4355;66;9;3.13;dos
1.779.158.143.745;296536;ESP32-IDS-01;30.3;60.7;5746;168;161;2.67;dos
1.779.158.325.975;472356;ESP32-IDS-01;30.3;60.9;10000;1356;547;2.65;dos
1.779.148.410.723;215186;ESP32-IDS-01;28.6;69.8;789;22;5;1.9;normal
1.779.155.551.476;242264;ESP32-IDS-01;30.0;62.3;460;27;11;0.5;dos
1.779.148.203.249;6648;ESP32-IDS-01;27.7;63.5;466;384;546;0.1;normal
1.779.158.699.862;181271;ESP32-IDS-01;30.1;61.7;318;42;37;3.1;dos
1.779.146.470.359;98123;ESP32-IDS-01;28.6;63.6;479;21;1;1.4;normal
1.779.145.330.143;597044;ESP32-IDS-01;28.3;67.5;916;26;14;0.5;normal
1.779.156.624.847;317252;ESP32-IDS-01;30.0;61.7;906;42;39;1.5;dos
1.779.149.049.009;853528;ESP32-IDS-01;29.0;68.2;790;20;1;3.4;normal
1.779.153.887.197;24209;ESP32-IDS-01;30.0;62.5;593;28;15;2.39;dos
1.779.145.567.876;834799;ESP32-IDS-01;28.4;68.5;347;22;3;1.8;normal
1.779.153.923.272;60282;ESP32-IDS-01;30.0;62.5;655;27;14;7.08;dos
1.779.149.495.522;1300044;ESP32-IDS-01;28.9;68.2;573;23;4;2.7;normal
1.779.145.955.528;137768;ESP32-IDS-01;28.6;62.8;773;19;1;2.5;normal
1.779.145.190.445;457355;ESP32-IDS-01;28.3;69.2;780;20;1;0.4;normal
1.779.145.216.525;483146;ESP32-IDS-01;28.3;68.7;752;117;289;2.1;normal
1779158006.4;136324;ESP32-IDS-01;30.2;60.9;467;9999;0;4.24;dos
1.779.150.965.364;763860;ESP32-IDS-01;29.5;66.1;1308;1205;1762;2.96;dos
1.779.159.994.367;121100;ESP32-IDS-01;30.5;61.5;10000;1317;1758;2.84;dos
1.779.165.790.685;45074;ESP32-IDS-01;31.4;58.0;314;36;22;1.5;dos
1.779.151.396.267;1198338;ESP32-IDS-01;29.9;64.3;752;18;0;2.1;dos
1779158198.61;349223;ESP32-IDS-01;30.3;60.6;826;913;2532;4.71;dos
1.779.148.892.074;696560;ESP32-IDS-01;28.9;68.5;923;21;1;3.1;normal
1.779.155.273.547;541670;ESP32-IDS-01;30.0;62.3;349;24;5;14.36;dos
1.779.145.703.681;970615;ESP32-IDS-01;28.5;65.9;658;19;3;2.4;normal
1.779.150.160.061;1964621;ESP32-IDS-01;28.9;68.0;751;19;3;2.8;dos
1.779.164.878.423;550003;ESP32-IDS-01;30.4;61.7;10000;77;76;2.09;dos
1.779.148.268.549;73038;ESP32-IDS-01;28.1;70.2;755;21;1;2.6;normal
1.779.151.304.531;1106594;ESP32-IDS-01;29.9;64.5;400;20;0;2.7;dos
1779151724.13;1526165;ESP32-IDS-01;29.8;64.5;352;32;23;3.2;dos
1.779.154.137.906;268494;ESP32-IDS-01;30.0;62.5;10000;2164;2159;3.27;dos
1779148554.03;358277;ESP32-IDS-01;28.7;69.5;789;105;261;1.4;normal
1.779.149.045.614;850133;ESP32-IDS-01;29.0;68.2;440;20;1;1.2;normal
1.779.153.479.929;454686;ESP32-IDS-01;30.0;62.6;990;52;103;3.12;dos
1.779.152.704.786;180633;ESP32-IDS-01;29.9;63.4;2884;316;415;1.15;dos
1.779.156.039.052;41266;ESP32-IDS-01;30.1;62.1;732;36;13;2.27;dos
1.779.157.256.276;81668;ESP32-IDS-01;30.1;62.2;463;368;517;0.4;dos
1.779.148.966.824;771339;ESP32-IDS-01;28.9;68.5;548;20;0;1.4;normal
1.779.155.275.252;543379;ESP32-IDS-01;30.0;62.3;307;24;9;0.8;dos
1.779.165.831.067;82609;ESP32-IDS-01;31.4;57.9;5044;961;1411;0.2;dos
1.779.159.331.618;142810;ESP32-IDS-01;30.5;61.1;455;21;4;2.9;dos
1.779.164.889.553;561230;ESP32-IDS-01;30.5;61.4;463;45;30;2.7;dos
1.779.164.475.138;146918;ESP32-IDS-01;29.6;64.7;669;18;0;3.1;dos
1.779.149.359.985;1164514;ESP32-IDS-01;29.0;68.2;589;20;0;2.7;normal
1.779.145.951.149;133217;ESP32-IDS-01;28.6;62.5;681;84;191;3.1;normal
1.779.159.911.158;44129;ESP32-IDS-01;30.6;61.3;314;40;35;7.87;dos
1779165614.04;1283686;ESP32-IDS-01;31.3;58.5;552;27;10;4.61;dos
1.779.149.757.102;1561620;ESP32-IDS-01;29.0;67.8;550;20;0;2.0;normal
1.779.148.696.156;500669;ESP32-IDS-01;28.9;68.8;565;18;1;2.1;normal
1.779.149.754.138;1558684;ESP32-IDS-01;29.0;67.8;444;19;1;2.4;normal
1.779.165.570.315;1242111;ESP32-IDS-01;31.3;58.6;517;25;11;2.33;dos
1779158788.79;51214;ESP32-IDS-01;30.3;61.3;322;52;53;2.4;dos
1.779.164.878.061;538618;ESP32-IDS-01;30.4;61.7;10000;9999;0;1.97;dos
1.779.145.700.426;967362;ESP32-IDS-01;28.5;64.8;713;19;1;1.3;normal
1.779.151.490.052;1292097;ESP32-IDS-01;30.0;64.0;349;20;1;0.2;dos
1.779.167.393.661;432519;ESP32-IDS-01;28.6;52.4;546;34;28;4.83;dos
1.779.156.134.149;136420;ESP32-IDS-01;30.0;62.0;467;18;4;4.24;dos
1.779.158.202.826;356102;ESP32-IDS-01;30.3;60.8;1230;26;13;2.21;dos
1.779.149.155.258;959780;ESP32-IDS-01;28.8;68.5;820;20;0;0.2;normal
1.779.153.434.699;409541;ESP32-IDS-01;30.1;62.6;360;24;10;1.5;dos
1.779.154.693.754;372895;ESP32-IDS-01;30.1;62.3;811;21;3;5.57;dos
1.779.154.555.502;233613;ESP32-IDS-01;30.1;62.2;6469;26;14;2.3;dos
1.779.152.620.665;97359;ESP32-IDS-01;30.0;63.4;998;49;56;2.2;dos
1.779.151.134.321;936223;ESP32-IDS-01;29.8;65.1;10000;54;6;1.27;dos
1.779.154.380.322;59395;ESP32-IDS-01;30.1;62.4;486;33;22;4.46;dos
1.779.146.280.692;223538;ESP32-IDS-01;28.6;65.7;936;19;1;1.3;normal
1.779.159.150.656;94028;ESP32-IDS-01;30.5;60.9;480;32;46;0.4;dos
1.779.150.091.017;1895560;ESP32-IDS-01;28.9;67.8;436;22;1;0.3;dos
1.779.156.712.029;404351;ESP32-IDS-01;30.1;61.7;10000;94;91;2.89;dos
1779146562.63;59213;ESP32-IDS-01;28.6;64.9;553;20;0;2.0;normal
1.779.155.013.821;279443;ESP32-IDS-01;30.0;62.4;436;17;1;0.1;dos
1.779.146.559.549;56139;ESP32-IDS-01;28.6;63.6;918;18;1;1.7;normal
1.779.145.974.544;156807;ESP32-IDS-01;28.6;64.4;477;20;1;2.5;normal
1.779.146.424.414;52183;ESP32-IDS-01;28.7;62.5;933;20;0;0.3;normal
1.779.148.953.583;758097;ESP32-IDS-01;28.9;68.5;841;20;1;0.4;normal
1.779.159.917.271;50269;ESP32-IDS-01;30.5;61.4;820;26;24;5.36;dos
1779157330.64;19112;ESP32-IDS-01;30.1;60.6;10000;9999;0;3.38;dos
1.779.146.287.031;229879;ESP32-IDS-01;28.6;63.4;396;19;1;2.6;normal
1.779.167.305.443;344342;ESP32-IDS-01;28.7;52.7;1255;19;1;3.6;dos
1.779.154.409.339;87177;ESP32-IDS-01;30.0;62.4;10000;432;510;2.88;dos
1.779.146.617.488;114078;ESP32-IDS-01;28.7;63.7;669;20;0;3.1;normal
1.779.148.397.557;202029;ESP32-IDS-01;28.6;69.9;560;20;3;1.6;normal
1.779.146.167.326;110150;ESP32-IDS-01;28.6;65.6;976;26;20;3.5;normal
1.779.149.596.377;1400887;ESP32-IDS-01;29.1;67.7;453;21;1;3.3;normal
1779159419.95;230092;ESP32-IDS-01;30.6;61.1;903;19;4;5.71;dos
1.779.150.061.424;1865948;ESP32-IDS-01;29.0;67.7;747;21;2;2.9;dos
1.779.145.727.162;14665;ESP32-IDS-01;28.5;63.6;593;20;0;0.7;normal
1779149151.57;956062;ESP32-IDS-01;28.8;68.4;727;22;3;3.0;normal
1.779.145.459.322;726246;ESP32-IDS-01;28.3;68.6;793;20;0;3.0;normal
1.779.150.787.428;589416;ESP32-IDS-01;29.4;66.3;339;33;25;3.65;dos
1.779.154.016.576;153612;ESP32-IDS-01;30.0;62.5;1228;30;12;0.5;dos
1.779.148.336.837;141288;ESP32-IDS-01;28.4;70.3;657;34;21;0.3;normal
1.779.156.669.197;361774;ESP32-IDS-01;30.1;61.7;721;25;6;5.07;dos
1.779.165.107.866;776412;ESP32-IDS-01;30.8;60.0;10000;405;994;1.38;dos
1.779.164.844.142;515939;ESP32-IDS-01;30.3;61.9;748;16;1;2.6;dos
1.779.156.263.597;120326;ESP32-IDS-01;30.1;61.9;314;99;103;12.15;dos
1.779.158.325.821;472356;ESP32-IDS-01;30.3;60.9;10000;1356;547;2.65;dos
1779145762.96;50465;ESP32-IDS-01;28.5;66.6;551;20;3;1.3;normal
1.779.148.235.193;39655;ESP32-IDS-01;28.0;69.3;807;20;1;2.6;normal
1.779.149.647.662;1452176;ESP32-IDS-01;29.0;67.7;670;20;0;3.0;normal
1.779.149.785.972;1590306;ESP32-IDS-01;29.0;67.8;561;90;110;3.2;normal
1.779.158.462.666;67849;ESP32-IDS-01;30.2;61.4;10000;9999;0;0.47;dos
1.779.160.097.239;12415;ESP32-IDS-01;30.7;61.1;898;363;1014;2.61;dos
1.779.145.953.376;135636;ESP32-IDS-01;28.6;64.5;717;20;1;3.4;normal
1.779.156.218.148;73065;ESP32-IDS-01;30.0;61.9;1364;355;868;1.73;dos
1779156715.15;407651;ESP32-IDS-01;30.1;61.7;787;46;16;3.0;dos
1.779.152.215.368;2017300;ESP32-IDS-01;29.8;64.3;681;70;80;2.17;dos
1.779.149.636.137;1440615;ESP32-IDS-01;29.0;67.7;827;32;6;3.5;normal
1.779.149.716.133;1520667;ESP32-IDS-01;29.0;67.9;818;20;2;1.3;normal
1.779.145.750.986;38470;ESP32-IDS-01;28.5;66.6;590;26;9;3.1;normal
1.779.149.490.347;1294524;ESP32-IDS-01;28.9;68.1;750;138;181;0.8;normal
1.779.154.368.503;47539;ESP32-IDS-01;30.0;62.4;4006;51;17;1.95;dos
1.779.148.869.201;673258;ESP32-IDS-01;28.9;68.5;392;171;368;0.8;normal
1.779.148.272.301;76791;ESP32-IDS-01;28.1;70.2;494;21;2;2.0;normal
1.779.145.216.525;483146;ESP32-IDS-01;28.3;68.7;752;117;289;2.1;normal
1.779.145.523.952;790849;ESP32-IDS-01;28.4;68.8;668;22;2;0.8;normal
1.779.146.295.605;238453;ESP32-IDS-01;28.6;65.5;770;19;1;0.5;normal
1.779.165.616.961;1287701;ESP32-IDS-01;31.4;58.4;460;378;521;4.85;dos
1779145476.74;743669;ESP32-IDS-01;28.3;68.4;723;19;3;1.9;normal
1.779.156.946.279;92388;ESP32-IDS-01;29.9;62.5;958;39;32;1.24;dos
1.779.166.239.677;96075;ESP32-IDS-01;30.8;55.0;752;24;6;8.12;dos
1.779.164.510.446;163911;ESP32-IDS-01;29.7;64.7;970;9999;0;0.5;dos
1.779.145.420.587;687508;ESP32-IDS-01;28.3;68.7;353;20;0;1.6;normal
1.779.150.651.747;453744;ESP32-IDS-01;29.3;67.0;545;27;15;4.97;dos
1.779.148.954.977;759484;ESP32-IDS-01;28.9;68.5;553;21;1;2.5;normal
1.779.156.449.819;141359;ESP32-IDS-01;30.0;61.7;634;367;517;2.88;dos
1.779.150.879.094;681036;ESP32-IDS-01;29.5;66.1;952;48;73;4.5;dos
1.779.148.532.997;337453;ESP32-IDS-01;28.7;69.5;417;34;26;0.9;normal
1.779.148.606.324;410830;ESP32-IDS-01;28.8;69.1;707;19;3;1.3;normal
1.779.148.492.931;297422;ESP32-IDS-01;28.7;69.5;738;22;4;0.3;normal
1.779.152.261.431;2063488;ESP32-IDS-01;29.9;64.3;1179;23;8;1.15;dos
1.779.148.205.817;10306;ESP32-IDS-01;27.7;65.7;732;20;1;0.9;normal
1779146516.78;13286;ESP32-IDS-01;28.6;62.0;686;38;56;1.8;normal
1.779.153.489.598;455383;ESP32-IDS-01;30.0;62.6;697;25;3;0.3;dos
1.779.158.554.716;30595;ESP32-IDS-01;30.2;60.2;10000;55;75;0.14;dos
1.779.148.816.472;620401;ESP32-IDS-01;28.9;68.5;370;128;141;3.4;normal
1.779.165.114.164;785962;ESP32-IDS-01;30.8;59.9;649;23;10;4.58;dos
1.779.156.538.437;230945;ESP32-IDS-01;30.0;61.8;848;46;28;1.88;dos
1.779.148.242.789;47287;ESP32-IDS-01;28.0;69.6;873;18;2;1.3;normal
1.779.145.874.962;57219;ESP32-IDS-01;28.5;66.2;301;20;2;3.0;normal
1.779.145.213.763;480609;ESP32-IDS-01;28.3;68.5;467;42;65;1.4;normal
1.779.155.186.777;454904;ESP32-IDS-01;30.0;62.3;965;22;13;0.2;dos
1.779.148.569.569;374069;ESP32-IDS-01;28.7;69.4;392;21;1;3.1;normal
1.779.149.733.368;1537907;ESP32-IDS-01;29.0;67.9;336;21;2;2.6;normal
1.779.157.031.749;177872;ESP32-IDS-01;30.0;62.4;993;21;8;4.31;dos
1.779.152.126.481;1928526;ESP32-IDS-01;29.9;64.3;945;34;26;4.92;dos
1.779.148.532.748;337036;ESP32-IDS-01;28.7;69.5;661;83;189;0.8;normal
1.779.154.018.862;155784;ESP32-IDS-01;30.0;62.5;549;66;73;5.22;dos
1.779.148.598.246;402752;ESP32-IDS-01;28.8;69.2;316;19;3;0.9;normal
1.779.146.303.845;246693;ESP32-IDS-01;28.6;64.0;648;19;1;3.2;normal
1.779.153.017.048;489999;ESP32-IDS-01;29.9;63.1;10000;278;151;1.28;dos
1.779.149.681.135;1485677;ESP32-IDS-01;29.0;67.8;885;19;2;3.0;normal
1.779.153.521.545;496353;ESP32-IDS-01;30.0;62.6;711;32;19;2.81;dos
1.779.145.093.511;360424;ESP32-IDS-01;28.2;69.8;760;20;1;2.3;normal
1779146367.21;49242;ESP32-IDS-01;28.7;65.0;971;19;1;3.1;normal
1.779.145.128.304;395217;ESP32-IDS-01;28.2;71.5;561;20;0;1.8;normal
1.779.149.679.136;1483674;ESP32-IDS-01;29.0;67.8;959;20;1;1.1;normal
1779145858.33;40595;ESP32-IDS-01;28.5;65.5;785;18;1;3.2;normal
1779152984.6;461383;ESP32-IDS-01;29.9;63.1;717;21;4;4.79;dos
1.779.148.514.626;319067;ESP32-IDS-01;28.7;69.5;515;31;18;2.2;normal
1.779.155.681.158;7865;ESP32-IDS-01;30.0;60.6;626;21;6;3.3;dos
1.779.149.218.813;1023312;ESP32-IDS-01;28.8;68.5;350;20;1;3.2;normal
1.779.157.110.366;255365;ESP32-IDS-01;29.9;62.6;796;388;523;3.01;dos
1.779.157.617.487;90519;ESP32-IDS-01;30.2;61.4;571;27;17;0.5;dos
1.779.149.260.854;1065363;ESP32-IDS-01;28.9;68.5;810;25;13;3.1;normal
1.779.145.948.102;130339;ESP32-IDS-01;28.6;62.5;580;20;0;0.6;normal
1779151297.62;1099681;ESP32-IDS-01;29.9;64.5;789;20;0;1.4;dos
1.779.150.651.025;452820;ESP32-IDS-01;29.3;67.0;962;42;38;1.0;dos
1.779.153.238.615;194155;ESP32-IDS-01;30.0;62.9;7432;9999;0;0.93;dos
1.779.166.687.639;231853;ESP32-IDS-01;29.3;54.6;1434;369;506;3.2;dos
1.779.149.425.219;1229748;ESP32-IDS-01;29.0;68.0;750;20;1;2.1;normal
1.779.152.581.331;56057;ESP32-IDS-01;29.9;63.5;376;359;500;5.16;dos
1.779.158.428.773;49919;ESP32-IDS-01;30.2;61.4;322;19;5;5.51;dos
1.779.158.017.366;167889;ESP32-IDS-01;30.2;60.9;1454;936;1347;0.99;dos
1.779.146.721.072;96498;ESP32-IDS-01;28.6;64.8;750;19;0;2.3;normal
1.779.166.874.178;419428;ESP32-IDS-01;29.1;52.3;976;25;12;3.5;dos
1.779.150.916.131;713909;ESP32-IDS-01;29.4;66.2;422;410;1025;6.94;dos
1.779.145.097.324;364236;ESP32-IDS-01;28.2;67.2;496;20;0;2.6;normal
1.779.148.306.686;111156;ESP32-IDS-01;28.3;70.3;387;20;1;0.6;normal
1.779.146.411.336;39073;ESP32-IDS-01;28.7;63.6;807;22;3;2.6;normal
1.779.145.239.733;506636;ESP32-IDS-01;28.3;69.2;316;24;6;2.2;normal
1.779.149.434.483;1239014;ESP32-IDS-01;28.9;68.1;492;20;2;0.7;normal
1.779.149.688.224;1492751;ESP32-IDS-01;29.0;67.8;684;20;0;1.0;normal
1.779.154.781.646;49579;ESP32-IDS-01;30.0;62.4;322;51;20;2.4;dos
1.779.149.750.637;1555163;ESP32-IDS-01;29.0;67.8;982;23;5;2.9;normal
1.779.151.508.913;1310981;ESP32-IDS-01;30.0;64.0;450;21;1;3.4;dos
1.779.155.816.929;95015;ESP32-IDS-01;30.0;62.2;563;37;18;1.3;dos
1.779.146.602.385;98973;ESP32-IDS-01;28.7;63.6;535;20;0;1.9;normal
1779151348.76;1150825;ESP32-IDS-01;29.9;64.4;418;20;0;2.8;dos
1.779.159.820.913;73884;ESP32-IDS-01;30.7;61.0;1228;33;13;2.51;dos
1.779.152.845.648;322265;ESP32-IDS-01;30.0;63.1;535;22;5;5.64;dos
1779149233.38;1037878;ESP32-IDS-01;28.9;68.5;396;20;1;1.5;normal
1.779.145.481.867;748790;ESP32-IDS-01;28.3;68.7;518;20;1;0.6;normal
1.779.145.269.112;536027;ESP32-IDS-01;28.2;67.6;366;21;1;1.3;normal
1.779.149.000.042;804321;ESP32-IDS-01;29.0;68.2;544;99;119;0.2;normal
1.779.154.425.262;104354;ESP32-IDS-01;30.1;62.4;590;31;21;6.49;dos
1.779.151.447.931;1249977;ESP32-IDS-01;30.0;64.1;448;19;1;0.1;dos
1.779.165.343.723;1015463;ESP32-IDS-01;31.0;59.3;724;42;10;1.78;dos
1.779.145.344.589;611506;ESP32-IDS-01;28.3;68.5;594;20;0;2.1;normal
1779152306.33;2107392;ESP32-IDS-01;29.9;64.1;964;24;6;3.61;dos
1.779.146.150.388;93230;ESP32-IDS-01;28.6;63.9;836;20;1;0.9;normal
1.779.149.291.695;1096211;ESP32-IDS-01;28.9;68.4;329;23;5;1.8;normal
1.779.146.473.301;101044;ESP32-IDS-01;28.6;62.8;516;21;1;1.9;normal
1.779.167.168.632;206483;ESP32-IDS-01;28.7;53.2;587;17;1;2.7;dos
1.779.167.337.546;376191;ESP32-IDS-01;28.7;52.6;697;82;35;3.17;dos
1.779.149.356.313;1160821;ESP32-IDS-01;29.0;68.2;994;18;1;0.7;normal
1.779.148.498.509;302982;ESP32-IDS-01;28.7;69.5;743;21;1;0.2;normal
1.779.155.183.638;451762;ESP32-IDS-01;30.0;62.2;449;20;5;5.53;dos
1.779.157.679.934;141656;ESP32-IDS-01;30.3;61.2;993;2827;2649;3.3;dos
1.779.165.226.869;883900;ESP32-IDS-01;30.9;59.6;345;9999;0;3.2;dos
1.779.146.748.591;124010;ESP32-IDS-01;28.6;64.8;990;20;1;1.1;normal
1.779.152.032.765;1833794;ESP32-IDS-01;29.7;64.5;3540;365;518;2.28;dos
1.779.167.113.412;152298;ESP32-IDS-01;28.8;53.5;747;21;1;2.6;dos
1.779.152.214.574;2016619;ESP32-IDS-01;29.8;64.3;842;35;38;2.79;dos
1.779.148.308.329;112821;ESP32-IDS-01;28.3;70.3;710;20;2;3.0;normal
1.779.167.126.806;165675;ESP32-IDS-01;28.8;53.3;570;19;1;3.3;dos
1.779.156.448.244;140725;ESP32-IDS-01;30.0;61.7;873;49;28;2.45;dos
1.779.153.834.266;175389;ESP32-IDS-01;30.0;62.5;2196;30;5;1.96;dos
1779145131.34;398225;ESP32-IDS-01;28.2;69.5;528;21;1;3.4;normal
1.779.154.238.864;31421;ESP32-IDS-01;29.9;62.7;3901;397;560;3.56;dos
1.779.146.703.313;78695;ESP32-IDS-01;28.6;62.7;892;25;8;3.5;normal
1.779.149.275.843;1080359;ESP32-IDS-01;28.9;68.4;380;23;8;0.5;normal
1.779.150.882.394;684397;ESP32-IDS-01;29.4;66.2;963;26;14;3.5;dos
1.779.154.195.779;27839;ESP32-IDS-01;29.9;62.7;732;45;13;6.36;dos
1.779.150.868.401;663789;ESP32-IDS-01;29.5;66.2;10000;1553;2174;0.54;dos
1.779.158.056.922;202886;ESP32-IDS-01;30.2;61.0;10000;1119;100;0.85;dos
1.779.166.919.213;463873;ESP32-IDS-01;29.1;53.7;3397;214;260;2.69;dos
1779149645.13;1449641;ESP32-IDS-01;29.0;67.7;337;21;1;0.9;normal
1.779.150.924.556;725546;ESP32-IDS-01;29.5;66.2;709;369;500;0.9;dos
1.779.149.047.552;852068;ESP32-IDS-01;29.0;68.2;937;20;2;2.8;normal
1.779.165.194.134;864664;ESP32-IDS-01;30.9;59.6;10000;423;511;0.2;dos
1779149689.85;1494390;ESP32-IDS-01;29.0;67.8;712;20;0;1.6;normal
1.779.145.968.333;150571;ESP32-IDS-01;28.6;64.4;962;20;0;1.0;normal
1.779.151.435.798;1237867;ESP32-IDS-01;30.0;64.2;467;20;1;3.5;dos
1.779.156.667.805;360346;ESP32-IDS-01;30.1;61.7;3459;27;16;1.99;dos
1.779.150.868.505;663789;ESP32-IDS-01;29.5;66.2;10000;1553;2174;0.54;dos
1.779.155.498.481;188216;ESP32-IDS-01;30.0;62.2;1660;369;1002;2.6;dos
1.779.146.096.302;39109;ESP32-IDS-01;28.5;63.5;807;22;5;2.6;normal
1.779.148.240.548;45042;ESP32-IDS-01;28.0;69.5;895;19;2;0.3;normal
1.779.153.561.942;534985;ESP32-IDS-01;30.0;62.7;3054;612;378;0.83;dos
1.779.145.182.699;449589;ESP32-IDS-01;28.3;69.2;884;20;4;3.4;normal
1.779.145.178.951;445863;ESP32-IDS-01;28.3;68.6;603;20;0;3.4;normal
1.779.166.468.027;13268;ESP32-IDS-01;29.6;54.3;686;18;2;1.8;dos
1.779.156.271.133;128102;ESP32-IDS-01;30.1;61.8;934;22;15;3.57;dos
1.779.156.041.355;43603;ESP32-IDS-01;30.1;62.1;474;23;6;3.71;dos
1.779.149.520.864;1325341;ESP32-IDS-01;29.0;68.0;791;31;18;1.1;normal
1.779.154.646.815;325934;ESP32-IDS-01;30.1;62.3;906;28;18;1.5;dos
1779148691.4;495694;ESP32-IDS-01;28.9;68.7;565;21;4;0.1;normal
1.779.155.693.848;14286;ESP32-IDS-01;30.0;62.1;965;27;20;4.37;dos
1.779.149.662.442;1466955;ESP32-IDS-01;29.0;67.8;348;20;0;2.8;normal
1.779.146.792.566;8054;ESP32-IDS-01;28.6;65.1;777;21;1;1.6;normal
1.779.149.545.482;1350014;ESP32-IDS-01;29.0;68.0;971;21;2;1.7;normal
1.779.153.517.739;492574;ESP32-IDS-01;30.0;62.6;468;17;2;6.87;dos
1.779.148.234.386;38848;ESP32-IDS-01;28.0;69.1;590;29;14;3.1;normal
1.779.165.883.559;137979;ESP32-IDS-01;31.4;57.6;601;27;15;2.16;dos
1.779.145.194.653;461566;ESP32-IDS-01;28.3;71.6;701;21;3;3.3;normal
1.779.148.968.135;772650;ESP32-IDS-01;28.9;68.5;563;20;0;1.8;normal
1.779.149.563.749;1368258;ESP32-IDS-01;29.1;67.8;300;20;0;3.2;normal
1.779.148.207.679;12169;ESP32-IDS-01;27.7;65.7;898;20;0;1.5;normal
1.779.145.656.167;923092;ESP32-IDS-01;28.4;66.7;673;22;1;1.3;normal
1.779.149.304.541;1109015;ESP32-IDS-01;28.9;68.3;490;32;23;2.8;normal
1.779.146.133.704;76546;ESP32-IDS-01;28.5;64.7;494;20;1;2.0;normal
1.779.151.499.711;1301778;ESP32-IDS-01;30.0;64.0;320;20;0;2.7;dos
1.779.145.676.218;943150;ESP32-IDS-01;28.4;65.6;848;20;0;2.2;normal
1.779.153.291.058;262725;ESP32-IDS-01;30.0;62.8;1507;403;527;0.2;dos
1.779.146.247.538;190382;ESP32-IDS-01;28.6;65.2;784;18;3;0.8;normal
1.779.167.346.594;384458;ESP32-IDS-01;28.6;52.4;349;21;11;1.6;dos
1.779.159.958.514;91538;ESP32-IDS-01;30.5;61.5;958;21;12;1.24;dos
1779153470.7;444595;ESP32-IDS-01;30.1;62.6;3931;325;418;1.35;dos
1.779.146.454.323;82100;ESP32-IDS-01;28.7;65.0;1174;17;2;0.3;normal
1.779.157.783.032;78065;ESP32-IDS-01;30.3;60.9;10000;1342;2568;0.45;dos
1.779.146.402.325;30088;ESP32-IDS-01;28.7;64.8;808;21;1;0.2;normal
1.779.148.557.151;361650;ESP32-IDS-01;28.7;69.5;729;20;0;1.1;normal
1.779.149.153.276;957801;ESP32-IDS-01;28.8;68.4;417;19;2;1.3;normal
1.779.148.748.149;552656;ESP32-IDS-01;29.0;68.4;709;21;1;1.6;normal
1.779.149.224.948;1029477;ESP32-IDS-01;28.9;68.5;395;18;2;0.2;normal
1.779.145.633.648;900527;ESP32-IDS-01;28.4;64.7;438;29;15;1.9;normal
1.779.145.683.405;950330;ESP32-IDS-01;28.5;64.8;424;22;3;0.3;normal
1.779.154.014.383;151450;ESP32-IDS-01;30.0;62.5;785;20;10;3.2;dos
1779150870.7;672606;ESP32-IDS-01;29.5;66.2;1904;51;23;2.93;dos
1.779.155.452.636;137486;ESP32-IDS-01;30.0;62.3;1390;419;974;2.02;dos
1.779.149.525.498;1330033;ESP32-IDS-01;29.0;68.0;970;19;2;3.0;normal
1.779.165.644.003;1307130;ESP32-IDS-01;31.4;58.4;10000;9999;0;3.55;dos
1.779.151.453.458;1255526;ESP32-IDS-01;30.0;64.1;447;20;0;0.5;dos
1.779.145.134.667;401578;ESP32-IDS-01;28.2;68.2;583;20;0;0.9;normal
1.779.148.282.098;86592;ESP32-IDS-01;28.2;70.3;614;19;4;0.3;normal
1.779.145.986.948;169046;ESP32-IDS-01;28.6;65.3;458;75;82;0.9;normal
1.779.159.541.288;349408;ESP32-IDS-01;30.6;61.0;8148;1041;1490;2.3;dos
1.779.151.283.082;1085116;ESP32-IDS-01;29.9;64.6;655;20;0;1.9;dos
1779157124.87;270996;ESP32-IDS-01;30.0;62.4;1240;33;21;3.41;dos
1.779.151.188.661;990592;ESP32-IDS-01;29.8;65.0;3097;60;44;2.2;dos
1.779.154.979.163;234810;ESP32-IDS-01;30.0;62.5;672;1862;963;5.18;dos
1.779.157.473.098;39273;ESP32-IDS-01;30.2;61.6;686;141;157;7.63;dos
1.779.164.609.295;278717;ESP32-IDS-01;29.9;64.2;10000;736;1032;1.0;dos
1.779.156.720.282;409426;ESP32-IDS-01;30.1;61.7;494;497;718;1.5;dos
1.779.145.183.148;450062;ESP32-IDS-01;28.3;69.2;473;20;3;0.1;normal
1.779.166.110.203;216274;ESP32-IDS-01;31.4;57.4;535;23;7;1.0;dos
1.779.154.552.218;227144;ESP32-IDS-01;30.1;62.2;2697;749;1032;0.5;dos
1.779.149.471.384;1275910;ESP32-IDS-01;28.9;68.2;698;20;0;0.3;normal
1.779.151.304.134;1106194;ESP32-IDS-01;29.9;64.5;962;20;0;1.7;dos
1.779.149.266.491;1071018;ESP32-IDS-01;28.9;68.4;495;19;1;2.4;normal
1.779.159.953.291;85260;ESP32-IDS-01;30.5;61.4;386;372;506;4.29;dos
1.779.145.890.156;72415;ESP32-IDS-01;28.6;66.4;518;20;0;3.2;normal
1.779.145.149.811;416726;ESP32-IDS-01;28.3;71.7;626;20;1;3.3;normal
1779149729.03;1533569;ESP32-IDS-01;29.0;67.9;535;20;5;1.2;normal
1.779.148.218.214;22678;ESP32-IDS-01;27.9;68.2;602;20;0;0.2;normal
1.779.154.096.695;222089;ESP32-IDS-01;29.9;62.6;10000;9999;0;1.36;dos
1.779.153.970.465;107531;ESP32-IDS-01;30.0;62.5;876;19;3;2.0;dos
1.779.148.499.503;303830;ESP32-IDS-01;28.7;69.5;848;76;88;3.0;normal
1.779.152.759.796;236504;ESP32-IDS-01;29.9;63.4;842;40;19;2.09;dos
1.779.149.804.633;1609128;ESP32-IDS-01;29.0;67.8;694;28;17;1.3;normal
1.779.149.805.837;1610383;ESP32-IDS-01;29.0;67.8;489;20;1;0.1;normal
1.779.153.115.988;90805;ESP32-IDS-01;29.9;63.1;728;24;8;9.54;dos
1779154696.2;375308;ESP32-IDS-01;30.1;62.3;426;29;15;4.05;dos
1779153914.93;50030;ESP32-IDS-01;30.0;62.5;10000;651;830;0.56;dos
1779149693.02;1497557;ESP32-IDS-01;29.0;67.9;823;20;0;1.7;normal
1.779.145.603.966;870889;ESP32-IDS-01;28.4;68.0;704;22;2;2.3;normal
1.779.164.935.378;607121;ESP32-IDS-01;30.5;61.1;376;34;14;5.86;dos
1.779.148.761.276;565785;ESP32-IDS-01;28.9;68.5;679;20;0;1.0;normal
1.779.150.552.838;352649;ESP32-IDS-01;29.1;67.4;9458;743;508;3.3;dos
1.779.148.454.587;259053;ESP32-IDS-01;28.7;69.6;498;31;21;1.3;normal
1.779.165.026.694;698457;ESP32-IDS-01;30.7;60.5;1236;23;10;3.01;dos
1.779.146.521.988;18577;ESP32-IDS-01;28.6;63.6;322;19;1;2.4;normal
1.779.148.489.924;294422;ESP32-IDS-01;28.7;69.5;936;20;0;3.0;normal
1.779.150.075.563;1880116;ESP32-IDS-01;28.9;67.8;798;20;4;0.4;dos
1.779.167.524.145;563022;ESP32-IDS-01;28.6;51.9;384;21;8;4.1;dos
1779145697.38;964313;ESP32-IDS-01;28.5;65.0;632;20;0;0.1;normal
1.779.151.858.694;1660736;ESP32-IDS-01;29.8;64.4;941;33;7;3.96;dos
1.779.159.241.028;52232;ESP32-IDS-01;30.5;60.8;956;20;5;3.09;dos
1.779.151.948.037;1750056;ESP32-IDS-01;29.8;64.2;733;37;18;2.5;dos
1.779.153.390.994;365749;ESP32-IDS-01;30.1;62.6;516;34;34;3.84;dos
1779151271.26;1073320;ESP32-IDS-01;29.9;64.6;687;20;0;2.7;dos
1.779.155.228.594;496717;ESP32-IDS-01;30.0;62.2;1381;19;3;2.52;dos
1779157568.72;37056;ESP32-IDS-01;30.2;61.4;3132;1587;2320;3.62;dos
1.779.148.630.951;435456;ESP32-IDS-01;28.8;69.0;404;20;0;2.1;normal
1779146575.61;72177;ESP32-IDS-01;28.6;63.1;518;27;11;3.2;normal
1.779.145.865.197;47442;ESP32-IDS-01;28.5;65.9;873;23;8;1.3;normal
1.779.149.149.039;953562;ESP32-IDS-01;28.9;68.4;842;19;1;2.7;normal
1.779.157.127.247;273413;ESP32-IDS-01;30.0;62.4;944;23;7;2.62;dos
1.779.152.072.782;1871597;ESP32-IDS-01;29.8;64.4;10000;1101;1599;2.06;dos
1.779.157.118.254;264382;ESP32-IDS-01;30.0;62.4;816;28;17;1.43;dos
1.779.155.183.196;451313;ESP32-IDS-01;30.0;62.2;3073;24;10;2.43;dos
1.779.152.078.317;1880283;ESP32-IDS-01;29.8;64.4;606;56;90;9.9;dos
1.779.151.978.009;1770154;ESP32-IDS-01;29.8;64.2;10000;9999;0;2.67;dos
1.779.156.892.216;33767;ESP32-IDS-01;30.0;61.0;10000;1236;2326;3.37;dos
1.779.145.553.541;820465;ESP32-IDS-01;28.4;67.7;379;21;2;2.9;normal
1.779.164.664.861;335569;ESP32-IDS-01;29.9;63.9;9250;378;1014;2.01;dos
1.779.156.851.437;544010;ESP32-IDS-01;30.0;62.2;349;24;15;2.9;dos
1.779.152.879.707;356280;ESP32-IDS-01;29.9;63.2;7977;82;77;1.73;dos
1.779.146.618.144;114712;ESP32-IDS-01;28.7;64.7;634;19;2;2.5;normal
1.779.149.766.766;1571309;ESP32-IDS-01;29.0;67.8;383;20;4;1.5;normal
1.779.145.265.587;532502;ESP32-IDS-01;28.2;67.1;627;19;2;2.8;normal
1.779.152.892.366;368090;ESP32-IDS-01;29.9;63.2;752;27;15;3.2;dos
1.779.167.404.189;436068;ESP32-IDS-01;28.6;52.4;648;133;188;2.4;dos
1.779.164.670.792;342536;ESP32-IDS-01;30.0;63.3;413;29;5;2.8;dos
1.779.151.192.915;994933;ESP32-IDS-01;29.8;64.9;303;24;3;2.3;dos
1.779.150.051.071;1855618;ESP32-IDS-01;29.0;67.7;559;21;1;2.2;dos
1.779.145.342.434;609326;ESP32-IDS-01;28.3;68.5;395;21;2;2.0;normal
1.779.153.384.346;359108;ESP32-IDS-01;30.1;62.6;457;36;15;5.69;dos
1.779.146.410.539;38266;ESP32-IDS-01;28.7;63.6;590;33;36;3.1;normal
1.779.149.049.009;853528;ESP32-IDS-01;29.0;68.2;790;20;1;3.4;normal
1.779.150.872.772;673593;ESP32-IDS-01;29.5;66.2;987;74;9;4.45;dos
1.779.149.798.315;1602838;ESP32-IDS-01;29.0;67.8;1234;18;2;1.5;normal
1779166724.19;263546;ESP32-IDS-01;29.3;52.4;10000;1982;2392;3.55;dos
1.779.148.529.635;334137;ESP32-IDS-01;28.7;69.5;760;19;3;2.3;normal
1.779.150.139.663;1944216;ESP32-IDS-01;28.9;68.0;888;20;1;2.7;dos
1.779.145.292.845;559762;ESP32-IDS-01;28.3;69.2;927;19;4;3.2;normal
1.779.146.293.106;235956;ESP32-IDS-01;28.6;65.4;959;18;3;2.2;normal
1.779.148.638.167;442642;ESP32-IDS-01;28.8;69.0;807;21;4;3.1;normal
1.779.155.902.942;30844;ESP32-IDS-01;30.0;60.8;5083;51;20;3.5;dos
1.779.155.318.916;9711;ESP32-IDS-01;30.0;60.9;1253;20;5;4.1;dos
1.779.149.810.133;1614676;ESP32-IDS-01;29.0;67.8;842;19;1;3.4;normal
1.779.146.310.856;253674;ESP32-IDS-01;28.6;63.3;842;21;5;1.9;normal
1.779.148.982.836;787343;ESP32-IDS-01;28.9;68.4;855;19;4;1.7;normal
1.779.152.488.871;2290934;ESP32-IDS-01;29.9;63.7;1216;30;21;1.52;dos
1.779.149.544.511;1349043;ESP32-IDS-01;29.0;68.0;814;20;2;2.2;normal
1779145515.32;782246;ESP32-IDS-01;28.3;70.9;841;20;2;0.4;normal
1.779.155.048.752;310939;ESP32-IDS-01;30.0;62.4;633;338;875;5.54;dos
1.779.145.841.413;23672;ESP32-IDS-01;28.5;65.5;376;20;0;2.5;normal
1.779.149.120.166;924657;ESP32-IDS-01;28.9;68.3;424;29;14;0.3;normal
1.779.165.292.831;962003;ESP32-IDS-01;31.0;59.4;3440;559;1043;3.09;dos
1.779.145.459.322;726246;ESP32-IDS-01;28.3;68.6;793;20;0;3.0;normal
1.779.167.437.381;476268;ESP32-IDS-01;28.6;52.4;545;21;14;3.13;dos
1.779.146.410.539;38266;ESP32-IDS-01;28.7;63.6;590;33;36;3.1;normal
1.779.156.442.955;135500;ESP32-IDS-01;30.1;61.7;1520;19;5;3.56;dos
1.779.164.625.015;295721;ESP32-IDS-01;29.9;63.9;380;371;526;2.4;dos
1.779.160.261.951;106371;ESP32-IDS-01;30.7;61.1;10000;9999;0;1.54;dos
1.779.148.312.647;117141;ESP32-IDS-01;28.3;70.3;312;20;0;0.8;normal
1779159178.57;113142;ESP32-IDS-01;30.5;60.7;10000;9999;0;2.96;dos
1779149603.7;1408237;ESP32-IDS-01;29.1;67.7;745;20;2;1.0;normal
1779149534.48;1339017;ESP32-IDS-01;29.0;68.0;842;19;1;0.4;normal
1.779.145.651.244;918178;ESP32-IDS-01;28.4;65.4;863;19;3;1.9;normal
1.779.145.357.635;624555;ESP32-IDS-01;28.3;68.7;973;20;0;2.3;normal
1.779.146.127.219;70062;ESP32-IDS-01;28.6;64.8;993;19;2;2.5;normal
1779150074.4;1878950;ESP32-IDS-01;28.9;67.8;533;21;1;2.1;dos
1779146562.07;58660;ESP32-IDS-01;28.6;64.9;799;19;2;3.2;normal
1779158024.3;177601;ESP32-IDS-01;30.2;61.0;989;17;0;4.82;dos
1.779.146.170.425;113270;ESP32-IDS-01;28.6;65.4;708;19;1;2.8;normal
1.779.148.473.077;277575;ESP32-IDS-01;28.7;69.5;967;20;3;3.2;normal
1.779.146.731.497;106922;ESP32-IDS-01;28.6;64.7;426;19;2;1.7;normal
1.779.158.236.939;387623;ESP32-IDS-01;30.3;60.9;1290;831;618;0.2;dos
1.779.148.522.204;326703;ESP32-IDS-01;28.7;69.5;609;20;0;1.2;normal
1.779.148.946.781;751272;ESP32-IDS-01;28.9;68.5;606;18;0;1.4;normal
1.779.154.640.276;307635;ESP32-IDS-01;30.1;62.3;10000;9999;0;1.95;dos
1.779.145.695.369;962303;ESP32-IDS-01;28.4;64.7;831;20;1;3.0;normal
1.779.158.596.389;75519;ESP32-IDS-01;30.1;61.5;9255;82;25;1.81;dos
1.779.151.979.346;1780257;ESP32-IDS-01;29.8;64.2;10000;390;1064;2.8;dos
1.779.167.120.178;159070;ESP32-IDS-01;28.8;53.4;786;20;1;0.2;dos
1.779.148.372.728;177222;ESP32-IDS-01;28.5;70.0;462;19;4;0.4;normal
1.779.148.878.979;683493;ESP32-IDS-01;28.9;68.5;810;20;1;2.9;normal
1.779.153.926.031;63083;ESP32-IDS-01;30.0;62.5;358;22;8;4.49;dos
1.779.148.306.301;110769;ESP32-IDS-01;28.3;70.3;360;29;15;1.5;normal
1.779.148.320.135;124580;ESP32-IDS-01;28.4;70.3;345;36;45;2.1;normal
1.779.154.920.361;188463;ESP32-IDS-01;30.0;62.5;840;27;8;1.49;dos
1.779.145.732.677;19695;ESP32-IDS-01;28.5;63.7;956;182;247;1.0;normal
1.779.148.931.506;735997;ESP32-IDS-01;28.9;68.5;873;19;1;3.2;normal
1.779.149.023.708;828220;ESP32-IDS-01;29.0;68.2;954;21;4;1.0;normal
1.779.146.476.797;104544;ESP32-IDS-01;28.6;62.3;941;19;2;0.4;normal
1.779.153.201.337;172455;ESP32-IDS-01;29.9;63.2;2369;233;453;0.3;dos
1.779.148.781.824;586312;ESP32-IDS-01;28.9;68.5;625;19;0;3.2;normal
1.779.155.948.806;78245;ESP32-IDS-01;30.0;62.2;791;399;507;2.96;dos
1779155767.03;35957;ESP32-IDS-01;30.0;62.2;10000;9999;0;1.56;dos
1.779.149.386.748;1191281;ESP32-IDS-01;29.0;68.1;619;19;1;1.4;normal
1.779.151.310.754;1112814;ESP32-IDS-01;29.9;64.5;769;21;0;0.1;dos
1.779.152.788.824;253778;ESP32-IDS-01;29.9;63.4;10000;9999;0;3.37;dos
1.779.149.014.339;818851;ESP32-IDS-01;29.0;68.2;320;22;4;3.4;normal
1.779.159.821.923;74949;ESP32-IDS-01;30.7;61.1;463;27;15;0.4;dos
1.779.154.423.409;102488;ESP32-IDS-01;30.1;62.4;1195;35;27;2.14;dos
1.779.146.412.093;39858;ESP32-IDS-01;28.7;63.6;785;20;0;3.2;normal
1.779.151.470.306;1272322;ESP32-IDS-01;30.0;64.0;660;30;16;1.9;dos
1.779.167.383.081;420258;ESP32-IDS-01;28.6;52.4;10000;583;759;3.47;dos
1.779.155.950.229;82765;ESP32-IDS-01;30.0;62.2;376;28;1;2.5;dos
1.779.148.444.714;249210;ESP32-IDS-01;28.7;69.6;924;20;0;1.5;normal
1.779.156.166.014;20726;ESP32-IDS-01;30.0;60.6;10000;53;25;0.1;dos
1.779.154.006.295;131633;ESP32-IDS-01;30.0;62.5;10000;2896;170;1.36;dos
1.779.154.823.023;85795;ESP32-IDS-01;30.0;62.3;2344;735;578;0.83;dos
1.779.148.496.842;301339;ESP32-IDS-01;28.7;69.5;991;19;3;3.0;normal
1.779.150.920.052;722079;ESP32-IDS-01;29.4;66.2;661;25;8;2.61;dos
1.779.148.815.525;620031;ESP32-IDS-01;28.9;68.5;777;21;5;0.7;normal
1.779.155.549.302;240079;ESP32-IDS-01;30.0;62.4;494;31;12;6.05;dos
1.779.159.832.388;80235;ESP32-IDS-01;30.7;61.1;958;834;1220;0.2;dos
1.779.150.521.591;323599;ESP32-IDS-01;29.1;67.4;898;23;20;1.31;dos
1.779.146.753.214;128643;ESP32-IDS-01;28.6;64.7;965;19;1;0.2;normal
1.779.146.193.429;136271;ESP32-IDS-01;28.6;63.4;982;18;2;2.9;normal
1.779.148.510.027;314519;ESP32-IDS-01;28.7;69.5;601;23;6;2.1;normal
1.779.155.507.049;197802;ESP32-IDS-01;30.0;62.3;848;28;11;3.06;dos
1.779.159.994.226;121100;ESP32-IDS-01;30.5;61.5;10000;1317;1758;2.84;dos
1.779.146.302.487;245329;ESP32-IDS-01;28.6;64.0;809;20;2;3.2;normal
1.779.145.459.638;726563;ESP32-IDS-01;28.3;68.6;317;20;0;1.5;normal
1779157483.68;50244;ESP32-IDS-01;30.2;61.5;322;41;12;5.51;dos
1.779.148.774.377;578886;ESP32-IDS-01;28.9;68.5;387;20;1;1.0;normal
1.779.145.118.433;385323;ESP32-IDS-01;28.2;69.1;759;20;1;3.2;normal
1.779.154.559.161;238293;ESP32-IDS-01;30.1;62.3;560;20;10;5.57;dos
1779148400.2;204676;ESP32-IDS-01;28.6;69.9;445;19;2;1.3;normal
1.779.152.834.521;303678;ESP32-IDS-01;29.9;63.3;10000;2543;3629;0.85;dos
1.779.153.602.108;566894;ESP32-IDS-01;30.0;62.7;10000;9999;0;1.5;dos
1.779.151.589.783;1391864;ESP32-IDS-01;29.9;64.2;534;17;2;2.4;dos
1.779.155.184.883;452971;ESP32-IDS-01;30.0;62.2;784;33;36;3.28;dos
1.779.146.219.441;162260;ESP32-IDS-01;28.6;64.0;959;19;3;1.0;normal
1.779.153.244.874;219571;ESP32-IDS-01;30.0;63.0;581;44;11;2.9;dos
1.779.146.604.797;101359;ESP32-IDS-01;28.7;63.4;516;20;1;1.9;normal
1.779.145.335.557;602475;ESP32-IDS-01;28.3;68.1;542;21;3;0.2;normal
1.779.164.663.646;326319;ESP32-IDS-01;29.9;63.9;10000;3056;1812;2.0;dos
1.779.148.243.813;48306;ESP32-IDS-01;28.0;69.6;385;19;4;1.5;normal
1.779.145.507.338;774260;ESP32-IDS-01;28.3;67.4;320;21;1;1.8;normal
1.779.166.425.124;91843;ESP32-IDS-01;29.8;55.0;486;29;4;6.52;dos
1.779.148.239.108;43598;ESP32-IDS-01;28.0;69.5;701;20;2;0.8;normal
1.779.151.344.077;1146141;ESP32-IDS-01;29.9;64.4;352;20;0;2.9;dos
1.779.149.117.391;921917;ESP32-IDS-01;28.9;68.3;737;18;2;0.9;normal
1779149608.95;1413488;ESP32-IDS-01;29.0;67.7;618;20;0;1.6;normal
1.779.146.442.588;70334;ESP32-IDS-01;28.7;63.7;672;19;1;2.2;normal
1.779.150.873.808;674997;ESP32-IDS-01;29.5;66.2;1404;301;409;0.81;dos
1.779.152.421.195;2201734;ESP32-IDS-01;29.9;63.9;581;9999;0;2.62;dos
1.779.149.538.559;1343066;ESP32-IDS-01;29.0;68.0;804;20;1;2.9;normal
1.779.148.746.101;550605;ESP32-IDS-01;29.0;68.4;300;20;1;2.0;normal
1.779.145.695.369;962303;ESP32-IDS-01;28.4;64.7;831;20;1;3.0;normal
1.779.165.729.666;1389835;ESP32-IDS-01;31.4;58.2;10000;2700;484;2.88;dos
1.779.148.332.003;136500;ESP32-IDS-01;28.4;70.3;982;19;3;2.9;normal
1.779.145.754.563;42064;ESP32-IDS-01;28.5;64.0;467;20;1;2.1;normal
1.779.149.524.562;1329063;ESP32-IDS-01;29.0;68.0;323;31;22;0.7;normal
1.779.149.470.189;1274718;ESP32-IDS-01;28.9;68.2;634;20;1;3.5;normal
1779165211.77;883555;ESP32-IDS-01;30.9;59.6;470;21;11;1.0;dos
1779154694.72;373836;ESP32-IDS-01;30.1;62.3;941;20;4;1.46;dos
1.779.157.021.609;154704;ESP32-IDS-01;30.0;62.4;10000;9999;0;3.2;dos
1779166634.83;180000;ESP32-IDS-01;29.3;54.7;2333;44;18;0.73;dos
1.779.145.095.137;362050;ESP32-IDS-01;28.2;69.8;691;20;0;1.9;normal
1779151467.39;1269435;ESP32-IDS-01;30.0;64.0;835;20;1;1.7;dos
1.779.145.534.564;801492;ESP32-IDS-01;28.4;71.1;520;20;2;1.0;normal
1.779.146.415.254;43016;ESP32-IDS-01;28.7;63.6;701;22;3;0.8;normal
1.779.145.239.102;505898;ESP32-IDS-01;28.3;69.2;495;52;38;3.3;normal
1.779.151.809.562;1611614;ESP32-IDS-01;29.8;64.5;436;21;13;3.69;dos
1.779.146.473.593;101364;ESP32-IDS-01;28.6;62.8;320;19;3;1.7;normal
1.779.166.557.556;102796;ESP32-IDS-01;29.4;55.0;481;28;9;2.3;dos
1779153387.53;362349;ESP32-IDS-01;30.1;62.6;410;22;4;3.34;dos
1.779.149.033.514;837998;ESP32-IDS-01;29.0;68.2;601;21;2;1.1;normal
1779153343.04;317718;ESP32-IDS-01;30.1;62.7;1220;72;31;1.22;dos
1.779.166.956.035;498368;ESP32-IDS-01;29.0;53.7;3229;305;186;2.71;dos
1.779.148.859.028;663539;ESP32-IDS-01;28.9;68.6;892;20;1;3.4;normal
1.779.146.355.712;37742;ESP32-IDS-01;28.7;63.5;795;20;0;2.0;normal
1.779.164.888.053;559822;ESP32-IDS-01;30.5;61.5;342;26;15;11.87;dos
1.779.159.373.685;184879;ESP32-IDS-01;30.5;61.2;989;28;17;3.81;dos
1.779.149.186.967;991494;ESP32-IDS-01;28.8;68.5;883;19;3;0.7;normal
1.779.149.042.394;846885;ESP32-IDS-01;29.0;68.2;669;20;2;1.9;normal
1.779.157.828.826;23064;ESP32-IDS-01;30.3;60.9;10000;9999;0;1.58;dos
1779156219.28;76242;ESP32-IDS-01;30.0;61.9;972;18;2;6.64;dos
1.779.149.158.678;963202;ESP32-IDS-01;28.8;68.4;611;19;1;2.8;normal
1.779.152.717.326;194089;ESP32-IDS-01;29.9;63.4;796;21;12;1.76;dos
1.779.164.741.436;389096;ESP32-IDS-01;30.2;62.9;395;9999;0;0.5;dos
1.779.148.597.962;402436;ESP32-IDS-01;28.8;69.2;593;20;1;0.5;normal
1.779.159.818.498;70377;ESP32-IDS-01;30.7;61.0;5199;400;544;1.19;dos
1.779.149.724.985;1529506;ESP32-IDS-01;29.0;67.9;890;19;3;0.1;normal
1.779.145.753.492;40996;ESP32-IDS-01;28.5;64.0;934;20;0;2.5;normal
1.779.146.193.429;136271;ESP32-IDS-01;28.6;63.4;982;18;2;2.9;normal
1.779.148.750.253;554700;ESP32-IDS-01;29.0;68.4;508;32;21;2.4;normal
1.779.145.749.897;37399;ESP32-IDS-01;28.5;66.6;795;20;1;2.0;normal
1.779.146.474.303;102071;ESP32-IDS-01;28.6;62.8;707;20;0;2.9;normal
1779158780.26;40603;ESP32-IDS-01;30.2;61.5;4023;62;10;1.85;dos
1779154049.87;173194;ESP32-IDS-01;30.0;62.5;10000;9999;0;3.18;dos
1.779.149.784.766;1589309;ESP32-IDS-01;29.0;67.8;616;20;2;2.5;normal
1.779.145.222.437;489332;ESP32-IDS-01;28.3;68.9;792;24;6;2.6;normal
1.779.153.294.076;266204;ESP32-IDS-01;30.0;62.8;3479;926;1361;0.7;dos
1.779.149.605.762;1410303;ESP32-IDS-01;29.1;67.7;876;19;1;3.5;normal
1779160001.19;134212;ESP32-IDS-01;30.5;61.5;795;18;1;4.52;dos
1.779.157.574.232;47304;ESP32-IDS-01;30.2;61.4;479;19;3;1.5;dos
1.779.146.806.858;22324;ESP32-IDS-01;28.6;63.6;602;20;0;0.2;normal
1.779.148.292.242;96737;ESP32-IDS-01;28.2;70.4;723;19;3;3.1;normal
1.779.156.625.275;317823;ESP32-IDS-01;30.1;61.7;571;27;10;1.5;dos
1.779.156.046.165;48108;ESP32-IDS-01;30.1;62.0;667;116;269;3.5;dos
1.779.148.752.192;556701;ESP32-IDS-01;29.0;68.4;719;20;0;2.3;normal
1.779.152.713.164;189841;ESP32-IDS-01;29.9;63.4;300;47;69;2.4;dos
1.779.148.457.337;261577;ESP32-IDS-01;28.7;69.6;770;106;126;0.5;normal
1.779.150.824.149;623977;ESP32-IDS-01;29.5;66.2;2523;737;923;2.3;dos
1.779.145.693.713;960606;ESP32-IDS-01;28.4;64.7;747;33;39;0.2;normal
1.779.149.639.574;1444116;ESP32-IDS-01;29.0;67.7;600;19;2;1.6;normal
1.779.154.138.398;275119;ESP32-IDS-01;30.0;62.5;6625;128;104;2.75;dos
1.779.159.004.461;76859;ESP32-IDS-01;30.5;60.6;10000;2094;1274;2.5;dos
1.779.146.583.672;80258;ESP32-IDS-01;28.6;63.6;626;20;0;3.3;normal
1.779.150.248.773;50802;ESP32-IDS-01;28.9;67.9;873;19;1;1.3;dos
1.779.149.053.021;857515;ESP32-IDS-01;29.0;68.2;393;20;1;3.1;normal
1.779.148.842.636;647142;ESP32-IDS-01;28.9;68.6;303;20;0;1.0;normal
1.779.146.681.001;56424;ESP32-IDS-01;28.7;63.9;918;19;1;1.7;normal
1.779.153.514.035;488756;ESP32-IDS-01;30.0;62.6;784;45;10;5.83;dos
1.779.145.210.524;477437;ESP32-IDS-01;28.3;68.5;731;20;4;1.8;normal
1.779.153.800.403;137932;ESP32-IDS-01;30.0;62.5;549;34;25;5.22;dos
1.779.151.279.895;1081956;ESP32-IDS-01;29.9;64.6;542;20;0;3.2;dos
1.779.148.586.678;391180;ESP32-IDS-01;28.7;69.4;741;20;0;2.7;normal
1779145471.26;738195;ESP32-IDS-01;28.3;68.8;321;17;1;3.2;normal
1.779.152.338.668;2132083;ESP32-IDS-01;29.9;64.0;10000;1989;21;3.1;dos
1.779.148.686.535;491038;ESP32-IDS-01;28.9;68.8;658;21;3;1.2;normal
1.779.166.589.503;121316;ESP32-IDS-01;29.4;55.0;10000;9999;0;0.87;dos
1.779.155.596.446;7177;ESP32-IDS-01;30.1;60.8;466;23;6;0.1;dos
1.779.149.374.397;1178926;ESP32-IDS-01;29.0;68.2;825;20;1;3.4;normal
1.779.167.091.395;130075;ESP32-IDS-01;28.8;53.1;590;90;110;3.1;dos
1.779.152.849.693;326443;ESP32-IDS-01;30.0;63.1;3256;28;5;2.51;dos
1.779.165.430.521;1102280;ESP32-IDS-01;31.1;59.1;935;26;13;2.0;dos
1.779.158.603.393;83843;ESP32-IDS-01;30.1;61.6;1360;370;514;1.74;dos
1.779.146.014.773;197035;ESP32-IDS-01;28.6;61.8;908;20;0;2.1;normal
1.779.158.873.096;45018;ESP32-IDS-01;30.4;61.0;7799;36;7;1.5;dos
1.779.148.262.654;67120;ESP32-IDS-01;28.1;70.1;841;19;4;1.9;normal
1.779.148.942.996;747513;ESP32-IDS-01;28.9;68.5;428;19;3;0.4;normal
1.779.146.282.047;224867;ESP32-IDS-01;28.6;64.6;849;19;1;0.6;normal
1.779.150.450.645;235558;ESP32-IDS-01;28.9;68.0;750;1854;969;2.3;dos
1.779.150.911.289;705304;ESP32-IDS-01;29.4;66.2;10000;1525;2977;0.55;dos
1.779.149.788.444;1592727;ESP32-IDS-01;29.0;67.8;492;99;118;2.9;normal
1.779.157.646.733;96355;ESP32-IDS-01;30.3;61.2;823;9999;0;4.12;dos
1.779.158.732.322;212650;ESP32-IDS-01;30.1;61.7;2794;397;547;1.16;dos
1.779.167.303.951;340817;ESP32-IDS-01;28.7;52.7;315;25;21;0.2;dos
1.779.150.426.068;228047;ESP32-IDS-01;28.8;68.0;830;29;12;1.8;dos
1.779.156.844.343;531298;ESP32-IDS-01;30.1;62.2;519;1223;1761;7.25;dos
1.779.155.203.328;460727;ESP32-IDS-01;30.0;62.3;895;1900;3705;2.82;dos
1.779.153.794.108;135159;ESP32-IDS-01;30.0;62.5;934;39;21;3.57;dos
1.779.145.485.314;752244;ESP32-IDS-01;28.3;66.4;346;17;1;1.2;normal
1779145379.22;646117;ESP32-IDS-01;28.3;68.7;370;20;1;3.4;normal
1.779.152.073.533;1875354;ESP32-IDS-01;29.8;64.4;331;95;57;9.44;dos
1.779.167.395.608;434422;ESP32-IDS-01;28.6;52.4;519;46;37;5.33;dos
1.779.154.961.545;229649;ESP32-IDS-01;30.0;62.5;604;28;10;3.66;dos
1779157518.66;82888;ESP32-IDS-01;30.2;61.5;1452;140;155;1.99;dos
1.779.149.200.702;1005196;ESP32-IDS-01;28.8;68.5;473;30;16;0.4;normal
1.779.153.823.926;145241;ESP32-IDS-01;30.0;62.5;7309;9999;0;0.44;dos
1.779.159.899.755;32543;ESP32-IDS-01;30.6;59.8;626;79;56;3.3;dos
1.779.155.367.574;58355;ESP32-IDS-01;30.0;62.3;571;24;24;0.5;dos
1.779.159.824.861;77775;ESP32-IDS-01;30.7;61.1;486;39;33;4.46;dos
1.779.146.687.384;62805;ESP32-IDS-01;28.6;64.2;535;20;1;1.0;normal
1.779.149.301.758;1106119;ESP32-IDS-01;28.9;68.3;703;74;86;2.6;normal
1.779.152.166.549;1968403;ESP32-IDS-01;29.9;64.3;7598;61;10;2.53;dos
1.779.166.921.791;464653;ESP32-IDS-01;29.1;53.7;780;150;119;2.38;dos
1.779.146.512.019;8607;ESP32-IDS-01;28.6;65.4;777;20;1;1.6;normal
1779157343.0;42338;ESP32-IDS-01;30.1;61.9;1363;65;51;2.23;dos
1.779.158.313.923;451608;ESP32-IDS-01;30.3;60.9;965;4060;189;1.24;dos
1.779.151.100.159;902162;ESP32-IDS-01;29.7;65.4;5232;27;16;0.29;dos
1.779.165.073.982;745610;ESP32-IDS-01;30.8;60.0;431;61;76;2.0;dos
1.779.146.568.524;65108;ESP32-IDS-01;28.6;64.4;889;20;2;2.3;normal
1.779.151.262.206;1064270;ESP32-IDS-01;29.9;64.7;833;19;1;2.8;dos
1.779.159.910.852;43815;ESP32-IDS-01;30.6;61.3;965;36;28;2.3;dos
1.779.158.730.969;209856;ESP32-IDS-01;30.1;61.7;6856;63;34;2.85;dos
1.779.159.817.006;65178;ESP32-IDS-01;30.7;61.0;657;951;1318;5.54;dos
1.779.149.287.643;1092171;ESP32-IDS-01;28.9;68.4;982;19;1;1.9;normal
1.779.157.036.652;180735;ESP32-IDS-01;30.0;62.4;971;718;1029;3.1;dos
1.779.152.040.126;1842178;ESP32-IDS-01;29.8;64.3;520;31;11;2.92;dos
1.779.148.297.172;101466;ESP32-IDS-01;28.3;70.3;516;78;87;1.9;normal
1.779.166.551.046;90812;ESP32-IDS-01;29.5;55.0;2342;214;286;3.33;dos
1.779.148.838.599;643114;ESP32-IDS-01;28.9;68.6;872;19;2;2.1;normal
1.779.145.191.681;458593;ESP32-IDS-01;28.3;69.2;610;21;1;1.6;normal
1779158294.73;448017;ESP32-IDS-01;30.4;60.9;345;29;14;5.0;dos
1.779.154.556.138;235258;ESP32-IDS-01;30.1;62.2;461;27;15;13.25;dos
1.779.165.962.739;61389;ESP32-IDS-01;31.4;57.6;10000;594;1069;1.04;dos
1.779.146.291.666;234512;ESP32-IDS-01;28.6;65.4;376;19;1;3.2;normal
1.779.145.165.207;432122;ESP32-IDS-01;28.3;71.9;516;20;0;1.5;normal
1.779.166.245.074;101411;ESP32-IDS-01;30.8;54.6;314;55;57;2.6;dos
1.779.164.473.055;144831;ESP32-IDS-01;29.6;64.7;955;21;3;1.8;dos
1.779.166.738.173;283432;ESP32-IDS-01;29.2;54.4;777;24;5;5.87;dos
1.779.150.973.129;774777;ESP32-IDS-01;29.6;65.9;495;154;136;0.4;dos
1.779.146.468.548;96315;ESP32-IDS-01;28.6;64.9;723;21;3;3.1;normal
1.779.152.710.661;187421;ESP32-IDS-01;29.9;63.4;840;30;19;0.3;dos
1.779.154.739.712;7803;ESP32-IDS-01;30.0;61.0;626;30;10;4.9;dos
1.779.146.328.242;10271;ESP32-IDS-01;28.7;63.4;732;20;0;0.9;normal
1.779.148.908.502;712992;ESP32-IDS-01;28.9;68.5;631;20;1;2.5;normal
1.779.146.423.492;51250;ESP32-IDS-01;28.7;62.5;989;23;5;2.8;normal
1.779.149.264.942;1069266;ESP32-IDS-01;28.9;68.4;420;78;92;2.5;normal
1.779.151.504.204;1306249;ESP32-IDS-01;30.0;64.0;922;20;1;1.3;dos
1.779.159.912.929;45927;ESP32-IDS-01;30.6;61.3;1205;25;5;2.33;dos
1.779.148.503.213;307710;ESP32-IDS-01;28.7;69.5;317;20;0;2.2;normal
1.779.151.569.427;1371499;ESP32-IDS-01;29.9;64.1;377;20;0;3.1;dos
1779145504.74;771662;ESP32-IDS-01;28.3;70.9;428;21;1;0.4;normal
1.779.153.208.718;183526;ESP32-IDS-01;30.0;63.0;551;19;3;3.11;dos
1.779.148.237.951;42442;ESP32-IDS-01;28.0;69.3;467;20;1;2.1;normal
1.779.146.182.379;125225;ESP32-IDS-01;28.6;65.5;425;19;1;1.6;normal
1779152617.95;94730;ESP32-IDS-01;30.0;63.4;2493;20;4;2.4;dos
1779148347.13;151626;ESP32-IDS-01;28.5;70.2;321;19;3;1.5;normal
1.779.151.555.425;1357501;ESP32-IDS-01;29.9;64.1;726;19;2;0.6;dos
1779150383.56;185476;ESP32-IDS-01;28.8;68.0;762;57;40;3.51;dos
1.779.151.943.827;1745763;ESP32-IDS-01;29.8;64.2;1238;68;32;2.11;dos
1.779.146.325.802;7838;ESP32-IDS-01;28.7;65.6;1188;17;2;3.3;normal
1.779.156.214.552;66128;ESP32-IDS-01;30.0;61.9;9307;1944;1687;2.51;dos
1779165828.02;77565;ESP32-IDS-01;31.4;57.9;10000;42;13;1.7;dos
1.779.164.478.078;149861;ESP32-IDS-01;29.6;64.7;312;18;1;0.8;dos
1.779.166.956.156;498368;ESP32-IDS-01;29.0;53.7;3229;305;186;2.71;dos
1.779.151.440.794;1242828;ESP32-IDS-01;30.0;64.1;453;23;9;1.1;dos
1.779.149.370.687;1175217;ESP32-IDS-01;29.0;68.2;452;20;1;3.5;normal
1.779.153.656.752;630547;ESP32-IDS-01;30.0;62.6;759;372;1045;4.54;dos
1.779.148.726.859;531340;ESP32-IDS-01;29.0;68.5;660;20;0;1.9;normal
1.779.159.150.175;93548;ESP32-IDS-01;30.5;60.9;958;18;1;1.24;dos
1.779.148.828.528;633034;ESP32-IDS-01;28.9;68.6;923;22;3;1.9;normal
1.779.145.663.129;930054;ESP32-IDS-01;28.4;66.7;699;20;1;3.4;normal
1.779.167.123.273;162143;ESP32-IDS-01;28.8;53.3;672;19;3;2.2;dos
1.779.148.510.618;315117;ESP32-IDS-01;28.7;69.5;598;20;0;0.5;normal
1.779.149.014.986;819480;ESP32-IDS-01;29.0;68.2;629;18;0;0.2;normal
1779166555.99;101194;ESP32-IDS-01;29.4;55.0;779;26;14;1.38;dos
1.779.146.091.937;34771;ESP32-IDS-01;28.5;66.3;995;22;1;2.2;normal
1.779.145.695.369;962303;ESP32-IDS-01;28.4;64.7;831;20;1;3.0;normal
1.779.148.572.363;376852;ESP32-IDS-01;28.7;69.4;406;24;6;0.3;normal
1.779.151.681.667;1483630;ESP32-IDS-01;29.8;64.6;789;42;29;3.47;dos
1.779.146.155.458;98299;ESP32-IDS-01;28.6;63.9;479;19;1;1.4;normal
1.779.151.422.303;1224366;ESP32-IDS-01;29.9;64.3;924;20;0;3.4;dos
1.779.165.020.945;692635;ESP32-IDS-01;30.6;60.6;6156;57;18;1.9;dos
1779148389.64;194137;ESP32-IDS-01;28.6;69.9;738;20;1;2.8;normal
1.779.158.655.764;137264;ESP32-IDS-01;30.1;61.9;326;18;2;4.37;dos
1.779.150.116.757;1921310;ESP32-IDS-01;28.9;67.9;425;20;0;1.7;dos
1.779.157.572.927;45918;ESP32-IDS-01;30.2;61.4;965;33;16;3.34;dos
1.779.148.484.264;288739;ESP32-IDS-01;28.7;69.5;553;19;1;0.2;normal
1.779.151.426.151;1228215;ESP32-IDS-01;29.9;64.3;611;20;3;0.3;dos
1.779.149.293.555;1098055;ESP32-IDS-01;28.9;68.3;412;20;1;1.1;normal
1779150087.44;1891981;ESP32-IDS-01;28.9;67.8;336;24;6;0.9;dos
1.779.164.670.357;342123;ESP32-IDS-01;30.0;63.3;759;26;12;4.54;dos
1.779.151.641.992;1439514;ESP32-IDS-01;29.8;64.4;791;31;4;4.56;dos
1.779.148.677.254;481736;ESP32-IDS-01;28.9;68.9;366;26;5;2.8;normal
1779152621.39;98139;ESP32-IDS-01;29.9;63.5;780;24;11;2.8;dos
1.779.151.150.428;952414;ESP32-IDS-01;29.8;65.0;739;29;6;2.05;dos
1.779.151.234.174;1035826;ESP32-IDS-01;29.8;64.9;3025;144;74;3.33;dos
1.779.148.996.004;800486;ESP32-IDS-01;29.0;68.2;344;31;16;3.1;normal
1779159276.04;74258;ESP32-IDS-01;30.5;60.8;10000;9999;0;0.25;dos
1.779.152.013.461;1800171;ESP32-IDS-01;29.8;64.4;974;3438;645;2.03;dos
1.779.155.139.541;402629;ESP32-IDS-01;30.1;62.2;1354;1018;2822;1.5;dos
1.779.150.834.727;635215;ESP32-IDS-01;29.5;66.2;906;532;742;1.3;dos
1.779.145.190.445;457355;ESP32-IDS-01;28.3;69.2;780;20;1;0.4;normal
1.779.159.013.399;94732;ESP32-IDS-01;30.5;60.6;463;395;567;0.4;dos
1.779.156.452.538;145082;ESP32-IDS-01;30.0;61.7;551;34;23;1.3;dos
1.779.149.491.497;1296005;ESP32-IDS-01;29.0;68.1;685;20;1;2.6;normal
1.779.154.246.575;42242;ESP32-IDS-01;30.0;62.6;1188;28;9;1.34;dos
1.779.149.056.956;861469;ESP32-IDS-01;29.0;68.2;912;20;1;3.4;normal
1.779.165.879.356;133781;ESP32-IDS-01;31.5;57.7;795;25;7;2.0;dos
1.779.156.488.084;179844;ESP32-IDS-01;30.0;61.7;4543;287;407;1.02;dos
1.779.165.388.968;1059741;ESP32-IDS-01;31.0;59.2;481;367;1053;2.0;dos
1.779.159.639.653;36967;ESP32-IDS-01;30.7;60.9;732;24;10;7.73;dos
1.779.146.370.698;52730;ESP32-IDS-01;28.7;65.1;933;19;1;0.3;normal
1.779.153.435.292;409928;ESP32-IDS-01;30.1;62.7;387;66;20;3.18;dos
1.779.148.331.024;135518;ESP32-IDS-01;28.4;70.3;717;20;0;3.4;normal
1.779.145.103.565;370469;ESP32-IDS-01;28.2;69.5;470;23;5;1.3;normal
1.779.148.927.802;732291;ESP32-IDS-01;28.9;68.5;997;20;1;0.3;normal
1.779.154.742.166;10236;ESP32-IDS-01;30.0;62.4;732;33;25;2.27;dos
1.779.167.006.274;45107;ESP32-IDS-01;28.8;53.1;686;26;13;3.26;dos
1.779.145.247.567;514456;ESP32-IDS-01;28.3;67.3;555;21;1;0.4;normal
1.779.151.338.492;1140340;ESP32-IDS-01;29.9;64.4;310;83;95;2.8;dos
1.779.146.246.751;189598;ESP32-IDS-01;28.6;65.2;810;19;1;1.6;normal
1.779.146.472.753;100528;ESP32-IDS-01;28.6;63.6;948;18;2;2.2;normal
1.779.151.475.444;1277444;ESP32-IDS-01;30.0;64.0;549;43;36;0.5;dos
1.779.151.510.293;1312368;ESP32-IDS-01;30.0;64.0;916;19;3;0.5;dos
1.779.148.335.137;139632;ESP32-IDS-01;28.4;70.3;752;20;1;0.9;normal
1779146229.19;172034;ESP32-IDS-01;28.6;63.3;673;19;1;1.1;normal
1779148896.28;700624;ESP32-IDS-01;28.9;68.5;768;76;167;0.2;normal
1.779.148.575.083;379588;ESP32-IDS-01;28.7;69.4;704;19;1;3.0;normal
1.779.165.705.374;1377168;ESP32-IDS-01;31.4;58.2;760;24;7;4.13;dos
1.779.158.288.872;439284;ESP32-IDS-01;30.3;60.9;6164;983;1410;2.96;dos
1.779.146.525.085;21675;ESP32-IDS-01;28.6;63.8;972;19;2;1.5;normal
1.779.151.846.733;1636864;ESP32-IDS-01;29.8;64.4;10000;9999;0;1.9;dos
1.779.151.317.213;1119251;ESP32-IDS-01;29.9;64.4;995;20;0;3.2;dos
1.779.146.779.258;154504;ESP32-IDS-01;28.7;61.9;371;79;89;2.9;normal
1.779.150.920.738;722735;ESP32-IDS-01;29.4;66.2;656;33;11;3.22;dos
1.779.157.074.347;220475;ESP32-IDS-01;30.0;62.4;2020;28;13;3.2;dos
1.779.151.276.795;1078857;ESP32-IDS-01;29.9;64.6;417;20;0;0.9;dos
1.779.156.439.842;131123;ESP32-IDS-01;30.1;61.7;2110;103;54;2.5;dos
1.779.151.536.141;1338185;ESP32-IDS-01;29.9;64.1;995;21;1;0.6;dos
1.779.167.478.261;517152;ESP32-IDS-01;28.6;52.4;355;21;4;12.57;dos
1.779.150.835.561;637572;ESP32-IDS-01;29.5;66.2;648;25;18;3.74;dos
1779148301.16;105655;ESP32-IDS-01;28.3;70.3;676;20;1;1.6;normal
1.779.148.668.153;472633;ESP32-IDS-01;28.9;68.9;704;19;1;3.0;normal
1.779.145.138.282;405171;ESP32-IDS-01;28.2;69.3;715;28;12;3.5;normal
1.779.146.006.456;188720;ESP32-IDS-01;28.6;64.8;775;20;1;3.4;normal
1.779.167.090.113;129004;ESP32-IDS-01;28.8;53.1;795;20;1;2.0;dos
1.779.152.577.563;54258;ESP32-IDS-01;29.9;63.5;972;44;41;3.56;dos
1.779.153.689.951;31014;ESP32-IDS-01;30.0;61.2;934;33;17;4.37;dos
1.779.148.796.701;601205;ESP32-IDS-01;28.9;68.5;538;21;1;1.5;normal
1.779.158.474.373;95431;ESP32-IDS-01;30.2;61.5;752;43;31;8.12;dos
1.779.158.290.934;444107;ESP32-IDS-01;30.3;60.9;851;37;10;0.1;dos
1.779.146.435.908;63680;ESP32-IDS-01;28.7;64.2;796;19;2;0.5;normal
1.779.151.306.967;1109030;ESP32-IDS-01;29.9;64.5;377;20;0;2.6;dos
1.779.156.272.197;129170;ESP32-IDS-01;30.1;61.8;467;24;16;2.1;dos
1.779.149.288.111;1092609;ESP32-IDS-01;28.9;68.4;438;21;2;1.3;normal
1.779.155.229.433;497537;ESP32-IDS-01;30.0;62.2;420;29;8;3.1;dos
1.779.151.498.681;1300751;ESP32-IDS-01;30.0;64.0;878;20;0;0.9;dos
1.779.157.391.477;90945;ESP32-IDS-01;30.1;61.7;480;26;6;2.48;dos
1.779.145.287.379;554272;ESP32-IDS-01;28.3;71.2;835;20;0;1.7;normal
1.779.149.590.133;1394672;ESP32-IDS-01;29.1;67.7;976;19;1;2.8;normal
1.779.145.702.254;969160;ESP32-IDS-01;28.5;65.9;594;20;1;1.1;normal
1.779.158.386.249;7348;ESP32-IDS-01;30.3;59.8;626;30;28;3.3;dos
1.779.148.796.158;600667;ESP32-IDS-01;28.9;68.5;669;20;0;3.5;normal
1.779.152.849.511;323187;ESP32-IDS-01;30.0;63.1;922;1057;1537;2.2;dos
1.779.146.027.208;209474;ESP32-IDS-01;28.6;64.2;755;20;1;3.3;normal
1.779.149.484.238;1288774;ESP32-IDS-01;28.9;68.2;387;19;2;1.8;normal
1.779.154.602.662;281755;ESP32-IDS-01;30.1;60.6;626;34;41;4.9;dos
1.779.146.354.619;36621;ESP32-IDS-01;28.7;63.5;779;20;1;0.1;normal
1.779.152.716.554;193293;ESP32-IDS-01;29.9;63.4;1213;27;15;4.32;dos
1.779.146.209.675;152493;ESP32-IDS-01;28.6;63.4;440;20;5;2.5;normal
1.779.166.958.615;502869;ESP32-IDS-01;29.0;53.7;1281;21;14;2.28;dos
1.779.150.562.736;364683;ESP32-IDS-01;29.2;67.2;580;31;44;0.6;dos
1.779.151.103.512;905492;ESP32-IDS-01;29.8;65.2;956;32;12;5.59;dos
1.779.153.152.889;127573;ESP32-IDS-01;29.9;63.1;1342;61;23;3.35;dos
1.779.149.599.412;1403894;ESP32-IDS-01;29.1;67.7;419;38;29;1.0;normal
1.779.149.694.414;1498927;ESP32-IDS-01;29.0;67.9;820;20;0;2.9;normal
1.779.149.611.999;1416527;ESP32-IDS-01;29.1;67.7;959;21;4;3.4;normal
1.779.157.667.603;140663;ESP32-IDS-01;30.3;61.2;379;23;20;5.58;dos
1.779.149.174.458;978984;ESP32-IDS-01;28.8;68.5;934;19;2;2.2;normal
1.779.146.555.361;51789;ESP32-IDS-01;28.6;64.0;989;73;85;2.8;normal
1.779.155.231.864;499945;ESP32-IDS-01;30.0;62.3;657;34;3;1.82;dos
1.779.149.453.199;1257733;ESP32-IDS-01;28.9;68.2;695;19;1;2.5;normal
1.779.152.754.225;230901;ESP32-IDS-01;30.0;63.3;1207;55;40;3.33;dos
1.779.165.925.402;31430;ESP32-IDS-01;31.5;57.5;474;31;16;1.6;dos
1.779.148.636.845;441306;ESP32-IDS-01;28.8;69.0;860;34;22;3.1;normal
1.779.148.379.287;183790;ESP32-IDS-01;28.5;70.0;339;17;1;0.7;normal
1.779.152.124.388;1926443;ESP32-IDS-01;29.9;64.3;702;26;8;7.37;dos
1.779.148.953.583;758097;ESP32-IDS-01;28.9;68.5;841;20;1;0.4;normal
1.779.148.372.728;177222;ESP32-IDS-01;28.5;70.0;462;19;4;0.4;normal
1.779.148.648.213;452693;ESP32-IDS-01;28.8;69.0;844;20;0;3.3;normal
1.779.165.204.732;873702;ESP32-IDS-01;30.9;59.6;4049;949;1333;2.35;dos
1.779.146.142.907;85733;ESP32-IDS-01;28.6;64.1;579;20;2;1.9;normal
1.779.149.033.514;837998;ESP32-IDS-01;29.0;68.2;601;21;2;1.1;normal
1.779.149.174.458;978984;ESP32-IDS-01;28.8;68.5;934;19;2;2.2;normal
1.779.145.737.387;24862;ESP32-IDS-01;28.5;65.5;486;20;1;2.4;normal
1.779.149.326.396;1129833;ESP32-IDS-01;28.9;68.3;537;384;546;1.9;normal
1.779.155.547.678;236431;ESP32-IDS-01;30.0;62.4;570;32;20;5.05;dos
1.779.156.807.726;500293;ESP32-IDS-01;30.0;62.2;410;30;12;4.24;dos
1.779.156.943.209;89316;ESP32-IDS-01;29.9;62.5;486;27;15;6.52;dos
1.779.151.349.789;1151829;ESP32-IDS-01;29.9;64.4;452;20;0;2.3;dos
1.779.146.308.467;251312;ESP32-IDS-01;28.6;63.8;368;20;1;2.2;normal
1.779.148.901.217;705726;ESP32-IDS-01;28.9;68.5;941;20;1;3.3;normal
1779149590.48;1395015;ESP32-IDS-01;29.1;67.7;343;20;0;1.0;normal
1779148385.34;189827;ESP32-IDS-01;28.5;70.0;810;23;9;1.6;normal
1779149719.08;1523605;ESP32-IDS-01;29.0;67.9;784;20;0;2.4;normal
1.779.145.928.268;110527;ESP32-IDS-01;28.6;64.6;976;21;2;3.5;normal
1.779.149.699.084;1503625;ESP32-IDS-01;29.0;67.9;988;20;1;3.2;normal
1.779.155.095.074;363156;ESP32-IDS-01;30.1;62.3;535;29;11;7.51;dos
1.779.145.516.182;783080;ESP32-IDS-01;28.4;68.5;834;20;1;0.9;normal
1.779.151.377.217;1179284;ESP32-IDS-01;29.9;64.3;634;19;1;3.2;dos
1.779.149.281.608;1086111;ESP32-IDS-01;28.9;68.4;361;19;1;0.8;normal
1.779.149.149.039;953562;ESP32-IDS-01;28.9;68.4;842;19;1;2.7;normal
1.779.151.579.411;1381484;ESP32-IDS-01;29.9;64.2;920;20;0;2.5;dos
1.779.145.592.905;859459;ESP32-IDS-01;28.4;68.4;1216;137;154;2.1;normal
1.779.153.924.698;61753;ESP32-IDS-01;30.0;62.5;515;23;5;1.3;dos
1.779.157.665.837;138840;ESP32-IDS-01;30.3;61.2;701;38;17;0.8;dos
1.779.148.970.719;775233;ESP32-IDS-01;28.9;68.4;480;21;1;0.5;normal
1.779.164.771.379;434384;ESP32-IDS-01;30.2;62.5;810;9999;0;1.6;dos
1.779.145.538.972;805897;ESP32-IDS-01;28.4;68.0;673;21;1;2.0;normal
1.779.145.664.108;931041;ESP32-IDS-01;28.4;66.7;448;20;1;2.8;normal
1.779.150.691.404;488066;ESP32-IDS-01;29.3;66.8;685;9999;0;3.0;dos
1.779.156.039.985;42231;ESP32-IDS-01;30.1;62.1;965;23;6;4.44;dos
1.779.148.894.565;699081;ESP32-IDS-01;28.9;68.5;857;17;0;3.4;normal
1.779.154.740.539;8580;ESP32-IDS-01;30.0;61.0;777;45;15;2.89;dos
1.779.156.537.502;230097;ESP32-IDS-01;30.0;61.8;786;18;1;1.47;dos
1.779.149.078.778;883299;ESP32-IDS-01;28.9;68.2;463;19;3;1.0;normal
1.779.146.581.847;78410;ESP32-IDS-01;28.6;63.6;892;20;0;3.5;normal
1.779.145.512.031;778929;ESP32-IDS-01;28.3;70.9;754;21;3;3.4;normal
1779165068.76;740477;ESP32-IDS-01;30.8;60.1;998;36;26;1.3;dos
1.779.151.559.422;1361468;ESP32-IDS-01;29.9;64.1;370;20;0;3.4;dos
1779145422.01;688884;ESP32-IDS-01;28.3;68.8;484;28;23;0.6;normal
1.779.156.264.364;121321;ESP32-IDS-01;30.1;61.9;995;25;9;4.21;dos
1.779.155.410.103;100787;ESP32-IDS-01;30.0;62.3;326;54;31;1.3;dos
1.779.146.396.972;24712;ESP32-IDS-01;28.7;63.6;486;20;0;2.4;normal
1.779.154.060.963;197942;ESP32-IDS-01;30.0;62.5;873;23;9;3.09;dos
1.779.150.426.815;228824;ESP32-IDS-01;28.8;68.0;777;24;8;3.3;dos
1.779.146.198.217;141059;ESP32-IDS-01;28.6;64.6;657;19;1;0.3;normal
1.779.152.760.235;236998;ESP32-IDS-01;29.9;63.4;494;22;9;4.02;dos
1.779.164.851.534;523309;ESP32-IDS-01;30.4;61.7;661;22;5;4.13;dos
1.779.158.877.883;49827;ESP32-IDS-01;30.5;60.7;801;17;1;2.9;dos
1.779.152.299.086;2100225;ESP32-IDS-01;29.9;64.1;509;317;757;8.56;dos
1.779.151.610.578;1394966;ESP32-IDS-01;29.9;64.2;711;9999;0;0.5;dos
1.779.148.810.523;615039;ESP32-IDS-01;28.9;68.5;533;18;2;0.8;normal
1.779.146.751.284;126710;ESP32-IDS-01;28.6;63.5;784;20;0;2.0;normal
1.779.158.649.485;130952;ESP32-IDS-01;30.0;61.8;4154;32;14;0.2;dos
1.779.148.998.754;803272;ESP32-IDS-01;29.0;68.2;747;20;1;2.2;normal
1.779.148.885.535;690050;ESP32-IDS-01;28.9;68.5;648;19;1;0.3;normal
1.779.158.154.204;305314;ESP32-IDS-01;30.3;60.6;667;80;12;9.3;dos
1.779.148.419.752;224247;ESP32-IDS-01;28.6;69.8;480;20;0;2.2;normal
1.779.148.230.825;35317;ESP32-IDS-01;27.9;69.0;995;20;1;2.2;normal
1.779.154.148.443;285468;ESP32-IDS-01;30.0;62.5;2475;32;5;2.0;dos
1.779.151.373.192;1175257;ESP32-IDS-01;29.9;64.3;712;20;0;2.4;dos
1.779.149.612.494;1417030;ESP32-IDS-01;29.1;67.7;503;20;1;0.8;normal
1779150089.39;1893672;ESP32-IDS-01;28.9;67.8;507;102;124;1.8;dos
1.779.145.275.836;542748;ESP32-IDS-01;28.2;69.2;924;22;2;0.4;normal
1.779.146.472.753;100528;ESP32-IDS-01;28.6;63.6;948;18;2;2.2;normal
1.779.155.820.086;98208;ESP32-IDS-01;30.1;62.2;1205;26;10;1.03;dos
1.779.151.983.488;1782355;ESP32-IDS-01;29.8;64.2;768;1061;1500;3.0;dos
1.779.156.898.051;44104;ESP32-IDS-01;29.9;62.4;978;46;37;2.82;dos
1.779.155.282.451;550576;ESP32-IDS-01;30.0;62.3;351;20;10;5.45;dos
1.779.155.099.143;367211;ESP32-IDS-01;30.1;62.3;707;41;29;2.9;dos
1.779.149.513.455;1317991;ESP32-IDS-01;29.0;68.0;716;19;1;0.7;normal
1.779.157.877.275;30199;ESP32-IDS-01;30.3;59.6;2379;138;153;3.3;dos
1779148363.07;167564;ESP32-IDS-01;28.5;70.1;413;20;2;2.8;normal
1.779.154.284.094;79870;ESP32-IDS-01;30.0;62.5;463;23;6;0.4;dos
1.779.148.321.744;126238;ESP32-IDS-01;28.4;70.3;784;20;2;2.0;normal
1.779.145.170.903;437804;ESP32-IDS-01;28.3;69.1;460;25;7;0.5;normal
1.779.152.307.368;2109444;ESP32-IDS-01;29.9;64.1;877;24;16;3.1;dos
1.779.149.345.485;1150016;ESP32-IDS-01;29.0;68.2;311;19;2;0.6;normal
1.779.151.274.447;1076476;ESP32-IDS-01;29.9;64.6;935;31;16;3.5;dos
1.779.146.193.804;136648;ESP32-IDS-01;28.6;63.4;377;19;1;1.2;normal
1.779.155.089.017;354426;ESP32-IDS-01;30.1;62.3;723;213;250;7.25;dos
1.779.145.629.626;896533;ESP32-IDS-01;28.4;65.4;733;19;1;3.5;normal
1.779.148.348.287;152722;ESP32-IDS-01;28.5;70.1;440;32;33;2.5;normal
1.779.164.835.767;505122;ESP32-IDS-01;30.3;62.0;10000;142;159;2.95;dos
1.779.145.220.347;487253;ESP32-IDS-01;28.3;68.9;901;21;8;1.7;normal
1.779.159.825.331;78346;ESP32-IDS-01;30.7;61.1;571;30;13;0.5;dos
1.779.148.346.265;150760;ESP32-IDS-01;28.5;70.2;307;20;0;0.8;normal
1.779.151.678.818;1480792;ESP32-IDS-01;29.8;64.6;655;43;12;1.7;dos
1.779.149.698.098;1502637;ESP32-IDS-01;29.0;67.9;446;19;1;3.2;normal
1.779.145.802.752;18677;ESP32-IDS-01;28.5;63.9;655;20;0;2.5;normal
1.779.149.102.587;907108;ESP32-IDS-01;28.9;68.3;638;20;0;1.0;normal
1.779.145.386.789;653708;ESP32-IDS-01;28.3;68.9;998;21;1;2.9;normal
1779167517.67;541722;ESP32-IDS-01;28.6;51.9;10000;9999;0;1.96;dos
1.779.165.463.227;1127419;ESP32-IDS-01;31.1;59.1;10000;1210;35;3.06;dos
1.779.148.222.304;26796;ESP32-IDS-01;27.9;68.6;931;19;1;0.9;normal
1779151237.09;1039152;ESP32-IDS-01;29.8;64.8;326;19;1;2.6;dos
1.779.158.243.543;396831;ESP32-IDS-01;30.3;60.9;752;21;5;8.52;dos
1.779.148.215.738;20231;ESP32-IDS-01;27.8;67.8;956;19;2;1.0;normal
1.779.145.507.338;774260;ESP32-IDS-01;28.3;67.4;320;21;1;1.8;normal
1779152985.96;462742;ESP32-IDS-01;29.9;63.1;377;19;3;1.2;dos
1.779.148.733.664;538174;ESP32-IDS-01;29.0;68.5;591;19;0;0.5;normal
1.779.148.758.801;563309;ESP32-IDS-01;28.9;68.5;696;20;3;0.7;normal
1.779.145.993.385;175648;ESP32-IDS-01;28.6;64.0;695;20;2;1.5;normal
1.779.148.862.181;666691;ESP32-IDS-01;28.9;68.6;791;20;0;3.3;normal
1779150144.36;1948897;ESP32-IDS-01;28.9;68.0;366;17;0;3.1;dos
1.779.156.393.688;85052;ESP32-IDS-01;30.1;61.8;1305;412;538;1.3;dos
1.779.146.116.237;59074;ESP32-IDS-01;28.5;64.1;553;20;2;2.0;normal
1.779.151.535.119;1337190;ESP32-IDS-01;29.9;64.1;815;20;0;1.8;dos
1.779.159.777.836;28816;ESP32-IDS-01;30.7;61.0;474;28;5;1.6;dos
1.779.155.958.369;90179;ESP32-IDS-01;30.0;62.2;808;22;4;0.2;dos
1.779.145.188.345;455262;ESP32-IDS-01;28.3;69.2;754;19;1;2.3;normal
1.779.152.532.007;8789;ESP32-IDS-01;30.0;61.8;777;19;3;1.6;dos
1.779.149.326.396;1129833;ESP32-IDS-01;28.9;68.3;537;384;546;1.9;normal
1.779.145.545.843;812770;ESP32-IDS-01;28.4;68.0;728;20;2;2.9;normal
1.779.150.337.504;139454;ESP32-IDS-01;28.8;68.0;560;41;24;2.0;dos
1.779.151.266.051;1068107;ESP32-IDS-01;29.9;64.7;609;21;1;1.2;dos
1.779.148.203.377;7873;ESP32-IDS-01;27.7;63.5;1225;17;2;3.3;normal
1.779.151.195.342;997345;ESP32-IDS-01;29.8;64.9;553;25;10;3.82;dos
1.779.148.506.833;311327;ESP32-IDS-01;28.7;69.5;610;21;6;0.1;normal
1.779.145.465.253;732180;ESP32-IDS-01;28.3;68.5;373;19;2;1.9;normal
1.779.154.418.611;95505;ESP32-IDS-01;30.0;62.4;3488;47;26;0.49;dos
1.779.149.020.417;824813;ESP32-IDS-01;29.0;68.2;329;60;61;0.5;normal
1.779.145.477.984;744909;ESP32-IDS-01;28.3;68.8;803;20;4;1.1;normal
1.779.166.516.532;61703;ESP32-IDS-01;29.5;54.9;480;39;28;0.4;dos
1.779.151.404.743;1206809;ESP32-IDS-01;29.9;64.3;631;20;0;2.5;dos
1.779.151.465.062;1267086;ESP32-IDS-01;30.0;64.0;409;19;1;1.9;dos
1.779.158.640.624;111046;ESP32-IDS-01;30.0;61.8;10000;9999;0;0.46;dos
1.779.156.491.908;181727;ESP32-IDS-01;30.0;61.7;918;38;61;6.06;dos
1.779.146.519.888;16438;ESP32-IDS-01;28.6;63.6;801;24;7;2.9;normal
1.779.145.306.959;573842;ESP32-IDS-01;28.3;67.2;409;24;10;0.4;normal
1.779.149.020.004;824484;ESP32-IDS-01;29.0;68.2;503;21;1;0.9;normal
1.779.146.300.038;242880;ESP32-IDS-01;14.3;173.0;743;19;2;1.0;normal
1.779.149.290.016;1094542;ESP32-IDS-01;28.9;68.4;662;20;0;3.5;normal
1.779.156.628.218;320803;ESP32-IDS-01;30.1;61.7;892;22;5;0.8;dos
1.779.146.404.944;32689;ESP32-IDS-01;28.7;63.1;780;19;2;2.8;normal
1.779.148.967.571;772087;ESP32-IDS-01;28.9;68.5;748;19;3;1.9;normal
1.779.149.084.145;888663;ESP32-IDS-01;28.9;68.3;903;20;0;1.6;normal
1.779.148.279.278;83775;ESP32-IDS-01;28.2;70.3;587;19;2;1.0;normal
1.779.148.521.622;326094;ESP32-IDS-01;28.7;69.5;988;20;1;2.2;normal
1.779.164.758.489;430195;ESP32-IDS-01;30.2;62.5;405;22;15;2.87;dos
1.779.158.515.992;137111;ESP32-IDS-01;30.2;61.5;934;26;14;3.57;dos
1.779.148.466.454;270953;ESP32-IDS-01;28.7;69.5;393;20;0;2.2;normal
1.779.152.793.312;268645;ESP32-IDS-01;29.9;63.3;362;486;502;6.26;dos
1.779.157.349.051;48467;ESP32-IDS-01;30.1;61.8;330;42;11;3.23;dos
1.779.153.151.233;124594;ESP32-IDS-01;29.9;63.1;6190;497;911;2.96;dos
1.779.152.123.676;1925741;ESP32-IDS-01;29.9;64.3;3923;27;16;3.25;dos
1779148421.21;225680;ESP32-IDS-01;28.6;69.8;584;29;9;0.6;normal
1.779.159.550.483;361643;ESP32-IDS-01;30.6;61.1;439;37;30;2.8;dos
1.779.150.514.913;316847;ESP32-IDS-01;29.1;67.5;438;52;26;2.4;dos
1.779.167.107.245;146140;ESP32-IDS-01;28.8;53.3;873;18;3;0.8;dos
1.779.149.456.486;1260994;ESP32-IDS-01;28.9;68.2;601;20;1;0.2;normal
1.779.151.906.843;1708830;ESP32-IDS-01;29.8;64.2;331;50;43;1.3;dos
1.779.145.543.724;810637;ESP32-IDS-01;28.4;71.2;606;21;1;3.3;normal
1.779.151.280.801;1082846;ESP32-IDS-01;29.9;64.6;890;26;12;1.7;dos
1.779.154.952.415;217240;ESP32-IDS-01;30.0;62.5;10000;394;391;2.48;dos
1.779.166.746.417;286264;ESP32-IDS-01;29.2;54.4;724;564;994;2.4;dos
1.779.152.038.038;1840068;ESP32-IDS-01;29.8;64.4;480;35;24;0.5;dos
1.779.157.125.752;271899;ESP32-IDS-01;30.0;62.4;903;29;19;4.61;dos
1.779.145.893.344;75587;ESP32-IDS-01;28.6;65.1;944;26;14;0.5;normal
1.779.159.363.885;164733;ESP32-IDS-01;30.5;61.1;10000;9999;0;0.35;dos
1.779.153.924.246;61238;ESP32-IDS-01;30.0;62.5;956;40;69;2.05;dos
1779158292.25;445531;ESP32-IDS-01;30.3;60.9;526;29;18;1.5;dos
1.779.149.509.485;1313821;ESP32-IDS-01;29.0;68.0;572;86;104;3.0;normal
1.779.145.667.897;934829;ESP32-IDS-01;28.4;65.6;687;20;1;0.3;normal
1.779.149.019.461;823981;ESP32-IDS-01;29.0;68.2;392;19;2;0.2;normal
1.779.145.588.571;855471;ESP32-IDS-01;28.4;68.5;940;20;0;1.8;normal
1.779.148.800.452;604962;ESP32-IDS-01;28.9;68.5;629;20;0;0.4;normal
1.779.146.167.665;110510;ESP32-IDS-01;28.6;65.6;360;19;1;1.5;normal
1.779.145.538.972;805897;ESP32-IDS-01;28.4;68.0;673;21;1;2.0;normal
1.779.155.730.904;9011;ESP32-IDS-01;30.0;62.2;924;24;2;4.38;dos
1.779.149.558.044;1362579;ESP32-IDS-01;29.0;67.9;470;20;1;1.2;normal
1.779.148.431.666;236161;ESP32-IDS-01;28.7;69.6;959;20;3;2.2;normal
1.779.145.813.317;29264;ESP32-IDS-01;28.5;66.1;876;21;1;2.0;normal
1.779.153.763.517;94064;ESP32-IDS-01;30.0;62.5;823;1494;174;4.12;dos
1.779.166.650.057;194243;ESP32-IDS-01;29.3;54.6;796;367;521;0.5;dos
1.779.157.738.206;30991;ESP32-IDS-01;30.3;61.0;10000;1703;3338;0.76;dos
1.779.165.042.613;704467;ESP32-IDS-01;30.7;60.4;988;9999;0;2.41;dos
1.779.158.916.356;85680;ESP32-IDS-01;30.5;60.7;10000;54;20;1.7;dos
1.779.148.522.204;326703;ESP32-IDS-01;28.7;69.5;609;20;0;1.2;normal
1.779.145.909.992;92243;ESP32-IDS-01;28.6;66.1;724;23;3;2.4;normal
1.779.155.659.589;7310;ESP32-IDS-01;30.0;60.8;626;9999;0;3.3;dos
1.779.149.505.726;1310259;ESP32-IDS-01;29.0;68.0;382;20;1;2.4;normal
1.779.149.420.964;1225478;ESP32-IDS-01;29.0;68.0;987;25;9;2.8;normal
1.779.145.592.396;858243;ESP32-IDS-01;28.4;68.5;876;381;532;1.2;normal
1.779.152.347.863;2146738;ESP32-IDS-01;29.9;64.0;2360;407;514;3.22;dos
1.779.154.374.294;53376;ESP32-IDS-01;30.0;62.4;655;27;28;8.61;dos
1.779.145.798.652;14603;ESP32-IDS-01;28.5;65.7;593;20;0;0.7;normal
1779145735.21;22709;ESP32-IDS-01;28.5;64.7;463;21;0;0.4;normal
1.779.146.130.855;73696;ESP32-IDS-01;28.6;65.9;903;19;1;3.5;normal
1.779.148.985.911;790430;ESP32-IDS-01;28.9;68.4;478;19;1;2.7;normal
1779145883.69;65950;ESP32-IDS-01;28.5;64.8;604;20;0;2.0;normal
1.779.145.468.622;735371;ESP32-IDS-01;28.3;66.0;905;78;88;0.3;normal
1.779.145.968.621;150878;ESP32-IDS-01;28.6;64.4;307;20;0;0.8;normal
1.779.149.266.035;1070523;ESP32-IDS-01;28.9;68.4;741;33;39;0.4;normal
1.779.145.852.224;34477;ESP32-IDS-01;28.5;65.2;314;22;4;2.6;normal
1.779.149.112.124;916629;ESP32-IDS-01;28.9;68.3;379;25;11;1.6;normal
1.779.152.520.151;2310268;ESP32-IDS-01;29.9;63.6;10000;9999;0;1.26;dos
1.779.146.090.627;33462;ESP32-IDS-01;28.5;66.3;737;21;4;0.8;normal
1.779.149.755.974;1560520;ESP32-IDS-01;29.0;67.8;322;19;1;0.5;normal
1.779.149.514.878;1319412;ESP32-IDS-01;29.0;68.0;470;20;0;1.3;normal
1.779.151.945.093;1747131;ESP32-IDS-01;29.8;64.2;868;30;19;1.4;dos
1.779.148.733.101;537583;ESP32-IDS-01;29.0;68.5;345;20;1;3.3;normal
1.779.146.466.179;93946;ESP32-IDS-01;28.6;65.0;892;21;1;0.8;normal
1.779.151.536.524;1338592;ESP32-IDS-01;29.9;64.1;407;21;1;0.7;dos
1.779.165.293.997;965760;ESP32-IDS-01;31.0;59.4;976;35;28;7.32;dos
1779148649.59;454095;ESP32-IDS-01;28.8;69.0;467;20;0;1.4;normal
1.779.156.714.435;406864;ESP32-IDS-01;30.1;61.7;772;35;23;1.1;dos
1.779.145.568.572;835497;ESP32-IDS-01;28.4;68.5;698;20;1;1.1;normal
1.779.152.455.552;2241522;ESP32-IDS-01;29.9;63.9;10000;9999;0;1.65;dos
1.779.165.205.752;877357;ESP32-IDS-01;30.9;59.7;658;33;12;9.58;dos
1.779.145.811.205;27156;ESP32-IDS-01;28.5;64.5;958;20;0;0.2;normal
1.779.148.454.997;259498;ESP32-IDS-01;28.7;69.6;445;19;1;1.9;normal
1.779.151.321.188;1123251;ESP32-IDS-01;29.9;64.4;762;20;0;2.6;dos
1.779.157.883.472;35373;ESP32-IDS-01;30.3;60.8;965;480;472;4.44;dos
1.779.151.679.173;1481220;ESP32-IDS-01;29.8;64.6;428;28;17;3.44;dos
1.779.145.668.484;935392;ESP32-IDS-01;28.4;65.4;563;20;2;2.8;normal
1779154965.04;233145;ESP32-IDS-01;30.0;62.5;560;23;8;5.57;dos
1779145163.86;430597;ESP32-IDS-01;28.3;71.8;903;19;1;2.7;normal
1.779.146.437.932;65634;ESP32-IDS-01;28.7;64.2;461;42;38;2.4;normal
1.779.152.797.291;270255;ESP32-IDS-01;29.9;63.3;1610;1292;1839;0.92;dos
1.779.145.306.515;573433;ESP32-IDS-01;28.3;69.0;944;20;0;0.7;normal
1.779.146.084.373;27208;ESP32-IDS-01;28.5;64.1;958;20;3;0.2;normal
1.779.148.461.203;265700;ESP32-IDS-01;28.7;69.5;916;20;1;1.6;normal
1.779.149.517.172;1321680;ESP32-IDS-01;29.0;68.0;341;20;1;0.5;normal
1.779.157.440.075;6680;ESP32-IDS-01;30.2;60.3;466;24;7;2.25;dos
1.779.166.871.071;416318;ESP32-IDS-01;29.2;54.3;9021;29;15;2.3;dos
1.779.145.666.552;933487;ESP32-IDS-01;28.4;65.6;706;19;3;0.5;normal
1.779.145.432.665;699549;ESP32-IDS-01;28.3;71.3;346;25;6;3.3;normal
1.779.146.660.505;35927;ESP32-IDS-01;28.7;63.2;560;20;0;1.4;normal
1.779.148.799.821;604333;ESP32-IDS-01;28.9;68.5;838;19;3;3.1;normal
1.779.148.922.821;727334;ESP32-IDS-01;28.9;68.5;722;19;3;3.1;normal
1.779.149.014.339;818851;ESP32-IDS-01;29.0;68.2;320;22;4;3.4;normal
1.779.145.903.275;85531;ESP32-IDS-01;28.6;65.3;991;22;4;0.4;normal
1.779.151.458.943;1261011;ESP32-IDS-01;30.0;64.0;459;20;0;2.3;dos
1.779.148.339.429;143903;ESP32-IDS-01;28.4;70.3;553;18;2;0.4;normal
1.779.149.599.412;1403894;ESP32-IDS-01;29.1;67.7;419;38;29;1.0;normal
1.779.145.176.553;443433;ESP32-IDS-01;28.3;68.6;739;23;9;3.4;normal
1.779.149.278.694;1083196;ESP32-IDS-01;28.9;68.4;602;20;1;1.7;normal
1.779.149.064.004;868497;ESP32-IDS-01;29.0;68.2;935;20;1;0.6;normal
1.779.154.919.256;187322;ESP32-IDS-01;30.0;62.5;581;22;7;4.62;dos
1779166511.14;55281;ESP32-IDS-01;29.5;53.8;602;377;532;1.86;dos
1.779.145.719.261;6711;ESP32-IDS-01;28.5;67.1;466;37;28;0.1;normal
1.779.145.939.877;122140;ESP32-IDS-01;28.6;62.9;898;20;1;0.2;normal
1.779.148.992.195;796699;ESP32-IDS-01;29.0;68.3;384;24;8;1.6;normal
1.779.146.187.172;129992;ESP32-IDS-01;28.6;61.4;580;19;2;0.6;normal
1.779.149.529.886;1334174;ESP32-IDS-01;29.0;68.0;930;96;116;0.3;normal
1.779.148.558.529;363006;ESP32-IDS-01;28.7;69.4;613;20;0;3.0;normal
1.779.154.318.699;110458;ESP32-IDS-01;30.0;62.5;10000;1345;1946;2.95;dos
1.779.146.032.559;214821;ESP32-IDS-01;28.6;66.1;661;21;1;1.1;normal
1.779.145.244.166;511057;ESP32-IDS-01;28.2;68.6;574;21;1;2.0;normal
1.779.155.909.132;41630;ESP32-IDS-01;30.0;62.2;314;45;21;1.5;dos
1.779.148.966.824;771339;ESP32-IDS-01;28.9;68.5;548;20;0;1.4;normal
1.779.149.343.916;1148417;ESP32-IDS-01;29.0;68.2;991;21;3;1.9;normal
1779153121.6;96431;ESP32-IDS-01;29.9;63.2;876;23;9;2.0;dos
1.779.157.254.842;81205;ESP32-IDS-01;30.1;62.2;602;34;19;0.2;dos
1.779.151.341.183;1143247;ESP32-IDS-01;29.9;64.4;820;20;0;3.5;dos
1.779.159.328.387;138520;ESP32-IDS-01;30.4;61.2;807;373;515;2.6;dos
1.779.155.807.089;82253;ESP32-IDS-01;30.0;62.2;10000;300;420;2.45;dos
1.779.145.825.763;8028;ESP32-IDS-01;28.5;67.3;1379;18;2;3.3;normal
1.779.149.641.723;1446237;ESP32-IDS-01;29.0;67.7;551;20;0;0.8;normal
1.779.156.407.452;100048;ESP32-IDS-01;30.1;61.8;326;16;1;4.37;dos
1779150297.17;99153;ESP32-IDS-01;28.8;67.9;747;32;12;5.28;dos
1779148854.63;659142;ESP32-IDS-01;28.9;68.6;972;19;1;0.9;normal
1.779.146.083.415;26250;ESP32-IDS-01;28.5;64.1;931;21;1;0.9;normal
1.779.148.912.581;717087;ESP32-IDS-01;28.9;68.5;937;20;1;2.0;normal
1.779.153.298.906;273693;ESP32-IDS-01;30.0;62.8;903;41;26;5.71;dos
1.779.145.962.585;144852;ESP32-IDS-01;28.6;62.3;831;19;2;2.6;normal
1.779.145.756.265;43769;ESP32-IDS-01;28.5;64.9;549;20;0;3.4;normal
1.779.145.268.751;535661;ESP32-IDS-01;28.2;67.6;793;22;8;0.9;normal
1.779.153.000.332;463515;ESP32-IDS-01;29.9;63.1;773;1027;1635;5.09;dos
1.779.146.195.419;138231;ESP32-IDS-01;28.6;62.9;400;18;2;1.2;normal
1779166057.75;161272;ESP32-IDS-01;31.5;56.1;2416;158;150;1.3;dos
1.779.150.696.389;498400;ESP32-IDS-01;29.4;66.8;688;25;3;3.25;dos
1.779.156.405.852;98383;ESP32-IDS-01;30.1;61.8;995;34;15;3.21;dos
1.779.165.795.233;49649;ESP32-IDS-01;31.4;58.0;322;25;7;5.51;dos
1.779.157.705.469;6660;ESP32-IDS-01;30.3;59.8;466;19;7;2.25;dos
1.779.149.734.923;1539467;ESP32-IDS-01;29.0;67.9;572;19;2;2.6;normal
1.779.151.493.799;1295843;ESP32-IDS-01;30.0;64.0;508;20;1;2.4;dos
1.779.151.371.112;1173175;ESP32-IDS-01;29.9;64.4;628;21;2;1.2;dos
1.779.148.788.001;592510;ESP32-IDS-01;28.9;68.5;656;20;1;2.1;normal
1.779.148.284.785;89280;ESP32-IDS-01;28.2;70.4;777;19;1;3.3;normal
1.779.145.868.187;50447;ESP32-IDS-01;28.5;66.4;697;20;0;2.8;normal
1.779.149.236.391;1040918;ESP32-IDS-01;28.9;68.5;697;19;2;0.6;normal
1.779.151.547.587;1349634;ESP32-IDS-01;29.9;64.1;300;27;11;2.0;dos
1.779.154.598.189;277326;ESP32-IDS-01;30.1;62.3;3460;21;9;2.29;dos
1.779.148.916.945;721457;ESP32-IDS-01;28.9;68.5;779;21;1;2.0;normal
1779164979.74;651452;ESP32-IDS-01;30.6;60.7;742;35;29;2.75;dos
1.779.149.575.315;1379851;ESP32-IDS-01;29.1;67.8;439;20;1;2.8;normal
1779145515.32;782246;ESP32-IDS-01;28.3;70.9;841;20;2;0.4;normal
1.779.157.756.492;57547;ESP32-IDS-01;30.3;60.9;1195;59;121;0.5;dos
1.779.159.523.783;324610;ESP32-IDS-01;30.6;61.0;830;9999;0;1.8;dos
1.779.150.078.868;1883365;ESP32-IDS-01;28.9;67.8;883;39;54;1.8;dos
1.779.145.283.383;550301;ESP32-IDS-01;28.3;68.9;941;20;1;0.3;normal
1.779.146.525.085;21675;ESP32-IDS-01;28.6;63.8;972;19;2;1.5;normal
1779148649.59;454095;ESP32-IDS-01;28.8;69.0;467;20;0;1.4;normal
1.779.145.999.491;181763;ESP32-IDS-01;28.6;63.9;701;18;1;0.1;normal
1.779.151.635.732;1437779;ESP32-IDS-01;29.8;64.4;933;28;17;3.97;dos
1.779.145.793.759;9708;ESP32-IDS-01;28.5;64.7;732;21;2;0.9;normal
1.779.152.033.601;1835626;ESP32-IDS-01;29.8;64.5;636;33;24;4.92;dos
1.779.166.425.649;92414;ESP32-IDS-01;29.8;55.0;571;24;9;0.5;dos
1.779.148.512.537;317037;ESP32-IDS-01;28.7;69.5;852;20;2;1.1;normal
1.779.150.067.048;1871600;ESP32-IDS-01;29.0;67.7;851;20;0;2.9;dos
1.779.150.096.819;1901371;ESP32-IDS-01;28.9;67.8;706;19;4;0.3;dos
1.779.146.097.997;40828;ESP32-IDS-01;28.5;63.5;934;20;2;2.5;normal
1.779.166.197.389;53794;ESP32-IDS-01;31.0;54.7;1282;31;20;1.78;dos
1.779.167.105.656;144521;ESP32-IDS-01;28.8;53.3;529;20;0;2.1;dos
1.779.145.264.993;531875;ESP32-IDS-01;28.2;67.1;796;22;3;0.7;normal
1.779.153.568.981;542738;ESP32-IDS-01;30.0;62.7;385;381;537;0.1;dos
1.779.148.233.765;38258;ESP32-IDS-01;28.0;69.1;481;19;0;2.3;normal
1.779.149.006.828;811347;ESP32-IDS-01;29.0;68.2;698;19;1;1.1;normal
1.779.157.652.297;125190;ESP32-IDS-01;30.2;61.3;1687;73;2;1.39;dos
1.779.148.776.799;581281;ESP32-IDS-01;28.9;68.5;355;19;1;2.7;normal
1.779.148.371.505;176001;ESP32-IDS-01;28.5;70.0;471;19;4;0.8;normal
1.779.165.968.695;74700;ESP32-IDS-01;31.4;57.6;358;48;41;12.87;dos
1779145910.51;92771;ESP32-IDS-01;28.6;66.1;528;20;0;2.9;normal
1.779.156.135.351;137576;ESP32-IDS-01;30.0;62.0;701;33;10;2.23;dos
1.779.146.475.021;102792;ESP32-IDS-01;28.6;62.8;721;20;1;2.3;normal
1.779.160.080.929;33227;ESP32-IDS-01;30.7;59.9;9053;42;12;3.41;dos
1.779.145.642.073;909001;ESP32-IDS-01;28.4;65.8;392;20;2;1.1;normal
1.779.148.924.027;728541;ESP32-IDS-01;28.9;68.5;446;20;1;3.2;normal
1779158503.17;116660;ESP32-IDS-01;30.2;61.5;10000;1373;140;2.86;dos
1.779.159.371.125;182324;ESP32-IDS-01;30.5;61.1;971;26;9;4.13;dos
1779150970.48;772516;ESP32-IDS-01;29.6;66.0;1266;19;3;2.19;dos
1.779.150.467.227;264585;ESP32-IDS-01;28.9;67.9;1393;170;188;2.12;dos
1.779.149.090.494;894989;ESP32-IDS-01;28.9;68.3;502;20;0;1.4;normal
1.779.166.665.643;195537;ESP32-IDS-01;29.3;54.6;1294;9999;0;3.07;dos
1.779.153.791.504;132633;ESP32-IDS-01;30.0;62.5;590;27;6;3.1;dos
1.779.165.970.832;76869;ESP32-IDS-01;31.4;57.6;728;31;17;2.67;dos
1.779.148.502.896;307393;ESP32-IDS-01;28.7;69.5;990;21;2;2.1;normal
1.779.146.534.865;31450;ESP32-IDS-01;28.6;62.9;823;21;1;2.9;normal
1.779.145.798.065;14010;ESP32-IDS-01;28.5;65.7;314;21;1;1.5;normal
1.779.146.074.911;17752;ESP32-IDS-01;28.5;63.0;330;19;1;0.2;normal
1.779.149.532.709;1337245;ESP32-IDS-01;29.0;68.0;713;19;1;2.4;normal
1779146723.15;98550;ESP32-IDS-01;28.6;63.5;410;19;2;0.9;normal
1.779.158.278.178;414437;ESP32-IDS-01;30.3;60.9;8513;9999;0;2.4;dos
1.779.148.306.301;110769;ESP32-IDS-01;28.3;70.3;360;29;15;1.5;normal
1.779.153.788.532;129662;ESP32-IDS-01;30.0;62.5;3827;27;1;1.66;dos
1.779.149.663.405;1467947;ESP32-IDS-01;29.0;67.8;992;19;2;2.2;normal
1.779.145.348.836;615735;ESP32-IDS-01;28.3;66.4;972;19;2;2.9;normal
1.779.146.306.604;249452;ESP32-IDS-01;28.6;64.9;447;19;1;2.1;normal
1.779.149.091.723;896242;ESP32-IDS-01;28.9;68.3;374;20;0;1.6;normal
1.779.153.205.607;179361;ESP32-IDS-01;30.0;63.0;873;378;1025;1.3;dos
1.779.145.920.364;102624;ESP32-IDS-01;28.6;66.2;707;20;0;2.9;normal
1.779.149.159.033;963555;ESP32-IDS-01;28.8;68.4;353;20;0;0.9;normal
1779149625.51;1430046;ESP32-IDS-01;29.0;67.7;450;20;0;3.1;normal
1.779.149.126.196;930713;ESP32-IDS-01;28.9;68.3;317;20;0;2.5;normal
1.779.159.374.643;185815;ESP32-IDS-01;30.5;61.2;936;25;19;2.44;dos
1779153831.73;169662;ESP32-IDS-01;30.0;62.5;1359;72;22;2.04;dos
1.779.148.655.358;459838;ESP32-IDS-01;28.9;69.0;920;19;3;3.1;normal
1.779.148.254.275;58766;ESP32-IDS-01;28.0;69.9;799;20;1;3.2;normal
1.779.145.222.437;489332;ESP32-IDS-01;28.3;68.9;792;24;6;2.6;normal
1.779.148.309.037;113529;ESP32-IDS-01;28.3;70.3;708;19;1;2.8;normal
1.779.167.084.691;115993;ESP32-IDS-01;28.8;53.1;10000;1323;2596;2.9;dos
1.779.164.749.034;419312;ESP32-IDS-01;30.2;62.8;656;154;114;7.97;dos
1.779.165.251.829;923549;ESP32-IDS-01;30.9;59.5;1167;42;54;3.06;dos
1.779.149.553.491;1358001;ESP32-IDS-01;29.0;67.9;914;20;0;2.6;normal
1.779.158.194.032;344558;ESP32-IDS-01;30.3;60.6;10000;55;38;2.97;dos
1.779.149.086.039;890560;ESP32-IDS-01;28.9;68.3;938;19;2;1.8;normal
1.779.146.133.704;76546;ESP32-IDS-01;28.5;64.7;494;20;1;2.0;normal
1.779.146.722.935;98140;ESP32-IDS-01;28.6;64.8;919;28;7;0.5;normal
1.779.153.703.403;44487;ESP32-IDS-01;30.0;62.6;801;20;2;5.4;dos
1.779.149.558.044;1362579;ESP32-IDS-01;29.0;67.9;470;20;1;1.2;normal
1.779.167.053.812;92661;ESP32-IDS-01;28.8;53.1;931;32;6;1.97;dos
1.779.153.117.613;92425;ESP32-IDS-01;29.9;63.1;571;29;17;4.0;dos
1.779.156.945.281;91430;ESP32-IDS-01;29.9;62.5;1543;29;9;1.55;dos
1.779.154.814.184;81173;ESP32-IDS-01;30.0;62.3;10000;44;5;0.6;dos
1.779.165.327.418;996124;ESP32-IDS-01;31.0;59.3;10000;68;78;2.65;dos
1.779.146.137.275;80119;ESP32-IDS-01;28.6;64.1;626;19;4;3.3;normal
1.779.153.559.955;531931;ESP32-IDS-01;30.0;62.7;657;960;1375;4.87;dos
1.779.148.774.377;578886;ESP32-IDS-01;28.9;68.5;387;20;1;1.0;normal
1.779.145.611.423;878345;ESP32-IDS-01;28.4;67.5;670;22;2;2.0;normal
1.779.149.767.432;1571976;ESP32-IDS-01;29.0;67.8;667;19;1;1.2;normal
1.779.165.206.555;878347;ESP32-IDS-01;30.9;59.7;990;22;8;3.11;dos
1.779.157.076.458;222617;ESP32-IDS-01;30.0;62.4;918;24;19;1.7;dos
1.779.153.614.657;589476;ESP32-IDS-01;30.0;62.6;917;33;24;0.7;dos
1.779.149.593.153;1397691;ESP32-IDS-01;29.1;67.7;720;20;1;2.4;normal
1.779.146.135.453;78271;ESP32-IDS-01;28.6;64.1;892;19;1;3.5;normal
1.779.148.949.514;754026;ESP32-IDS-01;28.9;68.5;768;21;2;3.0;normal
1.779.148.796.158;600667;ESP32-IDS-01;28.9;68.5;669;20;0;3.5;normal
1.779.150.744.591;545495;ESP32-IDS-01;29.5;66.3;381;390;560;2.8;dos
1.779.149.679.588;1484097;ESP32-IDS-01;29.0;67.8;423;20;2;3.0;normal
1.779.157.708.536;9719;ESP32-IDS-01;30.3;61.1;732;25;7;0.9;dos
1.779.158.249.047;402312;ESP32-IDS-01;30.3;60.9;708;27;5;5.62;dos
1.779.164.482.959;154742;ESP32-IDS-01;29.7;64.7;898;18;0;0.2;dos
1.779.151.716.846;1516157;ESP32-IDS-01;29.8;64.6;1322;62;65;2.9;dos
1.779.154.515.402;194385;ESP32-IDS-01;30.1;62.3;768;26;11;2.0;dos
1.779.150.831.061;633038;ESP32-IDS-01;29.5;66.2;611;38;14;7.91;dos
1779151119.08;910546;ESP32-IDS-01;29.8;65.1;988;9999;0;1.4;dos
1779165064.94;733458;ESP32-IDS-01;30.7;60.3;1583;53;25;2.5;dos
1.779.157.747.625;44547;ESP32-IDS-01;30.3;61.0;820;64;57;5.36;dos
1.779.148.754.223;558730;ESP32-IDS-01;29.0;68.4;926;20;0;3.2;normal
1.779.166.679.499;223561;ESP32-IDS-01;29.3;54.6;6564;400;509;2.55;dos
1.779.149.473.386;1277873;ESP32-IDS-01;28.9;68.2;360;35;25;3.1;normal
1.779.151.147.364;949360;ESP32-IDS-01;29.8;65.0;998;31;21;2.3;dos
1779159499.42;304512;ESP32-IDS-01;30.6;61.0;10000;1204;229;2.04;dos
1.779.145.965.814;148076;ESP32-IDS-01;28.6;64.7;385;20;1;0.1;normal
1.779.150.838.136;640116;ESP32-IDS-01;29.5;66.2;420;31;17;3.2;dos
1.779.153.727.495;55171;ESP32-IDS-01;30.0;62.6;6419;9999;0;1.66;dos
1.779.148.850.141;654651;ESP32-IDS-01;28.9;68.6;711;20;1;0.5;normal
1.779.148.768.384;572895;ESP32-IDS-01;28.9;68.5;900;20;1;1.4;normal
1.779.146.563.415;59981;ESP32-IDS-01;28.6;64.0;768;18;2;2.0;normal
1.779.145.100.816;367729;ESP32-IDS-01;28.2;69.8;890;20;1;1.7;normal
1.779.146.680.094;55506;ESP32-IDS-01;28.7;63.9;351;23;7;0.8;normal
1.779.154.468.464;147525;ESP32-IDS-01;30.1;62.4;873;31;18;3.59;dos
1.779.151.504.862;1306928;ESP32-IDS-01;30.0;64.0;679;21;2;1.0;dos
1.779.165.878.304;132660;ESP32-IDS-01;31.5;57.7;3937;38;30;0.1;dos
1.779.145.130.009;396928;ESP32-IDS-01;28.2;69.4;309;18;2;2.2;normal
1.779.148.239.656;44147;ESP32-IDS-01;28.0;69.5;549;20;0;3.4;normal
1.779.153.912.691;32121;ESP32-IDS-01;30.0;62.5;7433;9999;0;2.9;dos
1.779.152.176.104;1978001;ESP32-IDS-01;29.8;64.3;1201;79;90;1.33;dos
1.779.146.112.796;55636;ESP32-IDS-01;28.5;64.6;918;20;2;1.7;normal
1.779.148.723.969;528453;ESP32-IDS-01;29.0;68.5;835;19;1;1.7;normal
1.779.148.723.969;528453;ESP32-IDS-01;29.0;68.5;835;19;1;1.7;normal
1.779.146.802.257;17702;ESP32-IDS-01;28.6;64.4;330;36;28;0.2;normal
1.779.167.388.174;427036;ESP32-IDS-01;28.6;52.3;400;20;5;6.2;dos
1.779.166.536.691;62455;ESP32-IDS-01;29.5;55.0;752;9999;0;5.46;dos
1.779.146.428.447;56181;ESP32-IDS-01;28.7;62.6;581;23;7;2.9;normal
1.779.145.406.819;673741;ESP32-IDS-01;28.3;68.5;592;20;2;0.8;normal
1.779.146.650.494;25915;ESP32-IDS-01;28.7;64.2;571;20;1;0.5;normal
1.779.166.642.903;182195;ESP32-IDS-01;29.3;54.7;1396;416;520;2.72;dos
1.779.153.975.792;112831;ESP32-IDS-01;30.0;62.5;1154;23;18;2.6;dos
1.779.151.101.691;903729;ESP32-IDS-01;29.7;65.4;770;24;11;3.1;dos
1.779.155.235.305;503391;ESP32-IDS-01;30.0;62.3;831;28;20;5.01;dos
1.779.149.758.805;1563341;ESP32-IDS-01;29.0;67.8;875;22;11;0.1;normal
1.779.150.142.348;1946909;ESP32-IDS-01;28.9;68.0;888;18;0;0.5;dos
1.779.157.747.774;48952;ESP32-IDS-01;30.3;61.0;4405;27;14;0.43;dos
1779152264.42;2066468;ESP32-IDS-01;29.9;64.1;660;28;5;3.1;dos
1.779.159.504.677;315877;ESP32-IDS-01;30.6;61.0;626;21;9;6.49;dos
1.779.155.404.679;94291;ESP32-IDS-01;30.0;62.2;737;409;1026;0.8;dos
1.779.145.954.358;136618;ESP32-IDS-01;28.6;64.5;982;20;0;2.9;normal
1779153563.3;538130;ESP32-IDS-01;30.0;62.7;1196;30;16;3.84;dos
1779145989.44;171708;ESP32-IDS-01;28.6;64.6;643;19;3;0.5;normal
1.779.152.935.885;412538;ESP32-IDS-01;29.9;63.1;654;54;47;5.46;dos
1.779.164.471.348;143129;ESP32-IDS-01;29.6;64.7;976;18;3;3.5;dos
1.779.157.916.711;45778;ESP32-IDS-01;30.3;59.4;2315;2652;3038;0.63;dos
1.779.145.124.566;391477;ESP32-IDS-01;28.2;69.1;400;20;2;2.7;normal
1.779.148.842.339;646839;ESP32-IDS-01;28.9;68.6;569;21;1;0.6;normal
1779148691.4;495694;ESP32-IDS-01;28.9;68.7;565;21;4;0.1;normal
1.779.165.556.168;1226259;ESP32-IDS-01;31.2;58.8;9151;86;74;0.6;dos
1.779.151.102.486;904536;ESP32-IDS-01;29.7;65.4;807;20;4;2.2;dos
1.779.164.712.291;383008;ESP32-IDS-01;30.0;63.2;873;370;1041;2.75;dos
1.779.156.754.862;444363;ESP32-IDS-01;30.1;61.7;10000;1044;2888;1.59;dos
1.779.159.281.547;92734;ESP32-IDS-01;30.5;60.9;958;29;24;1.24;dos
1.779.165.253.786;925545;ESP32-IDS-01;30.9;59.5;345;33;14;3.9;dos
1779149722.01;1526558;ESP32-IDS-01;29.0;67.9;696;18;2;1.4;normal
1.779.148.244.783;49277;ESP32-IDS-01;28.0;69.6;971;19;2;3.1;normal
1.779.149.490.347;1294524;ESP32-IDS-01;28.9;68.1;750;138;181;0.8;normal
1.779.164.862.435;523965;ESP32-IDS-01;30.4;61.7;656;1772;1045;1.7;dos
1.779.148.641.073;445577;ESP32-IDS-01;28.8;69.0;729;20;1;1.6;normal
1.779.158.759.797;10234;ESP32-IDS-01;30.2;61.5;732;9999;0;3.63;dos
1.779.146.430.353;58121;ESP32-IDS-01;28.7;62.6;799;20;2;3.2;normal
1.779.158.110.633;263943;ESP32-IDS-01;30.3;60.8;560;20;5;10.93;dos
1.779.156.268.037;124986;ESP32-IDS-01;30.1;61.8;1205;25;4;2.3;dos
1.779.145.234.318;501231;ESP32-IDS-01;28.3;69.0;878;21;2;1.1;normal
1.779.146.451.955;79720;ESP32-IDS-01;28.6;65.0;626;21;2;3.3;normal
1.779.146.669.861;45284;ESP32-IDS-01;28.6;63.1;895;20;1;0.3;normal
1.779.152.546.176;14433;ESP32-IDS-01;30.0;63.5;965;9999;0;3.34;dos
1.779.154.739.107;7177;ESP32-IDS-01;30.0;61.0;466;29;10;2.25;dos
1.779.158.968.594;50909;ESP32-IDS-01;30.5;60.5;965;60;55;5.41;dos
1.779.156.299.123;144056;ESP32-IDS-01;30.0;61.8;10000;9999;0;0.8;dos
1.779.149.683.784;1488320;ESP32-IDS-01;29.0;67.8;871;21;1;0.7;normal
1779148712.42;516929;ESP32-IDS-01;29.0;68.6;924;19;1;0.4;normal
1.779.151.503.255;1305327;ESP32-IDS-01;30.0;64.0;875;19;2;1.9;dos
1.779.164.468.236;140019;ESP32-IDS-01;29.6;64.7;848;17;0;2.3;dos
1.779.149.759.859;1564403;ESP32-IDS-01;29.0;67.8;349;20;0;0.5;normal
1.779.166.095.257;200111;ESP32-IDS-01;31.5;57.6;10000;408;534;0.89;dos
1.779.145.369.675;636572;ESP32-IDS-01;28.3;68.5;327;20;0;0.6;normal
1.779.150.921.508;723524;ESP32-IDS-01;29.5;66.2;789;19;3;3.17;dos
1.779.148.762.777;567282;ESP32-IDS-01;28.9;68.5;785;20;2;0.2;normal
1.779.145.244.166;511057;ESP32-IDS-01;28.2;68.6;574;21;1;2.0;normal
1.779.166.552.408;96463;ESP32-IDS-01;29.5;55.0;5651;417;930;0.2;dos
1.779.153.743.748;79697;ESP32-IDS-01;30.0;62.5;1362;738;517;0.4;dos
1.779.148.709.222;513728;ESP32-IDS-01;28.9;68.7;678;20;5;1.9;normal
1.779.165.737.646;1405041;ESP32-IDS-01;31.4;58.2;10000;773;469;3.3;dos
1779145179.42;446316;ESP32-IDS-01;28.3;69.2;453;18;2;0.3;normal
1.779.148.886.849;691362;ESP32-IDS-01;28.9;68.5;960;20;0;1.2;normal
1.779.158.653.406;134604;ESP32-IDS-01;30.0;61.9;314;118;244;2.6;dos
1.779.148.498.509;302982;ESP32-IDS-01;28.7;69.5;743;21;1;0.2;normal
1779145504.74;771662;ESP32-IDS-01;28.3;70.9;428;21;1;0.4;normal
1.779.145.264.162;531079;ESP32-IDS-01;28.3;68.4;560;20;3;0.6;normal
1.779.149.020.417;824813;ESP32-IDS-01;29.0;68.2;329;60;61;0.5;normal
1.779.154.066.889;203920;ESP32-IDS-01;29.9;62.6;1226;23;5;2.82;dos
1.779.155.147.274;415377;ESP32-IDS-01;30.1;62.2;494;27;15;1.5;dos
1.779.150.431.062;233020;ESP32-IDS-01;28.9;68.0;836;39;33;6.88;dos
1.779.159.780.066;33026;ESP32-IDS-01;30.8;60.9;593;46;13;0.7;dos
1.779.146.112.796;55636;ESP32-IDS-01;28.5;64.6;918;20;2;1.7;normal
1.779.153.736.892;70017;ESP32-IDS-01;30.0;62.6;10000;1492;2855;1.77;dos
1.779.145.192.467;459353;ESP32-IDS-01;28.3;71.6;760;20;3;1.5;normal
1.779.149.483.105;1287638;ESP32-IDS-01;28.9;68.2;904;20;0;0.9;normal
1.779.150.557.294;355045;ESP32-IDS-01;29.1;67.4;2396;49;24;2.02;dos
1.779.148.244.783;49277;ESP32-IDS-01;28.0;69.6;971;19;2;3.1;normal
1.779.152.978.211;454853;ESP32-IDS-01;29.9;63.1;455;72;110;3.8;dos
1.779.146.151.764;94579;ESP32-IDS-01;28.6;65.5;457;20;2;3.5;normal
1.779.148.703.084;507376;ESP32-IDS-01;28.9;68.7;774;25;11;0.2;normal
1.779.150.333.666;133549;ESP32-IDS-01;28.8;67.9;6492;60;13;2.45;dos
1.779.148.942.996;747513;ESP32-IDS-01;28.9;68.5;428;19;3;0.4;normal
1.779.155.146.818;414883;ESP32-IDS-01;30.1;62.2;315;32;11;3.37;dos
1.779.149.734.375;1538895;ESP32-IDS-01;29.0;67.9;988;19;3;3.1;normal
1.779.164.798.767;464909;ESP32-IDS-01;30.2;62.4;4643;1892;1580;2.42;dos
1.779.154.786.763;54816;ESP32-IDS-01;30.0;62.3;376;38;20;5.16;dos
1.779.148.920.844;725360;ESP32-IDS-01;28.9;68.5;629;19;0;2.2;normal
1.779.146.465.286;93054;ESP32-IDS-01;28.6;65.0;836;21;1;0.9;normal
1.779.151.537.835;1339906;ESP32-IDS-01;29.9;64.1;973;20;0;2.3;dos
1.779.146.424.414;52183;ESP32-IDS-01;28.7;62.5;933;20;0;0.3;normal
1779148958.17;762658;ESP32-IDS-01;28.9;68.5;971;20;2;2.7;normal
1.779.149.578.315;1382852;ESP32-IDS-01;29.1;67.8;549;20;1;0.7;normal
1.779.153.766.046;94064;ESP32-IDS-01;30.0;62.5;823;1494;174;4.12;dos
1.779.150.157.407;1961965;ESP32-IDS-01;28.9;68.0;462;19;1;0.6;dos
1.779.165.794.923;49327;ESP32-IDS-01;31.4;58.0;330;32;10;0.2;dos
1.779.145.889.647;71897;ESP32-IDS-01;28.6;66.4;786;23;5;2.5;normal
1.779.146.711.655;87076;ESP32-IDS-01;28.6;63.6;613;20;0;0.3;normal
1.779.167.252.797;256610;ESP32-IDS-01;28.7;53.0;922;9999;0;3.28;dos
1.779.146.499.415;127161;ESP32-IDS-01;28.6;64.4;968;20;3;2.8;normal
1.779.153.567.574;542353;ESP32-IDS-01;30.0;62.7;674;37;28;3.88;dos
1.779.167.528.148;566998;ESP32-IDS-01;28.6;51.7;593;28;9;1.8;dos
1.779.145.974.544;156807;ESP32-IDS-01;28.6;64.4;477;20;1;2.5;normal
1.779.148.320.959;125454;ESP32-IDS-01;28.4;70.3;425;20;1;1.6;normal
1.779.156.128.399;130634;ESP32-IDS-01;30.0;62.0;4685;20;4;0.31;dos
1.779.151.497.808;1299873;ESP32-IDS-01;30.0;64.0;926;21;2;3.2;dos
1.779.146.534.865;31450;ESP32-IDS-01;28.6;62.9;823;21;1;2.9;normal
1.779.149.032.884;837397;ESP32-IDS-01;29.0;68.2;907;21;0;1.0;normal
1.779.159.775.372;28342;ESP32-IDS-01;30.7;61.0;898;40;19;2.61;dos
1.779.145.809.315;25267;ESP32-IDS-01;28.5;64.5;571;20;0;0.5;normal
1.779.158.777.908;36580;ESP32-IDS-01;30.2;61.5;10000;383;535;1.57;dos
1.779.145.142.971;409885;ESP32-IDS-01;28.2;67.1;973;20;0;2.2;normal
1.779.164.576.429;248204;ESP32-IDS-01;29.8;64.4;831;20;6;3.8;dos
1.779.155.292.825;550956;ESP32-IDS-01;30.0;62.3;380;9999;0;5.03;dos
1.779.150.052.928;1857478;ESP32-IDS-01;29.0;67.7;543;19;4;1.1;dos
1.779.150.516.402;318406;ESP32-IDS-01;29.1;67.5;787;28;17;4.27;dos
1.779.155.368.513;59286;ESP32-IDS-01;30.0;62.3;931;21;4;0.9;dos
1.779.151.341.798;1143840;ESP32-IDS-01;29.9;64.4;593;19;2;0.5;dos
1779145223.24;490155;ESP32-IDS-01;28.3;68.7;355;20;0;0.5;normal
1.779.149.320.193;1124724;ESP32-IDS-01;28.9;68.3;965;19;1;3.1;normal
1.779.145.330.143;597044;ESP32-IDS-01;28.3;67.5;916;26;14;0.5;normal
1.779.167.052.293;91159;ESP32-IDS-01;28.8;53.1;486;18;4;2.4;dos
1779158467.9;84137;ESP32-IDS-01;30.2;61.4;10000;597;396;2.56;dos
1.779.149.741.939;1546476;ESP32-IDS-01;29.0;67.9;954;19;1;1.4;normal
1779165029.99;701773;ESP32-IDS-01;30.7;60.4;916;26;10;2.69;dos
1.779.150.388.182;190146;ESP32-IDS-01;28.8;68.0;633;25;19;0.8;dos
1.779.153.424.871;395808;ESP32-IDS-01;30.1;62.6;2503;115;92;2.0;dos
1.779.154.510.497;189625;ESP32-IDS-01;30.1;62.4;351;24;24;3.65;dos
1.779.150.514.469;316409;ESP32-IDS-01;29.1;67.5;634;36;10;4.08;dos
1.779.145.439.161;706085;ESP32-IDS-01;28.3;68.7;955;20;0;2.4;normal
1.779.149.236.391;1040918;ESP32-IDS-01;28.9;68.5;697;19;2;0.6;normal
1.779.157.298.723;125169;ESP32-IDS-01;30.1;62.1;560;23;15;8.54;dos
1.779.164.978.916;650710;ESP32-IDS-01;30.5;61.0;648;22;5;4.74;dos
1.779.166.695.614;240808;ESP32-IDS-01;29.3;52.4;762;43;21;2.2;dos
1.779.146.437.932;65634;ESP32-IDS-01;28.7;64.2;461;42;38;2.4;normal
1.779.153.834.095;173193;ESP32-IDS-01;30.0;62.5;3531;703;1000;1.58;dos
1.779.148.549.717;354215;ESP32-IDS-01;28.7;69.5;979;21;1;2.6;normal
1.779.149.088.662;893180;ESP32-IDS-01;28.9;68.3;863;21;1;1.9;normal
1.779.148.508.582;313083;ESP32-IDS-01;28.7;69.5;941;20;1;2.4;normal
1.779.146.696.525;71944;ESP32-IDS-01;28.6;63.3;786;20;0;2.5;normal
1.779.146.450.564;78331;ESP32-IDS-01;28.6;65.0;460;21;1;0.5;normal
1.779.156.350.223;40639;ESP32-IDS-01;30.0;61.8;1775;47;6;1.8;dos
1779145555.87;822796;ESP32-IDS-01;28.4;68.0;358;20;0;3.0;normal
1.779.149.790.164;1594705;ESP32-IDS-01;29.0;67.8;907;20;1;1.9;normal
1.779.145.852.224;34477;ESP32-IDS-01;28.5;65.2;314;22;4;2.6;normal
1.779.151.809.395;1611178;ESP32-IDS-01;29.8;64.5;1217;119;154;4.12;dos
1.779.149.316.986;1121483;ESP32-IDS-01;28.9;68.3;903;22;4;1.3;normal
1.779.157.841.038;48338;ESP32-IDS-01;30.3;60.9;820;59;37;4.14;dos
1779150540.63;325812;ESP32-IDS-01;29.1;67.4;697;2277;1221;1.73;dos
1779151290.54;1092602;ESP32-IDS-01;29.9;64.5;443;20;1;2.5;dos
1.779.153.886.613;23616;ESP32-IDS-01;30.0;62.5;314;33;25;4.68;dos
1.779.152.266.038;2068075;ESP32-IDS-01;29.9;64.1;585;25;11;2.9;dos
1779155128.96;394902;ESP32-IDS-01;30.1;62.3;10000;63;26;2.37;dos
1.779.164.708.891;379647;ESP32-IDS-01;30.0;63.2;4488;27;1;3.22;dos
1.779.157.841.274;48668;ESP32-IDS-01;30.3;60.9;330;27;17;0.2;dos
1.779.149.790.164;1594705;ESP32-IDS-01;29.0;67.8;907;20;1;1.9;normal
1.779.149.349.389;1153735;ESP32-IDS-01;29.0;68.2;372;81;186;1.8;normal
1.779.167.112.659;151551;ESP32-IDS-01;28.8;53.5;300;19;1;2.4;dos
1.779.151.799.135;1595049;ESP32-IDS-01;29.8;64.5;10000;64;43;1.55;dos
1.779.155.909.677;42223;ESP32-IDS-01;30.0;62.2;593;34;29;2.39;dos
1.779.146.548.429;44999;ESP32-IDS-01;28.6;64.8;895;21;1;0.3;normal
1.779.165.067.956;739479;ESP32-IDS-01;30.7;60.3;731;114;243;3.24;dos
1.779.149.261.169;1065671;ESP32-IDS-01;28.9;68.5;308;19;1;2.6;normal
1.779.158.784.927;47425;ESP32-IDS-01;30.2;61.5;479;24;10;1.5;dos
1.779.155.053.479;321595;ESP32-IDS-01;30.0;62.4;777;24;13;3.3;dos
1.779.153.295.928;270731;ESP32-IDS-01;30.0;62.8;672;17;2;2.2;dos
1.779.149.564.662;1369199;ESP32-IDS-01;29.1;67.8;941;19;1;3.1;normal
1.779.155.385.648;63645;ESP32-IDS-01;30.0;62.3;1293;9999;0;0.97;dos
1.779.167.469.096;494162;ESP32-IDS-01;28.6;52.4;10000;9999;0;2.68;dos
1.779.155.505.405;196168;ESP32-IDS-01;30.0;62.3;841;23;7;4.28;dos
1.779.145.449.631;716554;ESP32-IDS-01;28.3;68.5;702;21;1;1.3;normal
1.779.149.477.755;1282286;ESP32-IDS-01;28.9;68.2;498;21;3;1.2;normal
1.779.158.295.615;448891;ESP32-IDS-01;30.4;60.9;425;28;17;1.6;dos
1779149448.78;1253306;ESP32-IDS-01;28.9;68.2;887;21;0;0.6;normal
1.779.145.512.835;779766;ESP32-IDS-01;28.3;70.9;837;18;2;1.8;normal
1.779.157.831.751;36405;ESP32-IDS-01;30.3;60.9;10000;587;724;1.67;dos
1779152170.83;1972865;ESP32-IDS-01;29.8;64.3;973;25;12;4.46;dos
1.779.146.643.932;19325;ESP32-IDS-01;28.7;61.9;655;20;0;2.5;normal
1779149798.16;1601604;ESP32-IDS-01;29.0;67.8;774;386;550;0.1;normal
1.779.149.810.133;1614676;ESP32-IDS-01;29.0;67.8;842;19;1;3.4;normal
1.779.158.385.639;6722;ESP32-IDS-01;30.3;59.8;466;28;33;2.25;dos
1.779.151.411.216;1213281;ESP32-IDS-01;29.9;64.3;536;20;0;0.2;dos
1.779.145.555.132;822063;ESP32-IDS-01;28.4;68.0;865;19;3;1.3;normal
1.779.156.662.793;352708;ESP32-IDS-01;30.1;61.7;922;559;1496;3.28;dos
1.779.145.798.065;14010;ESP32-IDS-01;28.5;65.7;314;21;1;1.5;normal
1.779.164.847.275;518911;ESP32-IDS-01;30.4;61.7;755;47;7;3.3;dos
1779150054.1;1858651;ESP32-IDS-01;29.0;67.7;760;20;2;0.8;dos
1.779.148.904.497;708985;ESP32-IDS-01;28.9;68.5;759;20;4;3.0;normal
1779158698.1;179597;ESP32-IDS-01;30.1;61.7;634;25;13;2.88;dos
1.779.166.152.741;9070;ESP32-IDS-01;31.3;55.7;777;44;40;4.17;dos
1.779.150.117.347;1921870;ESP32-IDS-01;28.9;67.9;560;30;16;1.3;dos
1.779.146.300.038;242880;ESP32-IDS-01;14.3;173.0;743;19;2;1.0;normal
1.779.149.376.628;1181163;ESP32-IDS-01;29.0;68.1;819;18;2;2.1;normal
1779149625.51;1430046;ESP32-IDS-01;29.0;67.7;450;20;0;3.1;normal
1.779.148.309.037;113529;ESP32-IDS-01;28.3;70.3;708;19;1;2.8;normal
1779155904.78;37328;ESP32-IDS-01;30.0;62.2;732;26;13;0.9;dos
1779153517.09;489724;ESP32-IDS-01;30.0;62.6;968;392;503;2.8;dos
1779149628.63;1433140;ESP32-IDS-01;29.0;67.7;840;20;4;0.6;normal
1.779.151.458.093;1260163;ESP32-IDS-01;30.0;64.0;934;20;0;0.3;dos
1.779.151.860.331;1662379;ESP32-IDS-01;29.8;64.4;584;21;10;6.12;dos
1.779.146.474.303;102071;ESP32-IDS-01;28.6;62.8;707;20;0;2.9;normal
1.779.145.954.358;136618;ESP32-IDS-01;28.6;64.5;982;20;0;2.9;normal
1.779.146.580.943;77518;ESP32-IDS-01;28.6;63.5;833;24;7;2.5;normal
1.779.149.045.614;850133;ESP32-IDS-01;29.0;68.2;440;20;1;1.2;normal
1.779.148.984.793;789309;ESP32-IDS-01;28.9;68.4;688;20;0;0.7;normal
1.779.149.080.252;884746;ESP32-IDS-01;28.9;68.3;743;20;0;1.6;normal
1.779.152.126.815;1928856;ESP32-IDS-01;29.9;64.3;330;21;6;2.7;dos
1.779.165.742.567;1414382;ESP32-IDS-01;31.4;58.1;548;25;11;2.22;dos
1.779.155.360.038;49622;ESP32-IDS-01;30.0;62.3;3045;61;20;2.83;dos
1.779.167.214.799;253345;ESP32-IDS-01;28.7;53.0;723;120;241;4.48;dos
1779165021.82;693410;ESP32-IDS-01;30.6;60.6;775;69;17;9.35;dos
1.779.148.719.043;523541;ESP32-IDS-01;29.0;68.5;681;20;1;0.7;normal
1.779.157.153.242;293076;ESP32-IDS-01;30.0;62.4;10000;682;1290;2.05;dos
1.779.150.246.921;48936;ESP32-IDS-01;28.9;67.9;379;24;4;0.3;dos
1.779.149.697.093;1501636;ESP32-IDS-01;29.0;67.9;445;19;1;2.7;normal
1.779.149.345.485;1150016;ESP32-IDS-01;29.0;68.2;311;19;2;0.6;normal
1.779.154.285.767;81537;ESP32-IDS-01;30.0;62.5;563;22;6;8.4;dos
1.779.166.057.636;161272;ESP32-IDS-01;31.5;56.1;2416;158;150;1.3;dos
1.779.153.691.055;31791;ESP32-IDS-01;30.0;61.2;777;136;146;6.75;dos
1.779.167.090.596;129485;ESP32-IDS-01;28.8;53.1;481;20;2;2.3;dos
1.779.145.993.856;176119;ESP32-IDS-01;28.6;64.0;471;19;3;0.8;normal
1.779.148.402.664;207161;ESP32-IDS-01;28.6;69.9;785;20;1;2.9;normal
1.779.145.943.325;125572;ESP32-IDS-01;28.6;63.2;425;25;14;1.6;normal
1.779.149.701.329;1505856;ESP32-IDS-01;29.0;67.9;535;25;18;1.5;normal
1.779.151.342.813;1144886;ESP32-IDS-01;29.9;64.4;730;17;2;3.4;dos
1.779.148.415.901;220400;ESP32-IDS-01;28.6;69.8;342;19;1;3.1;normal
1.779.148.742.164;546670;ESP32-IDS-01;29.0;68.4;520;21;1;1.4;normal
1.779.151.037.645;820699;ESP32-IDS-01;29.7;65.6;580;9999;0;3.52;dos
1.779.148.930.764;735124;ESP32-IDS-01;28.9;68.5;476;71;78;0.5;normal
1779165610.96;1282716;ESP32-IDS-01;31.3;58.5;524;40;10;1.2;dos
1.779.149.747.748;1552265;ESP32-IDS-01;29.0;67.8;733;20;0;3.3;normal
1.779.152.311.524;2113580;ESP32-IDS-01;29.9;64.0;301;21;9;0.6;dos
1.779.146.216.301;159142;ESP32-IDS-01;28.6;64.3;917;19;1;0.7;normal
1.779.145.284.596;551514;ESP32-IDS-01;28.3;69.2;378;20;0;1.1;normal
1779150468.35;270335;ESP32-IDS-01;28.9;67.9;922;33;24;4.37;dos
1.779.146.135.897;78731;ESP32-IDS-01;28.6;64.1;460;21;4;0.5;normal
1.779.148.563.865;368369;ESP32-IDS-01;28.7;69.4;743;19;1;0.5;normal
1.779.148.559.326;363828;ESP32-IDS-01;28.7;69.4;822;20;2;3.3;normal
1.779.145.519.911;786807;ESP32-IDS-01;28.4;68.7;971;21;2;2.7;normal
1.779.151.268.492;1070553;ESP32-IDS-01;29.9;64.7;976;20;0;2.2;dos
1779151402.95;1204992;ESP32-IDS-01;29.9;64.3;468;19;3;0.3;dos
1.779.157.124.677;269756;ESP32-IDS-01;30.0;62.4;518;384;520;7.06;dos
1.779.145.244.166;511057;ESP32-IDS-01;28.2;68.6;574;21;1;2.0;normal
1.779.149.440.004;1244511;ESP32-IDS-01;28.9;68.1;850;20;0;0.6;normal
1.779.148.476.192;280684;ESP32-IDS-01;28.7;69.5;738;22;6;0.1;normal
1.779.149.179.081;983579;ESP32-IDS-01;28.8;68.5;602;20;0;1.3;normal
1.779.152.761.992;238723;ESP32-IDS-01;29.9;63.4;892;26;3;4.62;dos
1.779.146.120.464;63284;ESP32-IDS-01;28.5;64.8;903;18;2;3.5;normal
1.779.159.956.136;89078;ESP32-IDS-01;30.5;61.5;486;35;17;4.46;dos
1.779.159.145.336;88643;ESP32-IDS-01;30.5;60.7;463;54;55;2.56;dos
1.779.150.939.868;730365;ESP32-IDS-01;29.5;66.2;945;9999;0;4.62;dos
1779148454.06;258555;ESP32-IDS-01;28.7;69.6;766;21;1;2.9;normal
1.779.151.943.525;1744525;ESP32-IDS-01;29.8;64.2;1350;365;519;3.04;dos
1.779.167.477.905;516797;ESP32-IDS-01;28.6;52.4;5790;23;10;2.57;dos
1779146648.87;24295;ESP32-IDS-01;28.7;63.7;728;19;1;1.3;normal
1.779.149.810.133;1614676;ESP32-IDS-01;29.0;67.8;842;19;1;3.4;normal
1.779.148.996.004;800486;ESP32-IDS-01;29.0;68.2;344;31;16;3.1;normal
1.779.166.872.703;417971;ESP32-IDS-01;29.1;52.3;901;22;7;0.3;dos
1.779.157.616.962;89948;ESP32-IDS-01;30.2;61.4;486;39;33;2.4;dos
1.779.149.500.911;1305413;ESP32-IDS-01;29.0;68.1;494;22;5;1.0;normal
1.779.148.406.346;210838;ESP32-IDS-01;28.6;69.9;317;21;1;1.9;normal
1.779.157.126.384;272469;ESP32-IDS-01;30.0;62.4;570;43;28;3.3;dos
1.779.159.233.524;44644;ESP32-IDS-01;30.6;60.7;5918;52;19;1.77;dos
1.779.153.705.253;46304;ESP32-IDS-01;30.0;62.6;330;48;44;0.2;dos
1.779.153.707.114;48237;ESP32-IDS-01;30.0;62.6;956;28;10;1.0;dos
1.779.167.300.653;339536;ESP32-IDS-01;28.7;52.9;787;18;2;4.27;dos
1.779.149.548.482;1353014;ESP32-IDS-01;29.0;67.9;654;20;0;2.2;normal
1779157486.42;53051;ESP32-IDS-01;30.2;61.5;1194;20;2;1.3;dos
1.779.146.498.421;126193;ESP32-IDS-01;28.6;63.2;784;19;3;2.0;normal
1.779.165.297.434;969237;ESP32-IDS-01;31.0;59.3;710;22;10;1.5;dos
1.779.145.765.641;52916;ESP32-IDS-01;28.5;65.1;529;88;102;2.1;normal
1.779.146.705.579;80997;ESP32-IDS-01;28.6;62.7;454;20;0;3.5;normal
1779145280.49;547384;ESP32-IDS-01;28.3;68.9;598;20;1;2.4;normal
1.779.164.709.206;380819;ESP32-IDS-01;30.0;63.2;1172;58;118;2.05;dos
1.779.148.680.625;485131;ESP32-IDS-01;28.9;68.8;669;20;0;0.9;normal
1.779.149.264.942;1069266;ESP32-IDS-01;28.9;68.4;420;78;92;2.5;normal
1.779.149.745.615;1550113;ESP32-IDS-01;29.0;67.9;305;34;21;2.2;normal
1.779.164.891.919;563669;ESP32-IDS-01;30.5;61.4;480;34;27;4.28;dos
1.779.152.205.948;1994926;ESP32-IDS-01;29.9;64.3;10000;9999;0;1.1;dos
1.779.156.525.604;203838;ESP32-IDS-01;30.0;61.8;10000;9999;0;1.07;dos
1.779.145.537.405;804332;ESP32-IDS-01;28.4;71.1;918;20;0;1.8;normal
1779159951.37;81518;ESP32-IDS-01;30.5;61.4;1429;47;2;2.0;dos
1.779.149.135.875;940374;ESP32-IDS-01;28.9;68.4;484;19;2;2.2;normal
1.779.157.842.309;49645;ESP32-IDS-01;30.3;60.9;655;35;15;5.55;dos
1.779.160.092.428;8612;ESP32-IDS-01;30.7;59.9;777;21;11;2.89;dos
1.779.145.933.901;116160;ESP32-IDS-01;28.6;64.6;772;21;1;1.1;normal
1.779.158.468.604;89749;ESP32-IDS-01;30.2;61.4;563;19;3;1.3;dos
1.779.153.565.218;540033;ESP32-IDS-01;30.0;62.7;519;33;13;5.33;dos
1.779.149.410.927;1215466;ESP32-IDS-01;29.0;68.1;318;17;1;2.7;normal
1.779.148.638.167;442642;ESP32-IDS-01;28.8;69.0;807;21;4;3.1;normal
1.779.159.241.576;52747;ESP32-IDS-01;30.5;60.8;515;27;11;1.3;dos
1.779.151.995.691;1797730;ESP32-IDS-01;29.8;64.4;933;32;10;1.67;dos
1.779.158.913.576;74655;ESP32-IDS-01;30.5;60.7;10000;2264;1887;1.55;dos
1.779.149.132.088;936611;ESP32-IDS-01;28.9;68.4;831;19;2;3.0;normal
1.779.155.369.943;60724;ESP32-IDS-01;30.0;62.3;480;26;9;0.4;dos
1.779.149.650.463;1454996;ESP32-IDS-01;29.0;67.7;947;22;2;0.6;normal
1.779.159.504.036;315251;ESP32-IDS-01;30.6;61.0;762;19;6;6.14;dos
1.779.148.993.426;797913;ESP32-IDS-01;29.0;68.3;865;30;16;1.3;normal
1.779.149.081.862;886382;ESP32-IDS-01;28.9;68.3;847;19;0;2.7;normal
1.779.149.698.098;1502637;ESP32-IDS-01;29.0;67.9;446;19;1;3.2;normal
1.779.156.221.169;78041;ESP32-IDS-01;30.0;61.9;376;56;58;2.5;dos
1.779.146.455.588;83354;ESP32-IDS-01;28.7;65.0;587;21;1;1.0;normal
1.779.153.518.797;493576;ESP32-IDS-01;30.0;62.6;653;45;75;5.56;dos
1.779.145.401.157;668078;ESP32-IDS-01;28.3;67.5;872;20;0;2.1;normal
1.779.166.102.024;203880;ESP32-IDS-01;31.6;57.7;581;1421;2029;8.06;dos
1779145091.29;358203;ESP32-IDS-01;28.2;69.8;687;20;1;2.7;normal
1.779.151.431.194;1233180;ESP32-IDS-01;30.0;64.2;436;33;2;3.1;dos
1.779.149.695.276;1499811;ESP32-IDS-01;29.0;67.9;884;22;3;2.3;normal
1.779.155.499.418;190182;ESP32-IDS-01;30.0;62.2;747;29;5;7.95;dos
1779164534.01;205706;ESP32-IDS-01;29.7;64.6;773;38;14;2.5;dos
1.779.145.235.193;502081;ESP32-IDS-01;28.3;68.9;850;21;1;3.0;normal
1.779.149.019.077;823589;ESP32-IDS-01;29.0;68.2;386;20;0;2.8;normal
1.779.155.847.909;116475;ESP32-IDS-01;30.0;62.2;10000;9999;0;2.97;dos
1.779.167.257.285;296188;ESP32-IDS-01;28.7;53.0;370;17;2;0.2;dos
1.779.154.241.002;36742;ESP32-IDS-01;29.9;62.7;898;31;19;2.61;dos
1.779.148.424.294;228789;ESP32-IDS-01;28.6;69.7;613;21;1;0.7;normal
1.779.165.140.294;794139;ESP32-IDS-01;30.9;59.7;617;9999;0;1.72;dos
1.779.167.436.832;475723;ESP32-IDS-01;28.6;52.4;307;22;7;0.8;dos
1.779.149.433.318;1237825;ESP32-IDS-01;28.9;68.1;765;19;2;0.7;normal
1779145697.38;964313;ESP32-IDS-01;28.5;65.0;632;20;0;0.1;normal
1.779.149.752.278;1556820;ESP32-IDS-01;29.0;67.8;797;20;0;2.4;normal
1.779.146.768.396;143822;ESP32-IDS-01;28.6;64.6;546;20;1;3.0;normal
1.779.149.464.985;1269523;ESP32-IDS-01;28.9;68.2;697;18;2;0.8;normal
1.779.146.129.196;72038;ESP32-IDS-01;28.6;65.9;518;19;1;3.2;normal
1.779.146.522.669;19232;ESP32-IDS-01;28.6;63.8;655;19;1;2.5;normal
1.779.166.422.509;89227;ESP32-IDS-01;29.8;54.5;602;33;18;0.2;dos
1.779.146.468.548;96315;ESP32-IDS-01;28.6;64.9;723;21;3;3.1;normal
1.779.166.093.859;188861;ESP32-IDS-01;31.5;57.6;10000;9999;0;2.76;dos
1.779.145.896.848;79108;ESP32-IDS-01;28.6;65.5;460;20;0;0.5;normal
1.779.146.147.729;90571;ESP32-IDS-01;28.6;64.4;906;20;1;1.5;normal
1.779.145.803.704;19633;ESP32-IDS-01;28.5;63.9;956;20;0;1.0;normal
1.779.145.778.334;65838;ESP32-IDS-01;28.5;65.0;461;20;0;2.4;normal
1.779.152.637.073;104523;ESP32-IDS-01;29.9;63.5;807;2199;2066;2.6;dos
1.779.149.202.606;1007128;ESP32-IDS-01;28.8;68.5;747;20;1;2.4;normal
1.779.146.071.471;14062;ESP32-IDS-01;28.5;63.0;314;99;226;1.5;normal
1.779.165.436.932;1108711;ESP32-IDS-01;31.1;59.1;424;24;6;3.96;dos
1.779.150.082.317;1886840;ESP32-IDS-01;28.9;67.8;677;21;0;0.6;dos
1.779.148.899.591;704104;ESP32-IDS-01;28.9;68.5;525;20;0;2.2;normal
1.779.151.374.695;1176758;ESP32-IDS-01;29.9;64.3;701;21;1;3.3;dos
1.779.152.082.816;1884836;ESP32-IDS-01;29.8;64.4;611;28;9;4.94;dos
1.779.153.886.276;23302;ESP32-IDS-01;30.0;62.5;965;31;12;2.3;dos
1.779.151.424.126;1226168;ESP32-IDS-01;29.9;64.3;574;20;0;2.0;dos
1.779.156.106.274;95385;ESP32-IDS-01;30.0;61.9;998;9999;0;1.2;dos
1779155865.66;143743;ESP32-IDS-01;30.0;60.5;590;38;22;3.1;dos
1.779.154.864.466;132416;ESP32-IDS-01;30.0;62.2;916;59;8;3.39;dos
1.779.148.772.146;576656;ESP32-IDS-01;28.9;68.5;542;19;2;0.2;normal
1.779.166.142.285;246089;ESP32-IDS-01;31.4;57.7;5962;765;587;2.57;dos
1.779.145.682.974;949906;ESP32-IDS-01;28.5;64.8;682;20;1;1.1;normal
1779150140.04;1944597;ESP32-IDS-01;28.9;68.0;381;19;1;0.9;dos
1779149788.82;1593364;ESP32-IDS-01;29.0;67.8;637;19;1;0.3;normal
1.779.145.522.281;789207;ESP32-IDS-01;28.4;68.7;854;20;2;2.8;normal
1.779.165.390.758;1062475;ESP32-IDS-01;31.0;59.2;759;40;34;4.52;dos
1.779.151.678.109;1480137;ESP32-IDS-01;29.8;64.6;346;26;27;3.3;dos
1.779.154.268.439;50992;ESP32-IDS-01;30.0;62.6;7600;9999;0;2.53;dos
1.779.164.802.513;474206;ESP32-IDS-01;30.3;62.1;908;47;39;3.2;dos
1.779.149.301.758;1106119;ESP32-IDS-01;28.9;68.3;703;74;86;2.6;normal
1.779.157.214.576;41023;ESP32-IDS-01;30.1;62.3;965;17;2;3.34;dos
1779154284.5;80246;ESP32-IDS-01;30.0;62.5;376;30;20;2.5;dos
1.779.155.898.093;25761;ESP32-IDS-01;30.0;60.8;10000;1657;2374;0.16;dos
1.779.151.563.395;1365467;ESP32-IDS-01;29.9;64.1;385;20;0;1.4;dos
1.779.166.246.621;102966;ESP32-IDS-01;30.8;54.6;560;39;22;1.4;dos
1.779.146.703.737;79155;ESP32-IDS-01;28.6;62.7;460;20;2;0.5;normal
1.779.146.487.043;114787;ESP32-IDS-01;28.6;62.8;634;20;1;2.5;normal
1.779.145.935.966;118228;ESP32-IDS-01;28.6;63.1;315;20;0;0.2;normal
1.779.149.217.571;1022103;ESP32-IDS-01;28.8;68.5;1201;17;2;2.4;normal
1.779.152.081.663;1883747;ESP32-IDS-01;29.8;64.4;643;18;1;2.76;dos
1.779.156.569.333;243118;ESP32-IDS-01;30.0;61.7;7889;9999;0;3.5;dos
1.779.149.301.157;1105416;ESP32-IDS-01;28.9;68.3;419;109;269;1.9;normal
1779164842.16;513794;ESP32-IDS-01;30.3;62.0;612;46;23;1.5;dos
1.779.150.518.922;320929;ESP32-IDS-01;29.1;67.5;428;28;32;5.74;dos
1.779.149.301.157;1105416;ESP32-IDS-01;28.9;68.3;419;109;269;1.9;normal
1.779.151.451.909;1253979;ESP32-IDS-01;30.0;64.1;787;19;3;2.2;dos
1.779.149.684.225;1488766;ESP32-IDS-01;29.0;67.8;446;20;1;3.5;normal
1.779.146.188.116;130962;ESP32-IDS-01;28.6;61.4;970;19;0;0.5;normal
1.779.159.098.898;42212;ESP32-IDS-01;30.4;60.8;7140;37;56;3.44;dos
1.779.159.369.164;180334;ESP32-IDS-01;30.5;61.1;873;25;9;7.03;dos
1.779.149.473.386;1277873;ESP32-IDS-01;28.9;68.2;360;35;25;3.1;normal
1.779.155.279.539;547568;ESP32-IDS-01;30.0;62.3;1288;27;9;3.68;dos
1.779.149.279.471;1084000;ESP32-IDS-01;28.9;68.4;804;19;3;0.6;normal
1.779.153.972.152;109162;ESP32-IDS-01;30.0;62.5;823;34;11;4.12;dos
1.779.145.586.805;853729;ESP32-IDS-01;28.4;66.2;913;21;0;0.7;normal
1.779.157.471.804;36939;ESP32-IDS-01;30.2;61.7;7188;176;178;1.5;dos
1.779.146.550.654;47244;ESP32-IDS-01;28.6;63.1;873;19;0;1.3;normal
1.779.159.598.971;410166;ESP32-IDS-01;30.7;61.0;955;27;9;2.85;dos
1.779.149.657.917;1462456;ESP32-IDS-01;29.0;67.7;682;20;5;2.1;normal
1.779.167.526.644;565531;ESP32-IDS-01;28.6;51.7;673;25;13;1.1;dos
1.779.146.012.001;194263;ESP32-IDS-01;28.6;63.9;738;20;1;2.8;normal
1.779.165.158.641;826993;ESP32-IDS-01;30.8;59.7;1331;489;886;3.55;dos
1.779.145.319.212;586134;ESP32-IDS-01;28.3;68.4;707;19;2;1.3;normal
1779146139.43;82276;ESP32-IDS-01;28.6;63.9;951;18;2;0.3;normal
1.779.149.127.296;931817;ESP32-IDS-01;28.9;68.3;407;20;0;1.8;normal
1.779.145.090.607;357516;ESP32-IDS-01;28.2;69.8;878;21;3;2.1;normal
1.779.151.562.578;1364438;ESP32-IDS-01;29.9;64.1;656;82;98;2.7;dos
1.779.145.212.359;479207;ESP32-IDS-01;28.3;68.5;844;21;1;3.3;normal
1.779.156.045.261;47441;ESP32-IDS-01;30.1;62.0;801;39;12;2.9;dos
1.779.157.570.774;43793;ESP32-IDS-01;30.2;61.4;898;36;25;2.61;dos
1.779.165.117.542;787150;ESP32-IDS-01;30.8;59.8;568;33;10;3.86;dos
1779151948.81;1750853;ESP32-IDS-01;29.8;64.2;428;27;32;2.74;dos
1.779.146.241.226;184075;ESP32-IDS-01;28.6;63.9;514;18;2;0.3;normal
1.779.154.016.408;152384;ESP32-IDS-01;30.0;62.5;934;384;534;2.5;dos
1.779.151.135.682;936552;ESP32-IDS-01;29.8;65.1;329;394;518;0.7;dos
1.779.156.895.133;41194;ESP32-IDS-01;30.0;62.3;965;43;8;3.4;dos
1.779.156.582.722;275243;ESP32-IDS-01;30.0;61.7;436;35;29;2.39;dos
1.779.146.545.814;42399;ESP32-IDS-01;28.6;62.0;467;21;2;2.1;normal
1.779.146.343.252;25259;ESP32-IDS-01;28.7;65.3;486;19;1;2.4;normal
1.779.155.943.149;74579;ESP32-IDS-01;30.0;62.2;9299;378;1033;2.5;dos
1.779.159.587.818;398535;ESP32-IDS-01;30.7;61.0;676;175;176;6.04;dos
1.779.149.282.733;1087217;ESP32-IDS-01;28.9;68.4;794;34;23;3.1;normal
1.779.153.576.738;547411;ESP32-IDS-01;30.0;62.7;545;68;65;1.3;dos
1.779.148.665.081;469584;ESP32-IDS-01;28.9;69.0;944;20;4;2.9;normal
1.779.158.654.134;135599;ESP32-IDS-01;30.0;61.9;995;34;15;2.2;dos
1.779.145.846.167;28389;ESP32-IDS-01;28.5;65.1;480;31;19;0.4;normal
1.779.158.273.457;414437;ESP32-IDS-01;30.3;60.9;8513;9999;0;2.4;dos
1.779.145.769.218;56686;ESP32-IDS-01;28.5;64.9;301;29;15;3.0;normal
1.779.148.289.874;94368;ESP32-IDS-01;28.2;70.4;892;19;1;0.8;normal
1.779.158.250.775;404053;ESP32-IDS-01;30.3;60.9;438;28;2;2.4;dos
1.779.149.149.039;953562;ESP32-IDS-01;28.9;68.4;842;19;1;2.7;normal
1.779.155.207.169;460727;ESP32-IDS-01;30.0;62.3;895;1900;3705;2.82;dos
1.779.152.804.799;281580;ESP32-IDS-01;29.9;63.3;631;23;7;3.88;dos
1.779.165.358.987;1018986;ESP32-IDS-01;31.0;59.2;697;9999;0;3.0;dos
1.779.167.485.596;524396;ESP32-IDS-01;28.6;51.8;733;46;16;2.86;dos
1.779.148.511.691;316185;ESP32-IDS-01;28.7;69.5;608;21;1;3.5;normal
1.779.145.183.148;450062;ESP32-IDS-01;28.3;69.2;473;20;3;0.1;normal
1.779.145.563.012;829912;ESP32-IDS-01;28.4;68.0;830;21;1;3.3;normal
1.779.165.121.769;793522;ESP32-IDS-01;30.9;59.7;574;38;25;5.68;dos
1.779.145.419.164;686064;ESP32-IDS-01;28.3;68.7;405;19;2;3.1;normal
1.779.146.639.235;14658;ESP32-IDS-01;28.7;65.0;314;19;0;1.5;normal
1779153842.23;183265;ESP32-IDS-01;30.0;62.5;918;57;50;1.7;dos
1.779.151.004.599;806523;ESP32-IDS-01;29.6;65.9;4130;44;11;3.44;dos
1.779.149.170.176;974672;ESP32-IDS-01;28.8;68.5;903;20;3;3.2;normal
1.779.150.741.654;543648;ESP32-IDS-01;29.4;66.6;673;31;13;4.07;dos
1.779.151.314.634;1116695;ESP32-IDS-01;29.9;64.4;583;21;1;0.9;dos
1.779.153.158.923;133720;ESP32-IDS-01;29.9;63.2;3871;25;13;0.36;dos
1.779.148.624.247;428748;ESP32-IDS-01;28.8;69.1;754;21;2;2.3;normal
1.779.156.173.316;28126;ESP32-IDS-01;30.0;60.6;4995;723;518;1.8;dos
1.779.159.642.014;39304;ESP32-IDS-01;30.7;60.9;474;30;19;1.6;dos
1.779.148.818.925;623435;ESP32-IDS-01;28.9;68.5;939;20;0;1.9;normal
1.779.154.689.769;368872;ESP32-IDS-01;30.0;62.3;922;30;11;5.45;dos
1.779.145.290.266;557159;ESP32-IDS-01;28.3;69.2;660;20;1;1.9;normal
1.779.146.394.818;22559;ESP32-IDS-01;28.7;62.3;463;26;10;0.4;normal
1.779.166.512.415;57641;ESP32-IDS-01;29.5;53.8;728;25;9;1.3;dos
1.779.150.050.506;1855059;ESP32-IDS-01;29.0;67.7;837;20;4;0.1;dos
1779151419.36;1221431;ESP32-IDS-01;29.9;64.3;422;19;2;2.3;dos
1.779.152.670.475;145095;ESP32-IDS-01;29.9;63.5;971;32;32;3.1;dos
1.779.166.062.133;166132;ESP32-IDS-01;31.5;56.4;1178;32;19;3.95;dos
1.779.155.005.662;273638;ESP32-IDS-01;30.0;62.5;944;65;46;0.5;dos
1.779.148.423.871;228176;ESP32-IDS-01;28.6;69.7;804;76;84;1.6;normal
1.779.150.122.862;1927414;ESP32-IDS-01;28.9;67.9;672;20;0;0.2;dos
1.779.157.976.346;129632;ESP32-IDS-01;30.2;60.9;560;24;11;3.19;dos
1.779.145.852.224;34477;ESP32-IDS-01;28.5;65.2;314;22;4;2.6;normal
1.779.149.418.395;1222928;ESP32-IDS-01;29.0;68.1;888;19;1;1.3;normal
1.779.154.150.995;288062;ESP32-IDS-01;29.9;62.7;460;22;4;9.2;dos
1.779.157.568.897;41930;ESP32-IDS-01;30.2;61.4;4874;28;27;1.11;dos
1.779.149.027.686;832199;ESP32-IDS-01;29.0;68.2;877;21;1;0.7;normal
1.779.145.497.704;764624;ESP32-IDS-01;28.3;68.7;610;22;3;3.1;normal
1.779.148.814.741;619254;ESP32-IDS-01;28.9;68.5;876;19;1;3.2;normal
1.779.150.131.606;1936135;ESP32-IDS-01;28.9;67.9;457;20;2;0.9;dos
1779150150.94;1955472;ESP32-IDS-01;28.9;68.0;640;19;1;0.5;dos
1.779.166.691.303;236525;ESP32-IDS-01;29.2;50.7;944;34;9;1.56;dos
1.779.148.935.351;739865;ESP32-IDS-01;28.9;68.5;555;20;0;0.4;normal
1.779.148.492.931;297422;ESP32-IDS-01;28.7;69.5;738;22;4;0.3;normal
1779145478.76;745688;ESP32-IDS-01;28.3;68.8;779;19;2;2.0;normal
1.779.145.339.836;606745;ESP32-IDS-01;28.3;68.9;423;22;1;0.1;normal
1779145936.46;118722;ESP32-IDS-01;28.6;63.1;494;20;0;1.5;normal
1.779.145.542.424;809350;ESP32-IDS-01;28.4;71.2;986;20;3;0.9;normal
1.779.156.535.467;228009;ESP32-IDS-01;30.0;61.8;5086;36;11;2.2;dos
1.779.155.143.952;412043;ESP32-IDS-01;30.1;62.2;438;34;6;2.4;dos
1779155085.11;351993;ESP32-IDS-01;30.1;62.3;745;418;500;4.14;dos
1.779.149.639.574;1444116;ESP32-IDS-01;29.0;67.7;600;19;2;1.6;normal
1779158612.02;93448;ESP32-IDS-01;30.0;61.8;3041;29;12;1.23;dos
1.779.164.939.996;611772;ESP32-IDS-01;30.5;61.0;710;24;10;6.22;dos
1.779.145.736.874;24376;ESP32-IDS-01;28.5;64.7;563;20;1;1.3;normal
1.779.146.151.764;94579;ESP32-IDS-01;28.6;65.5;457;20;2;3.5;normal
1.779.153.250.726;225371;ESP32-IDS-01;30.0;63.0;553;85;92;3.81;dos
1.779.146.782.082;157512;ESP32-IDS-01;28.6;61.5;351;18;2;2.6;normal
1779146066.92;9760;ESP32-IDS-01;28.5;63.7;732;19;1;0.9;normal
1.779.158.969.885;52295;ESP32-IDS-01;30.5;60.5;479;34;16;1.5;dos
1.779.158.204.266;357559;ESP32-IDS-01;30.3;60.8;922;29;11;2.2;dos
1.779.157.392.263;91697;ESP32-IDS-01;30.1;61.7;752;29;14;4.13;dos
1.779.145.659.686;926592;ESP32-IDS-01;28.4;65.2;727;20;1;1.6;normal
1.779.155.408.343;99122;ESP32-IDS-01;30.0;62.2;3486;18;3;2.49;dos
1.779.166.501.128;46179;ESP32-IDS-01;29.7;53.7;330;85;14;0.2;dos
1779151429.07;1230898;ESP32-IDS-01;30.0;64.2;491;100;120;1.7;dos
1.779.149.486.062;1290595;ESP32-IDS-01;28.9;68.2;366;20;0;2.8;normal
1.779.156.810.954;503521;ESP32-IDS-01;30.0;62.2;657;21;4;1.82;dos
1.779.149.643.047;1447586;ESP32-IDS-01;29.0;67.7;961;20;2;2.8;normal
1.779.151.815.066;1617116;ESP32-IDS-01;29.8;64.5;699;20;8;2.23;dos
1.779.148.787.354;591854;ESP32-IDS-01;28.9;68.5;809;22;3;2.3;normal
1.779.148.699.975;504482;ESP32-IDS-01;28.9;68.7;560;20;0;0.6;normal
1.779.166.463.363;8589;ESP32-IDS-01;29.7;53.8;777;29;8;1.6;dos
1779149693.02;1497557;ESP32-IDS-01;29.0;67.9;823;20;0;1.7;normal
1.779.148.601.457;405958;ESP32-IDS-01;28.8;69.2;350;21;0;0.3;normal
1.779.157.892.329;43463;ESP32-IDS-01;30.3;59.4;820;30;22;2.92;dos
1.779.148.776.417;580926;ESP32-IDS-01;28.9;68.5;423;20;2;0.1;normal
1.779.150.605.749;407697;ESP32-IDS-01;29.2;67.2;999;40;29;1.7;dos
1.779.146.798.207;13698;ESP32-IDS-01;28.6;63.1;965;19;2;2.3;normal
1.779.152.220.966;2023043;ESP32-IDS-01;29.9;64.1;447;23;6;5.54;dos
1.779.148.545.055;349533;ESP32-IDS-01;28.7;69.5;361;19;3;0.4;normal
1.779.149.514.878;1319412;ESP32-IDS-01;29.0;68.0;470;20;0;1.3;normal
1.779.148.223.263;27754;ESP32-IDS-01;27.9;68.6;958;20;0;0.2;normal
1.779.148.634.019;438521;ESP32-IDS-01;28.8;69.0;943;21;1;2.6;normal
1.779.145.508.524;775421;ESP32-IDS-01;28.4;68.1;606;21;1;1.4;normal
1.779.153.379.334;341036;ESP32-IDS-01;30.1;62.7;10000;3888;2095;1.56;dos
1.779.154.243.103;38867;ESP32-IDS-01;30.0;62.6;965;20;4;3.34;dos
1.779.145.911.567;93607;ESP32-IDS-01;28.6;66.1;836;92;112;0.9;normal
1.779.151.291.725;1093759;ESP32-IDS-01;29.9;64.5;763;20;0;3.1;dos
1.779.146.253.831;196680;ESP32-IDS-01;28.6;65.4;908;19;1;2.1;normal
1.779.145.331.813;598714;ESP32-IDS-01;28.3;71.4;900;19;1;1.4;normal
1.779.148.781.824;586312;ESP32-IDS-01;28.9;68.5;625;19;0;3.2;normal
1779149093.55;898047;ESP32-IDS-01;28.9;68.3;628;19;1;2.3;normal
1.779.149.160.208;964691;ESP32-IDS-01;28.8;68.5;397;25;7;0.1;normal
1.779.157.424.435;120772;ESP32-IDS-01;30.0;61.7;10000;1054;1016;1.44;dos
1.779.156.580.127;270617;ESP32-IDS-01;30.0;61.7;892;41;12;7.98;dos
1.779.155.009.029;277159;ESP32-IDS-01;30.0;62.5;460;20;10;2.67;dos
1.779.148.425.986;230455;ESP32-IDS-01;28.7;69.7;371;21;0;3.3;normal
1.779.145.729.113;16612;ESP32-IDS-01;28.5;65.4;667;21;1;0.5;normal
1779146482.82;109974;ESP32-IDS-01;28.6;63.7;976;225;327;3.5;normal
1.779.145.590.444;857367;ESP32-IDS-01;28.4;68.5;594;21;1;1.1;normal
1.779.146.175.854;118695;ESP32-IDS-01;28.6;63.1;320;20;1;2.8;normal
1.779.149.040.064;844578;ESP32-IDS-01;29.0;68.2;780;20;1;0.7;normal
1.779.155.010.459;278547;ESP32-IDS-01;30.0;62.5;626;27;15;4.9;dos
1779145316.73;583623;ESP32-IDS-01;28.3;68.4;751;21;1;2.8;normal
1.779.149.226.583;1031108;ESP32-IDS-01;28.9;68.5;392;20;1;3.1;normal
1.779.159.904.377;34585;ESP32-IDS-01;30.6;61.2;1265;922;1307;3.3;dos
1.779.146.353.813;35842;ESP32-IDS-01;28.7;63.1;560;20;1;1.4;normal
1.779.148.718.347;522860;ESP32-IDS-01;29.0;68.5;438;18;2;1.8;normal
1.779.157.712.549;13707;ESP32-IDS-01;30.3;61.0;965;32;21;4.37;dos
1.779.148.636.845;441306;ESP32-IDS-01;28.8;69.0;860;34;22;3.1;normal
1.779.146.003.084;185351;ESP32-IDS-01;28.6;63.0;929;19;1;0.7;normal
1.779.145.364.859;631750;ESP32-IDS-01;28.3;68.7;574;22;3;1.5;normal
1.779.149.756.527;1561070;ESP32-IDS-01;29.0;67.8;550;20;0;2.1;normal
1.779.156.939.658;85740;ESP32-IDS-01;30.0;62.3;972;27;16;3.56;dos
1.779.146.742.187;117612;ESP32-IDS-01;28.6;64.4;312;19;1;0.8;normal
1.779.157.619.573;92616;ESP32-IDS-01;30.2;61.4;1166;28;12;1.06;dos
1.779.148.942.996;747513;ESP32-IDS-01;28.9;68.5;428;19;3;0.4;normal
1.779.145.756.265;43769;ESP32-IDS-01;28.5;64.9;549;20;0;3.4;normal
1.779.145.618.687;885611;ESP32-IDS-01;28.4;67.1;887;20;1;2.7;normal
1.779.152.939.997;416765;ESP32-IDS-01;29.9;63.1;898;21;3;1.31;dos
1.779.154.377.716;56779;ESP32-IDS-01;30.0;62.4;602;31;13;1.86;dos
1.779.150.874.566;676554;ESP32-IDS-01;29.5;66.1;560;25;13;1.6;dos
1.779.146.331.292;13294;ESP32-IDS-01;28.7;65.1;686;20;0;1.8;normal
1.779.149.276.383;1080911;ESP32-IDS-01;28.9;68.4;552;19;1;2.2;normal
1.779.148.920.844;725360;ESP32-IDS-01;28.9;68.5;629;19;0;2.2;normal
1.779.148.424.893;229388;ESP32-IDS-01;28.6;69.7;599;20;1;1.4;normal
1.779.158.431.916;53017;ESP32-IDS-01;30.2;61.4;972;33;9;2.53;dos
1779158155.23;308423;ESP32-IDS-01;30.3;59.2;633;34;6;2.38;dos
1.779.146.754.037;129460;ESP32-IDS-01;28.6;64.7;349;21;1;1.6;normal
1.779.159.146.952;90310;ESP32-IDS-01;30.5;60.7;563;34;11;3.08;dos
1.779.145.611.423;878345;ESP32-IDS-01;28.4;67.5;670;22;2;2.0;normal
1.779.146.729.106;104509;ESP32-IDS-01;28.6;62.3;811;27;15;3.1;normal
1.779.146.634.935;10356;ESP32-IDS-01;28.7;61.6;732;20;0;0.9;normal
1.779.159.734.577;129291;ESP32-IDS-01;30.7;61.1;808;892;1281;0.2;dos
1.779.148.316.631;121124;ESP32-IDS-01;28.4;70.3;851;20;1;0.1;normal
1.779.167.124.035;162929;ESP32-IDS-01;28.8;53.3;786;19;1;2.5;dos
1.779.149.642.088;1446625;ESP32-IDS-01;29.0;67.7;388;20;0;3.0;normal
1.779.154.190.924;22916;ESP32-IDS-01;29.9;61.3;3826;49;25;3.3;dos
1.779.156.989.315;133292;ESP32-IDS-01;29.9;62.5;560;36;25;1.4;dos
1.779.146.500.832;128594;ESP32-IDS-01;28.6;64.4;468;22;8;2.6;normal
1.779.148.724.932;529440;ESP32-IDS-01;29.0;68.5;431;20;1;0.2;normal
1.779.150.607.466;408354;ESP32-IDS-01;29.2;67.2;657;30;20;3.34;dos
1779149719.08;1523605;ESP32-IDS-01;29.0;67.9;784;20;0;2.4;normal
1.779.145.451.877;718623;ESP32-IDS-01;28.3;71.2;465;19;2;0.6;normal
1.779.146.726.548;101950;ESP32-IDS-01;28.6;62.3;516;19;3;1.9;normal
1.779.150.427.445;229455;ESP32-IDS-01;28.8;68.0;631;27;16;2.3;dos
1779146456.24;83987;ESP32-IDS-01;28.6;63.9;633;19;2;0.8;normal
1.779.149.659.553;1464092;ESP32-IDS-01;29.0;67.8;337;20;0;3.4;normal
1.779.154.198.072;30176;ESP32-IDS-01;29.9;62.7;474;23;9;3.71;dos
1.779.148.562.745;367249;ESP32-IDS-01;28.7;69.4;649;19;1;1.4;normal
1.779.148.934.319;738806;ESP32-IDS-01;28.9;68.5;876;21;3;1.6;normal
1.779.149.279.471;1084000;ESP32-IDS-01;28.9;68.4;804;19;3;0.6;normal
1.779.159.557.239;368442;ESP32-IDS-01;30.7;61.0;320;25;7;1.7;dos
1.779.150.831.461;633435;ESP32-IDS-01;29.5;66.2;397;40;48;1.9;dos
1.779.157.881.277;34408;ESP32-IDS-01;30.3;60.8;732;63;23;6.36;dos
1.779.145.469.151;736070;ESP32-IDS-01;28.3;66.0;699;21;1;0.8;normal
1779159010.89;93309;ESP32-IDS-01;30.5;60.6;972;29;7;5.62;dos
1.779.149.651.966;1456507;ESP32-IDS-01;29.0;67.7;788;19;2;3.1;normal
1.779.165.635.419;1288928;ESP32-IDS-01;31.4;58.4;1227;9999;0;4.01;dos
1.779.150.141.506;1946021;ESP32-IDS-01;28.9;68.0;838;24;10;1.8;dos
1.779.145.266.289;533199;ESP32-IDS-01;28.2;67.1;697;21;2;2.4;normal
1.779.146.622.215;118804;ESP32-IDS-01;28.7;63.8;320;20;0;2.8;normal
1.779.156.766.469;459019;ESP32-IDS-01;30.0;62.0;1258;25;5;1.39;dos
1.779.158.596.244;75519;ESP32-IDS-01;30.1;61.5;9255;82;25;1.81;dos
1.779.148.641.073;445577;ESP32-IDS-01;28.8;69.0;729;20;1;1.6;normal
1.779.145.831.249;13484;ESP32-IDS-01;28.5;65.0;686;20;1;1.8;normal
1.779.152.077.436;1877891;ESP32-IDS-01;29.8;64.4;1365;546;763;0.9;dos
1.779.164.969.513;639083;ESP32-IDS-01;30.5;61.0;10000;744;538;1.0;dos
1.779.151.417.101;1219166;ESP32-IDS-01;29.9;64.3;947;21;1;3.0;dos
1.779.146.278.268;221116;ESP32-IDS-01;28.6;65.1;945;19;0;2.5;normal
1.779.145.350.773;617673;ESP32-IDS-01;28.3;66.4;809;26;10;2.3;normal
1.779.157.474.058;40238;ESP32-IDS-01;30.2;61.6;965;153;268;3.34;dos
1.779.166.200.679;57080;ESP32-IDS-01;31.0;54.6;376;33;11;7.82;dos
1.779.149.595.931;1400434;ESP32-IDS-01;29.1;67.7;497;27;6;2.5;normal
1.779.148.765.799;570309;ESP32-IDS-01;28.9;68.5;471;20;1;0.8;normal
1.779.152.623.499;100185;ESP32-IDS-01;29.9;63.5;995;47;22;3.21;dos
1.779.156.271.745;128703;ESP32-IDS-01;30.1;61.8;601;29;9;2.16;dos
1.779.145.579.742;846671;ESP32-IDS-01;28.4;68.2;842;19;2;1.6;normal
1.779.148.900.273;704785;ESP32-IDS-01;28.9;68.5;681;20;5;3.3;normal
1.779.151.515.729;1317799;ESP32-IDS-01;30.0;64.0;542;20;0;0.2;dos
1.779.164.787.921;450046;ESP32-IDS-01;30.2;62.5;10000;2345;4607;0.86;dos
1.779.159.332.327;143511;ESP32-IDS-01;30.5;61.1;701;29;14;2.23;dos
1.779.146.443.873;71638;ESP32-IDS-01;28.7;63.7;518;21;3;3.2;normal
1.779.155.142.881;410971;ESP32-IDS-01;30.0;62.2;669;27;24;3.1;dos
1.779.166.509.074;54321;ESP32-IDS-01;29.5;53.7;972;20;4;2.53;dos
1.779.146.679.734;55155;ESP32-IDS-01;28.7;63.9;873;19;1;0.8;normal
1.779.164.938.524;610292;ESP32-IDS-01;30.5;61.0;587;25;6;5.11;dos
1.779.151.768.025;1570054;ESP32-IDS-01;29.8;64.5;923;28;9;8.52;dos
1.779.148.563.865;368369;ESP32-IDS-01;28.7;69.4;743;19;1;0.5;normal
1779151313.41;1115473;ESP32-IDS-01;29.9;64.4;392;20;0;3.1;dos
1.779.145.987.227;169488;ESP32-IDS-01;28.6;65.3;442;20;1;2.4;normal
1.779.148.878.979;683493;ESP32-IDS-01;28.9;68.5;810;20;1;2.9;normal
1.779.164.896.506;568211;ESP32-IDS-01;30.5;61.2;613;49;33;2.33;dos
1.779.149.584.026;1388537;ESP32-IDS-01;29.1;67.8;412;20;1;2.0;normal
1.779.145.449.631;716554;ESP32-IDS-01;28.3;68.5;702;21;1;1.3;normal
1.779.145.933.901;116160;ESP32-IDS-01;28.6;64.6;772;21;1;1.1;normal
1.779.145.719.261;6711;ESP32-IDS-01;28.5;67.1;466;37;28;0.1;normal
1.779.146.227.899;170718;ESP32-IDS-01;28.6;63.3;590;20;2;1.2;normal
1.779.152.625.858;102645;ESP32-IDS-01;29.9;63.5;795;21;6;3.26;dos
1.779.149.126.196;930713;ESP32-IDS-01;28.9;68.3;317;20;0;2.5;normal
1.779.149.146.109;950607;ESP32-IDS-01;28.9;68.4;607;19;1;2.6;normal
1.779.160.045.884;38455;ESP32-IDS-01;30.6;61.5;474;49;58;1.6;dos
1.779.145.347.858;614763;ESP32-IDS-01;28.3;68.4;708;25;6;2.0;normal
1.779.149.678.342;1482715;ESP32-IDS-01;29.0;67.8;453;75;168;1.3;normal
1.779.148.484.264;288739;ESP32-IDS-01;28.7;69.5;553;19;1;0.2;normal
1.779.165.701.994;1373788;ESP32-IDS-01;31.4;58.2;1182;22;6;1.0;dos
1.779.145.340.982;607874;ESP32-IDS-01;28.3;66.6;774;29;23;2.8;normal
1.779.145.248.869;515787;ESP32-IDS-01;28.3;67.3;491;20;1;1.7;normal
1.779.165.970.103;76141;ESP32-IDS-01;31.4;57.6;376;37;9;2.5;dos
1779145181.79;448705;ESP32-IDS-01;28.3;69.2;352;20;0;1.6;normal
1.779.150.783.677;585725;ESP32-IDS-01;29.5;66.3;1307;18;2;4.17;dos
1.779.145.459.322;726246;ESP32-IDS-01;28.3;68.6;793;20;0;3.0;normal
1.779.155.834.266;101124;ESP32-IDS-01;30.0;62.2;808;3208;2816;0.2;dos
1.779.149.574.871;1379412;ESP32-IDS-01;29.1;67.8;486;18;2;1.3;normal
1.779.166.732.778;277928;ESP32-IDS-01;29.3;52.4;4030;48;24;1.0;dos
1.779.152.936.951;413667;ESP32-IDS-01;29.9;63.1;320;39;21;2.8;dos
1.779.149.395.408;1199933;ESP32-IDS-01;29.0;68.1;541;19;3;2.3;normal
1.779.146.760.566;135990;ESP32-IDS-01;28.6;63.5;717;20;1;3.4;normal
1.779.165.564.769;1236536;ESP32-IDS-01;31.2;58.8;980;34;11;2.9;dos
1.779.155.355.292;42380;ESP32-IDS-01;30.0;62.3;10000;1237;1803;1.79;dos
1.779.154.251.524;43392;ESP32-IDS-01;30.0;62.6;330;445;638;0.2;dos
1.779.157.749.711;50885;ESP32-IDS-01;30.3;60.9;956;19;3;1.0;dos
1779151239.69;1041752;ESP32-IDS-01;29.8;64.8;585;20;1;2.2;dos
1.779.150.101.402;1905931;ESP32-IDS-01;28.9;67.9;632;20;0;1.3;dos
1.779.146.621.124;117675;ESP32-IDS-01;28.7;63.8;654;20;0;2.4;normal
1.779.148.642.875;447377;ESP32-IDS-01;28.8;69.0;559;21;3;3.4;normal
1.779.152.712.078;188773;ESP32-IDS-01;29.9;63.4;553;43;26;2.0;dos
1.779.154.456.994;135929;ESP32-IDS-01;30.1;62.4;3434;76;71;3.19;dos
1.779.148.847.725;652231;ESP32-IDS-01;28.9;68.6;682;21;2;2.8;normal
1.779.158.203.365;356637;ESP32-IDS-01;30.3;60.8;535;21;7;3.77;dos
1.779.149.050.164;854684;ESP32-IDS-01;29.0;68.2;855;19;1;2.2;normal
1.779.152.981.499;458283;ESP32-IDS-01;29.9;61.5;711;18;3;4.21;dos
1.779.145.779.963;67465;ESP32-IDS-01;28.5;66.1;786;20;0;0.2;normal
1.779.151.405.601;1207666;ESP32-IDS-01;29.9;64.3;857;20;0;0.8;dos
1.779.145.738.854;26364;ESP32-IDS-01;28.5;65.5;931;17;1;0.9;normal
1.779.146.614.472;111036;ESP32-IDS-01;28.7;63.7;387;20;0;0.6;normal
1.779.148.509.418;313918;ESP32-IDS-01;28.7;69.5;835;18;2;3.0;normal
1.779.146.475.838;103603;ESP32-IDS-01;28.6;62.8;811;21;2;3.1;normal
1.779.165.698.503;1370225;ESP32-IDS-01;31.4;58.4;336;22;12;9.13;dos
1.779.148.964.739;769254;ESP32-IDS-01;28.9;68.5;377;20;0;2.0;normal
1.779.165.923.756;26947;ESP32-IDS-01;31.5;57.5;732;63;31;2.27;dos
1.779.159.961.466;94454;ESP32-IDS-01;30.5;61.5;808;32;13;1.44;dos
1.779.146.518.571;15158;ESP32-IDS-01;28.6;62.0;593;20;0;0.7;normal
1.779.146.756.751;132179;ESP32-IDS-01;28.6;63.2;516;19;2;0.9;normal
1779148866.13;670643;ESP32-IDS-01;28.9;68.6;886;20;0;2.1;normal
1.779.159.169.412;96464;ESP32-IDS-01;30.5;60.7;808;9999;0;2.68;dos
1.779.151.531.775;1333680;ESP32-IDS-01;29.9;64.1;656;75;83;2.1;dos
1.779.146.531.611;28191;ESP32-IDS-01;28.6;62.5;480;22;2;0.4;normal
1.779.146.203.327;146022;ESP32-IDS-01;28.6;62.3;998;69;80;1.0;normal
1.779.155.004.615;272694;ESP32-IDS-01;30.0;62.5;570;27;15;10.32;dos
1.779.154.283.047;78805;ESP32-IDS-01;30.0;62.6;2335;25;20;1.7;dos
1.779.154.962.881;230951;ESP32-IDS-01;30.0;62.5;841;21;6;1.9;dos
1.779.148.215.738;20231;ESP32-IDS-01;27.8;67.8;956;19;2;1.0;normal
1.779.145.396.756;663655;ESP32-IDS-01;28.3;66.6;711;28;22;3.5;normal
1.779.166.696.644;241888;ESP32-IDS-01;29.3;52.4;454;29;16;5.7;dos
1.779.146.355.712;37742;ESP32-IDS-01;28.7;63.5;795;20;0;2.0;normal
1.779.148.493.253;297748;ESP32-IDS-01;28.7;69.5;326;21;3;2.6;normal
1.779.146.129.196;72038;ESP32-IDS-01;28.6;65.9;518;19;1;3.2;normal
1.779.165.427.555;1098297;ESP32-IDS-01;31.1;59.2;1359;371;521;3.74;dos
1.779.145.648.629;915558;ESP32-IDS-01;28.4;63.2;938;20;0;1.8;normal
1.779.164.805.036;476644;ESP32-IDS-01;30.3;62.1;685;33;19;3.5;dos
1.779.165.928.788;34835;ESP32-IDS-01;31.4;57.6;479;34;27;1.5;dos
1.779.155.042.014;307666;ESP32-IDS-01;30.0;62.4;671;478;499;7.77;dos
1.779.151.756.318;1557187;ESP32-IDS-01;29.8;64.5;10000;407;983;3.25;dos
1779145220.84;487757;ESP32-IDS-01;28.3;68.9;504;20;0;0.4;normal
1.779.148.899.591;704104;ESP32-IDS-01;28.9;68.5;525;20;0;2.2;normal
1779146074.58;17422;ESP32-IDS-01;28.5;63.0;820;18;3;1.7;normal
1.779.146.360.379;42407;ESP32-IDS-01;28.7;62.2;467;20;0;2.1;normal
1779156043.31;45568;ESP32-IDS-01;30.1;62.0;314;22;7;1.5;dos
1.779.167.436.595;475416;ESP32-IDS-01;28.6;52.4;962;35;27;3.08;dos
1.779.146.779.258;154504;ESP32-IDS-01;28.7;61.9;371;79;89;2.9;normal
1.779.150.604.714;406698;ESP32-IDS-01;29.2;67.2;752;32;16;2.23;dos
1.779.146.162.551;105396;ESP32-IDS-01;28.6;64.6;676;19;2;1.6;normal
1779148727.36;531869;ESP32-IDS-01;29.0;68.5;529;19;0;3.4;normal
1.779.152.310.429;2112489;ESP32-IDS-01;29.9;64.0;670;29;10;4.99;dos
1779153922.71;59627;ESP32-IDS-01;30.0;62.5;3917;67;9;2.66;dos
1779145360.0;626921;ESP32-IDS-01;28.3;68.9;538;20;0;1.5;normal
1.779.145.099.408;366297;ESP32-IDS-01;28.2;69.8;722;18;2;1.6;normal
1.779.155.326.252;17039;ESP32-IDS-01;30.0;62.3;593;24;11;0.7;dos
1.779.149.108.164;912655;ESP32-IDS-01;28.9;68.3;551;20;4;3.4;normal
1.779.156.496.696;189271;ESP32-IDS-01;30.0;61.8;747;17;2;5.28;dos
1.779.146.553.672;50249;ESP32-IDS-01;28.6;64.0;697;23;5;2.8;normal
1.779.148.598.682;403180;ESP32-IDS-01;28.8;69.2;428;21;2;3.4;normal
1.779.153.572.114;546866;ESP32-IDS-01;30.0;62.7;307;52;16;0.8;dos
1.779.157.658.923;131898;ESP32-IDS-01;30.2;61.3;779;38;16;6.52;dos
1.779.146.772.645;148045;ESP32-IDS-01;28.6;63.8;674;20;0;2.4;normal
1.779.153.208.194;182975;ESP32-IDS-01;30.0;63.0;697;42;23;8.54;dos
1.779.146.559.549;56139;ESP32-IDS-01;28.6;63.6;918;18;1;1.7;normal
1.779.148.671.088;475567;ESP32-IDS-01;28.9;68.9;850;21;2;3.0;normal
1.779.158.561.553;42975;ESP32-IDS-01;30.2;61.5;474;46;43;3.71;dos
1.779.146.294.836;237683;ESP32-IDS-01;28.6;65.5;587;20;1;1.7;normal
1.779.150.340.461;140447;ESP32-IDS-01;28.8;68.0;993;24;26;4.51;dos
1.779.145.985.417;167682;ESP32-IDS-01;28.6;64.4;413;20;1;2.8;normal
1779149802.7;1607244;ESP32-IDS-01;29.0;67.8;507;20;0;1.1;normal
1.779.151.582.559;1384628;ESP32-IDS-01;29.9;64.2;404;20;1;2.9;dos
1.779.149.284.617;1089126;ESP32-IDS-01;28.9;68.4;373;17;2;2.3;normal
1.779.145.577.529;844455;ESP32-IDS-01;28.4;67.8;421;21;1;2.5;normal
1.779.146.739.254;114669;ESP32-IDS-01;28.6;64.1;669;23;8;3.1;normal
1.779.149.373.583;1178101;ESP32-IDS-01;29.0;68.2;802;23;10;2.9;normal
1.779.145.103.112;369999;ESP32-IDS-01;28.2;69.5;655;20;2;1.9;normal
1.779.151.772.094;1574118;ESP32-IDS-01;29.8;64.5;768;36;29;0.2;dos
1.779.152.671.345;148099;ESP32-IDS-01;29.9;63.4;697;31;17;5.67;dos
1.779.145.702.254;969160;ESP32-IDS-01;28.5;65.9;594;20;1;1.1;normal
1779154649.52;328593;ESP32-IDS-01;30.1;62.3;836;42;28;2.1;dos
1.779.149.590.133;1394672;ESP32-IDS-01;29.1;67.7;976;19;1;2.8;normal
1779145270.18;536922;ESP32-IDS-01;28.2;67.6;895;78;170;1.2;normal
1.779.146.043.258;225327;ESP32-IDS-01;28.6;64.3;480;86;93;2.2;normal
1.779.149.599.794;1404331;ESP32-IDS-01;29.1;67.7;437;19;1;2.4;normal
1.779.149.573.021;1377531;ESP32-IDS-01;29.1;67.8;954;29;6;0.8;normal
1779158783.88;46353;ESP32-IDS-01;30.2;61.5;314;29;14;1.5;dos
1.779.164.531.149;202789;ESP32-IDS-01;29.7;64.7;717;28;2;4.79;dos
1.779.159.274.864;74258;ESP32-IDS-01;30.5;60.8;10000;9999;0;0.25;dos
1.779.148.378.051;182542;ESP32-IDS-01;28.5;70.0;897;21;2;2.8;normal
1.779.148.562.745;367249;ESP32-IDS-01;28.7;69.4;649;19;1;1.4;normal
1.779.166.957.451;501588;ESP32-IDS-01;29.0;53.7;3220;395;511;0.51;dos
1.779.160.095.334;11517;ESP32-IDS-01;30.7;61.1;1249;28;12;4.2;dos
1.779.148.352.546;157040;ESP32-IDS-01;28.5;70.1;351;19;4;2.6;normal
1.779.146.013.918;196127;ESP32-IDS-01;28.6;61.8;914;24;11;0.4;normal
1.779.158.880.728;51644;ESP32-IDS-01;30.5;60.7;330;366;513;0.2;dos
1.779.151.991.556;1793623;ESP32-IDS-01;29.8;64.4;553;25;17;2.5;dos
1779156286.76;129625;ESP32-IDS-01;30.0;61.8;455;9999;0;5.1;dos
1.779.157.118.063;263566;ESP32-IDS-01;30.0;62.4;3587;236;605;1.9;dos
1.779.148.240.932;45421;ESP32-IDS-01;28.0;69.5;379;21;1;0.3;normal
1.779.148.285.416;89911;ESP32-IDS-01;28.2;70.4;631;19;1;2.3;normal
1779157119.65;265790;ESP32-IDS-01;30.0;62.4;560;27;8;5.57;dos
1779157651.96;123503;ESP32-IDS-01;30.2;61.3;3829;499;686;3.06;dos
1.779.146.114.747;56518;ESP32-IDS-01;28.5;64.1;301;369;530;3.0;normal
1.779.148.887.548;692064;ESP32-IDS-01;28.9;68.5;702;19;2;1.3;normal
1.779.149.075.739;880266;ESP32-IDS-01;28.9;68.3;1210;17;2;3.4;normal
1.779.149.379.046;1183566;ESP32-IDS-01;29.0;68.1;721;21;2;2.1;normal
1.779.164.985.083;656849;ESP32-IDS-01;30.6;60.7;443;23;10;2.4;dos
1.779.156.898.944;45069;ESP32-IDS-01;29.9;62.4;965;22;6;3.34;dos
1.779.150.105.839;1910351;ESP32-IDS-01;28.9;67.9;422;33;18;1.8;dos
1.779.148.636.845;441306;ESP32-IDS-01;28.8;69.0;860;34;22;3.1;normal
1.779.146.726.548;101950;ESP32-IDS-01;28.6;62.3;516;19;3;1.9;normal
1.779.151.057.072;859123;ESP32-IDS-01;29.7;65.4;368;17;1;2.2;dos
1.779.148.422.028;226526;ESP32-IDS-01;28.6;69.8;519;19;2;2.4;normal
1.779.149.300.528;1104997;ESP32-IDS-01;28.9;68.3;934;31;18;1.6;normal
1.779.145.507.338;774260;ESP32-IDS-01;28.3;67.4;320;21;1;1.8;normal
1.779.164.668.898;340642;ESP32-IDS-01;30.0;63.3;494;24;10;3.4;dos
1.779.154.558.642;237733;ESP32-IDS-01;30.1;62.3;848;37;1;0.7;dos
1.779.145.516.182;783080;ESP32-IDS-01;28.4;68.5;834;20;1;0.9;normal
1779146514.64;11228;ESP32-IDS-01;28.6;63.2;965;19;1;3.4;normal
1.779.146.225.853;168699;ESP32-IDS-01;28.6;64.0;458;19;1;0.9;normal
1.779.150.559.481;359459;ESP32-IDS-01;29.1;67.4;4414;698;1009;2.23;dos
1.779.151.939.905;1737939;ESP32-IDS-01;29.8;64.2;1320;688;989;3.86;dos
1.779.149.341.236;1145764;ESP32-IDS-01;29.0;68.2;399;20;2;0.7;normal
1.779.149.340.588;1144796;ESP32-IDS-01;29.0;68.2;720;125;317;0.9;normal
1.779.150.244.088;45957;ESP32-IDS-01;28.9;67.9;467;72;161;2.1;dos
1.779.165.066.329;736888;ESP32-IDS-01;30.7;60.3;3430;420;529;2.2;dos
1.779.155.082.802;339188;ESP32-IDS-01;30.1;62.3;10000;9999;0;0.87;dos
1.779.145.586.805;853729;ESP32-IDS-01;28.4;66.2;913;21;0;0.7;normal
1.779.148.203.377;7873;ESP32-IDS-01;27.7;63.5;1225;17;2;3.3;normal
1.779.166.681.429;226558;ESP32-IDS-01;29.3;54.6;848;51;14;3.06;dos
1.779.146.221.464;164301;ESP32-IDS-01;28.6;64.0;733;21;3;1.5;normal
1.779.146.601.401;97959;ESP32-IDS-01;28.7;63.6;410;22;2;0.9;normal
1.779.166.291.591;147946;ESP32-IDS-01;30.5;54.9;873;40;33;3.59;dos
1.779.158.600.823;78642;ESP32-IDS-01;30.1;61.5;581;1242;1286;4.12;dos
1779148595.28;399719;ESP32-IDS-01;28.8;69.2;783;19;3;2.2;normal
1.779.145.183.556;450465;ESP32-IDS-01;28.3;69.2;403;21;1;2.1;normal
1.779.149.058.149;862661;ESP32-IDS-01;29.0;68.2;364;21;7;2.5;normal
1.779.151.993.907;1795826;ESP32-IDS-01;29.8;64.4;787;52;68;4.37;dos
1.779.155.995.915;128494;ESP32-IDS-01;30.0;62.2;590;23;9;4.79;dos
1.779.145.543.724;810637;ESP32-IDS-01;28.4;71.2;606;21;1;3.3;normal
1779145380.57;647492;ESP32-IDS-01;28.3;68.7;382;19;1;2.9;normal
1779152306.5;2108567;ESP32-IDS-01;29.9;64.1;1175;27;14;3.2;dos
1.779.166.191.099;42862;ESP32-IDS-01;31.2;56.2;4989;1074;20;1.7;dos
1.779.148.227.005;31493;ESP32-IDS-01;27.9;68.7;823;21;2;2.9;normal
1.779.153.381.865;354420;ESP32-IDS-01;30.1;62.7;10000;63;48;2.4;dos
1.779.164.645.475;298861;ESP32-IDS-01;29.9;63.9;1245;9999;0;1.5;dos
1.779.149.246.417;1050939;ESP32-IDS-01;28.9;68.5;964;20;2;0.6;normal
1.779.152.827.836;285145;ESP32-IDS-01;29.9;63.3;836;3848;3300;0.9;dos
1.779.151.383.263;1185325;ESP32-IDS-01;29.9;64.3;977;21;2;3.0;dos
1.779.148.379.807;184304;ESP32-IDS-01;28.5;70.0;514;20;1;0.3;normal
1.779.155.445.123;130835;ESP32-IDS-01;30.0;62.2;10000;52;42;0.35;dos
1.779.148.492.931;297422;ESP32-IDS-01;28.7;69.5;738;22;4;0.3;normal
1.779.145.485.314;752244;ESP32-IDS-01;28.3;66.4;346;17;1;1.2;normal
1.779.148.627.573;432079;ESP32-IDS-01;28.8;69.1;610;20;1;1.6;normal
1.779.157.340.374;38847;ESP32-IDS-01;30.1;61.9;4253;309;376;3.3;dos
1.779.155.412.696;103460;ESP32-IDS-01;30.0;62.3;807;26;14;2.6;dos
1.779.149.430.597;1235129;ESP32-IDS-01;28.9;68.1;803;19;1;2.6;normal
1.779.145.474.393;741318;ESP32-IDS-01;28.3;68.4;937;20;0;2.0;normal
1.779.167.153.612;187373;ESP32-IDS-01;28.8;53.3;10000;65;33;0.95;dos
1.779.152.132.024;1934069;ESP32-IDS-01;29.9;64.3;1212;34;48;2.73;dos
1.779.146.394.818;22559;ESP32-IDS-01;28.7;62.3;463;26;10;0.4;normal
1.779.150.286.489;84641;ESP32-IDS-01;28.9;67.9;986;1268;1819;3.71;dos
1.779.156.539.937;232498;ESP32-IDS-01;30.0;61.8;993;27;9;3.51;dos
1.779.155.680.553;7239;ESP32-IDS-01;30.0;60.6;466;25;17;0.1;dos
1.779.159.729.056;126375;ESP32-IDS-01;30.7;61.1;958;18;5;6.46;dos
1.779.149.355.298;1159827;ESP32-IDS-01;29.0;68.2;998;20;0;0.3;normal
1.779.165.701.823;1372606;ESP32-IDS-01;31.4;58.4;754;23;6;3.63;dos
1.779.149.695.276;1499811;ESP32-IDS-01;29.0;67.9;884;22;3;2.3;normal
1.779.166.238.932;95323;ESP32-IDS-01;31.0;55.3;5983;36;9;0.4;dos
1.779.148.985.911;790430;ESP32-IDS-01;28.9;68.4;478;19;1;2.7;normal
1.779.146.309.986;252832;ESP32-IDS-01;28.6;63.8;443;20;2;2.4;normal
1.779.153.563.859;538683;ESP32-IDS-01;30.0;62.7;553;23;9;7.63;dos
1779146643.25;18670;ESP32-IDS-01;28.7;63.4;322;20;0;2.4;normal
1779156434.12;119960;ESP32-IDS-01;30.1;61.8;10000;837;1550;2.35;dos
1.779.159.598.015;409211;ESP32-IDS-01;30.7;61.0;387;19;3;3.18;dos
1779153527.7;502395;ESP32-IDS-01;30.0;62.7;400;29;23;3.7;dos
1.779.158.104.162;255613;ESP32-IDS-01;30.3;60.8;2433;621;679;2.0;dos
1.779.145.835.039;17303;ESP32-IDS-01;28.5;64.8;667;18;2;0.5;normal
1.779.151.549.874;1351923;ESP32-IDS-01;29.9;64.1;327;19;3;0.6;dos
1.779.145.664.108;931041;ESP32-IDS-01;28.4;66.7;448;20;1;2.8;normal
1.779.149.185.007;989506;ESP32-IDS-01;28.8;68.5;586;19;1;2.7;normal
1.779.152.308.808;2110882;ESP32-IDS-01;29.9;64.0;480;27;12;2.68;dos
1.779.146.348.611;30635;ESP32-IDS-01;28.7;65.1;808;20;0;0.2;normal
1.779.149.817.047;1621592;ESP32-IDS-01;29.0;67.8;575;20;1;2.9;normal
1.779.148.743.539;548023;ESP32-IDS-01;29.0;68.4;409;20;1;0.4;normal
1.779.145.458.335;725114;ESP32-IDS-01;28.3;68.6;768;69;78;0.2;normal
1.779.146.332.544;14573;ESP32-IDS-01;28.7;65.1;314;20;0;1.5;normal
1.779.167.118.091;156982;ESP32-IDS-01;28.8;53.5;604;20;1;2.0;dos
1.779.167.294.997;328844;ESP32-IDS-01;28.7;53.0;1246;1010;535;3.8;dos
1.779.154.561.638;240744;ESP32-IDS-01;30.1;62.3;786;32;9;2.5;dos
1.779.159.906.257;38796;ESP32-IDS-01;30.6;61.2;965;173;145;7.55;dos
1.779.148.984.793;789309;ESP32-IDS-01;28.9;68.4;688;20;0;0.7;normal
1.779.165.572.184;1243840;ESP32-IDS-01;31.3;58.5;316;17;1;0.9;dos
1.779.145.693.713;960606;ESP32-IDS-01;28.4;64.7;747;33;39;0.2;normal
1.779.148.387.119;191619;ESP32-IDS-01;28.5;70.0;397;19;2;1.9;normal
1.779.146.711.655;87076;ESP32-IDS-01;28.6;63.6;613;20;0;0.3;normal
1.779.160.135.577;51726;ESP32-IDS-01;30.7;61.1;1223;34;18;0.5;dos
1.779.157.397.564;97033;ESP32-IDS-01;30.0;61.7;314;19;5;2.6;dos
1.779.150.052.385;1856935;ESP32-IDS-01;29.0;67.7;942;20;0;3.1;dos
1.779.155.578.873;257917;ESP32-IDS-01;30.0;62.3;10000;3359;1245;3.5;dos
1779145221.65;488540;ESP32-IDS-01;28.3;68.9;783;29;11;0.7;normal
1.779.148.391.528;196001;ESP32-IDS-01;28.6;69.9;914;19;1;0.4;normal
1.779.166.952.704;495139;ESP32-IDS-01;29.1;53.7;10000;291;212;0.84;dos
1.779.157.662.662;135682;ESP32-IDS-01;30.3;61.2;785;37;30;3.2;dos
1.779.154.157.126;294109;ESP32-IDS-01;29.9;62.7;667;44;41;4.8;dos
1.779.149.665.844;1470374;ESP32-IDS-01;29.0;67.8;828;20;1;0.5;normal
1.779.165.120.895;790683;ESP32-IDS-01;30.8;59.8;1188;17;1;1.74;dos
1.779.146.339.653;21683;ESP32-IDS-01;28.6;62.3;972;19;2;1.5;normal
1.779.159.507.827;318701;ESP32-IDS-01;30.6;61.1;667;137;177;4.8;dos
1.779.150.127.222;1931785;ESP32-IDS-01;28.9;67.9;643;17;0;1.4;dos
1779152026.68;1828657;ESP32-IDS-01;29.7;64.5;6166;45;29;3.66;dos
1.779.164.613.834;281238;ESP32-IDS-01;29.9;64.2;2521;799;1064;1.2;dos
1.779.153.387.167;361939;ESP32-IDS-01;30.1;62.6;919;42;17;1.59;dos
1.779.158.420.851;37237;ESP32-IDS-01;30.3;61.1;4309;55;21;3.63;dos
1.779.152.267.386;2069429;ESP32-IDS-01;29.9;64.1;437;36;17;0.5;dos
1779150925.31;727328;ESP32-IDS-01;29.5;66.2;582;20;10;1.92;dos
1779146425.69;53458;ESP32-IDS-01;28.7;64.9;746;20;0;2.7;normal
1.779.164.490.579;162361;ESP32-IDS-01;29.7;64.7;653;19;1;2.5;dos
1.779.155.850.097;126988;ESP32-IDS-01;30.0;62.2;780;398;558;5.36;dos
1.779.149.781.287;1585837;ESP32-IDS-01;29.0;67.8;778;18;2;0.2;normal
1.779.149.014.986;819480;ESP32-IDS-01;29.0;68.2;629;18;0;0.2;normal
1.779.145.248.869;515787;ESP32-IDS-01;28.3;67.3;491;20;1;1.7;normal
1.779.145.214.122;481031;ESP32-IDS-01;28.3;68.5;422;22;1;1.8;normal
1.779.158.187.976;329783;ESP32-IDS-01;30.3;60.6;10000;9999;0;2.47;dos
1.779.153.285.225;255137;ESP32-IDS-01;30.0;62.8;10000;969;1386;2.04;dos
1779159999.31;132312;ESP32-IDS-01;30.5;61.5;560;23;7;8.54;dos
1.779.146.805.739;20150;ESP32-IDS-01;28.6;63.5;515;380;540;1.3;normal
1779154199.77;31827;ESP32-IDS-01;29.9;62.7;965;46;12;3.34;dos
1.779.149.530.493;1335029;ESP32-IDS-01;29.0;68.0;465;19;4;0.7;normal
1.779.159.957.564;90580;ESP32-IDS-01;30.5;61.5;931;19;1;3.05;dos
1.779.156.851.862;544450;ESP32-IDS-01;30.0;62.2;440;23;9;3.0;dos
1.779.164.486.392;158174;ESP32-IDS-01;29.7;64.7;425;18;4;1.6;dos
1.779.159.916.441;49449;ESP32-IDS-01;30.5;61.4;2721;25;9;0.87;dos
1.779.155.267.082;527181;ESP32-IDS-01;30.0;62.3;10000;3089;853;2.45;dos
1779167098.99;137641;ESP32-IDS-01;28.8;53.3;993;92;108;3.3;dos
1.779.146.560.491;57021;ESP32-IDS-01;28.6;64.9;301;39;29;3.0;normal
1.779.145.488.118;755034;ESP32-IDS-01;28.3;66.7;472;22;2;2.4;normal
1.779.148.463.897;268394;ESP32-IDS-01;28.7;69.5;988;20;2;1.4;normal
1.779.148.686.969;491474;ESP32-IDS-01;28.9;68.8;436;20;1;3.1;normal
1.779.159.370.154;181353;ESP32-IDS-01;30.5;61.1;385;28;13;4.1;dos
1.779.146.763.928;139352;ESP32-IDS-01;28.6;64.0;420;20;1;3.1;normal
1.779.146.127.919;70734;ESP32-IDS-01;28.6;65.9;672;20;2;2.2;normal
1.779.150.131.123;1935678;ESP32-IDS-01;28.9;67.9;715;20;2;0.6;dos
1.779.148.935.961;740475;ESP32-IDS-01;28.9;68.5;610;20;1;3.1;normal
1.779.148.629.874;434351;ESP32-IDS-01;28.8;69.0;800;29;26;2.8;normal
1.779.153.302.548;277376;ESP32-IDS-01;30.0;62.8;833;26;14;2.5;dos
1.779.167.001.041;33676;ESP32-IDS-01;28.9;52.8;3590;53;24;3.58;dos
1.779.158.736.188;215253;ESP32-IDS-01;30.1;61.7;1263;159;330;1.7;dos
1.779.152.032.961;1834990;ESP32-IDS-01;29.8;64.5;1196;28;16;1.34;dos
1.779.156.129.528;131755;ESP32-IDS-01;30.0;62.0;795;34;13;3.26;dos
1.779.150.245.087;47113;ESP32-IDS-01;28.9;67.9;701;20;0;0.8;dos
1.779.149.593.153;1397691;ESP32-IDS-01;29.1;67.7;720;20;1;2.4;normal
1.779.148.480.878;285375;ESP32-IDS-01;28.7;69.5;363;21;1;1.1;normal
1.779.146.147.729;90571;ESP32-IDS-01;28.6;64.4;906;20;1;1.5;normal
1.779.152.145.015;1934953;ESP32-IDS-01;29.9;64.3;884;9999;0;1.63;dos
1.779.145.401.157;668078;ESP32-IDS-01;28.3;67.5;872;20;0;2.1;normal
1.779.156.091.333;93564;ESP32-IDS-01;30.0;61.9;808;29;19;1.44;dos
1.779.165.523.703;1195505;ESP32-IDS-01;31.2;58.8;637;19;4;0.3;dos
1.779.148.761.276;565785;ESP32-IDS-01;28.9;68.5;679;20;0;1.0;normal
1.779.150.967.787;769833;ESP32-IDS-01;29.5;66.1;846;21;7;5.16;dos
1.779.152.482.321;2280320;ESP32-IDS-01;29.9;63.9;1420;663;1609;3.3;dos
1.779.145.981.824;163915;ESP32-IDS-01;28.6;65.4;688;77;88;1.8;normal
1779158557.66;38044;ESP32-IDS-01;30.2;60.2;1675;394;1050;2.2;dos
1.779.146.185.565;128410;ESP32-IDS-01;28.6;62.4;468;19;1;2.6;normal
1.779.150.835.846;637874;ESP32-IDS-01;29.5;66.2;302;26;20;7.92;dos
1.779.152.626.445;103126;ESP32-IDS-01;29.9;63.5;481;51;32;2.3;dos
1.779.157.380.902;79918;ESP32-IDS-01;30.1;61.8;686;166;154;1.86;dos
1779167479.89;518748;ESP32-IDS-01;28.6;52.2;917;33;21;2.88;dos
1.779.146.779.258;154504;ESP32-IDS-01;28.7;61.9;371;79;89;2.9;normal
1779155100.65;368743;ESP32-IDS-01;30.1;62.3;811;27;17;3.1;dos
1.779.150.384.728;186556;ESP32-IDS-01;28.8;68.0;454;81;19;7.91;dos
1779150148.25;1952807;ESP32-IDS-01;28.9;68.0;622;19;0;0.5;dos
1.779.156.495.747;188224;ESP32-IDS-01;30.0;61.8;768;41;20;4.6;dos
1.779.146.481.229;108998;ESP32-IDS-01;28.6;63.7;481;20;1;2.1;normal
1.779.151.421.038;1223076;ESP32-IDS-01;29.9;64.3;918;21;0;0.4;dos
1.779.149.520.864;1325341;ESP32-IDS-01;29.0;68.0;791;31;18;1.1;normal
1.779.149.693.595;1498107;ESP32-IDS-01;29.0;67.9;550;29;18;3.4;normal
1779148942.25;746716;ESP32-IDS-01;28.9;68.5;733;36;28;2.5;normal
1.779.159.046.679;120404;ESP32-IDS-01;30.4;60.7;10000;1869;1464;0.45;dos
1.779.146.348.611;30635;ESP32-IDS-01;28.7;65.1;808;20;0;0.2;normal
1.779.159.414.696;225882;ESP32-IDS-01;30.5;61.2;553;31;39;3.81;dos
1.779.150.646.627;448442;ESP32-IDS-01;29.2;67.2;1713;61;3;2.4;dos
1.779.145.271.955;538870;ESP32-IDS-01;28.2;69.2;787;20;2;2.2;normal
1779153991.0;115165;ESP32-IDS-01;30.0;62.5;779;2793;2859;2.67;dos
1.779.151.877.204;1664781;ESP32-IDS-01;29.8;64.3;890;9999;0;3.92;dos
1.779.158.205.261;358507;ESP32-IDS-01;30.3;60.8;948;34;24;4.31;dos
1.779.156.808.099;500693;ESP32-IDS-01;30.0;62.2;400;21;12;3.7;dos
1.779.165.832.738;86083;ESP32-IDS-01;31.4;57.9;386;386;535;5.09;dos
1779145664.48;931415;ESP32-IDS-01;28.4;66.7;374;19;2;3.0;normal
1.779.156.449.966;142545;ESP32-IDS-01;30.0;61.7;1186;22;5;2.34;dos
1.779.165.163.567;835360;ESP32-IDS-01;30.9;59.6;738;20;5;1.66;dos
1.779.154.423.209;101293;ESP32-IDS-01;30.1;62.4;779;17;1;1.38;dos
1.779.149.611.999;1416527;ESP32-IDS-01;29.1;67.7;959;21;4;3.4;normal
1779149067.72;872021;ESP32-IDS-01;29.0;68.2;532;20;2;3.2;normal
1.779.145.314.303;581223;ESP32-IDS-01;28.3;67.7;704;20;0;0.5;normal
1.779.148.580.654;385156;ESP32-IDS-01;28.7;69.3;590;20;0;1.8;normal
1.779.145.656.167;923092;ESP32-IDS-01;28.4;66.7;673;22;1;1.3;normal
1.779.145.297.074;563993;ESP32-IDS-01;28.3;68.9;591;20;0;0.5;normal
1.779.165.525.364;1197091;ESP32-IDS-01;31.2;58.8;928;36;13;1.5;dos
1.779.151.723.786;1525813;ESP32-IDS-01;29.8;64.5;648;37;30;1.84;dos
1779149676.95;1481467;ESP32-IDS-01;29.0;67.8;404;28;11;2.5;normal
1.779.146.728.277;103698;ESP32-IDS-01;28.6;62.3;721;21;1;2.3;normal
1.779.145.957.487;139750;ESP32-IDS-01;28.6;62.8;752;20;2;0.9;normal
1.779.154.154.395;289450;ESP32-IDS-01;29.9;62.7;626;22;11;3.3;dos
1.779.151.588.173;1390070;ESP32-IDS-01;29.9;64.2;978;78;88;2.1;dos
1.779.145.495.162;762079;ESP32-IDS-01;28.3;66.8;331;22;6;1.3;normal
1.779.145.326.179;593101;ESP32-IDS-01;28.3;68.9;785;19;2;0.2;normal
1779148951.11;755617;ESP32-IDS-01;28.9;68.5;837;23;4;1.8;normal
1.779.146.773.006;148430;ESP32-IDS-01;28.6;63.8;385;20;1;0.1;normal
1.779.146.287.424;230250;ESP32-IDS-01;28.6;63.4;371;18;2;3.3;normal
1.779.148.461.203;265700;ESP32-IDS-01;28.7;69.5;916;20;1;1.6;normal
1.779.167.197.627;211177;ESP32-IDS-01;28.7;53.1;483;2793;3461;5.17;dos
1.779.151.769.705;1571718;ESP32-IDS-01;29.8;64.5;976;40;23;3.75;dos
1.779.145.853.772;36032;ESP32-IDS-01;28.5;65.2;560;19;2;1.4;normal
1.779.148.401.878;206376;ESP32-IDS-01;28.6;69.9;748;20;1;2.6;normal
1.779.145.576.073;843000;ESP32-IDS-01;28.4;70.8;320;21;1;3.4;normal
1.779.148.580.087;384566;ESP32-IDS-01;28.7;69.3;968;19;3;1.5;normal
1.779.145.514.511;781405;ESP32-IDS-01;28.3;70.9;938;30;30;1.0;normal
1.779.156.347.909;38864;ESP32-IDS-01;30.0;61.9;1756;46;19;2.17;dos
1.779.146.362.974;45007;ESP32-IDS-01;28.7;63.7;895;19;2;0.3;normal
1.779.145.935.966;118228;ESP32-IDS-01;28.6;63.1;315;20;0;0.2;normal
1779153609.38;584185;ESP32-IDS-01;30.0;62.7;2356;34;22;2.22;dos
1.779.154.065.089;202141;ESP32-IDS-01;30.0;62.5;799;26;1;4.45;dos
1.779.145.169.272;436185;ESP32-IDS-01;28.3;69.4;552;20;0;2.8;normal
1.779.158.150.174;302193;ESP32-IDS-01;30.3;60.6;1575;403;538;0.1;dos
1.779.145.980.964;163227;ESP32-IDS-01;28.6;65.4;620;20;2;1.5;normal
1.779.146.069.977;12783;ESP32-IDS-01;28.5;63.0;686;22;5;1.8;normal
1.779.148.518.367;322866;ESP32-IDS-01;28.7;69.5;833;20;1;2.8;normal
1.779.153.835.233;176360;ESP32-IDS-01;30.0;62.5;971;24;7;6.19;dos
1.779.148.540.406;344906;ESP32-IDS-01;28.7;69.5;724;20;2;0.4;normal
1.779.148.290.356;94825;ESP32-IDS-01;28.2;70.4;457;20;1;3.5;normal
1.779.145.170.903;437804;ESP32-IDS-01;28.3;69.1;460;25;7;0.5;normal
1779155068.08;325791;ESP32-IDS-01;30.1;62.3;836;9999;0;3.29;dos
1.779.165.691.342;1342072;ESP32-IDS-01;31.4;58.4;8205;9999;0;2.1;dos
1.779.159.330.835;141888;ESP32-IDS-01;30.4;61.2;1208;30;20;1.33;dos
1.779.165.920.294;26215;ESP32-IDS-01;31.5;57.5;924;51;8;7.63;dos
1.779.164.865.275;523965;ESP32-IDS-01;30.4;61.7;656;1772;1045;1.7;dos
1.779.155.360.923;51500;ESP32-IDS-01;30.0;62.3;515;70;43;7.13;dos
1.779.149.381.949;1186450;ESP32-IDS-01;29.0;68.1;658;21;2;3.0;normal
1.779.149.771.839;1576196;ESP32-IDS-01;29.0;67.8;511;82;98;1.0;normal
1.779.145.613.366;880291;ESP32-IDS-01;28.4;66.2;855;20;0;2.2;normal
1.779.148.869.201;673258;ESP32-IDS-01;28.9;68.5;392;171;368;0.8;normal
1.779.150.088.053;1892606;ESP32-IDS-01;28.9;67.8;625;20;5;1.8;dos
1.779.157.919.272;64756;ESP32-IDS-01;30.3;59.4;10000;1424;2761;2.45;dos
1.779.151.340.363;1142427;ESP32-IDS-01;29.9;64.4;517;20;0;0.4;dos
1.779.149.125.381;929901;ESP32-IDS-01;28.9;68.3;556;20;3;1.3;normal
1.779.157.980.401;133537;ESP32-IDS-01;30.2;60.9;807;30;31;2.6;dos
1.779.145.436.143;703042;ESP32-IDS-01;28.3;68.7;789;20;1;2.2;normal
1.779.146.510.615;7204;ESP32-IDS-01;28.6;65.4;466;19;1;0.1;normal
1.779.149.006.828;811347;ESP32-IDS-01;29.0;68.2;698;19;1;1.1;normal
1.779.166.644.215;188432;ESP32-IDS-01;29.3;54.7;6237;25;3;2.16;dos
1.779.146.099.059;41896;ESP32-IDS-01;28.5;63.5;467;20;2;2.1;normal
1.779.149.583.588;1388125;ESP32-IDS-01;29.1;67.8;699;20;0;2.5;normal
1.779.149.112.958;917477;ESP32-IDS-01;28.9;68.3;848;20;0;2.2;normal
1.779.145.946.845;129106;ESP32-IDS-01;28.6;65.9;349;19;2;1.6;normal
1.779.148.870.703;674880;ESP32-IDS-01;28.9;68.5;346;28;16;3.3;normal
1.779.159.502.855;314029;ESP32-IDS-01;30.6;61.0;3096;28;9;3.82;dos
1.779.166.467.347;12582;ESP32-IDS-01;29.6;54.3;474;25;13;3.71;dos
1.779.154.868.994;137067;ESP32-IDS-01;30.0;62.2;785;31;28;7.02;dos
1779149306.29;1110817;ESP32-IDS-01;28.9;68.3;793;20;1;0.9;normal
1.779.153.428.608;403456;ESP32-IDS-01;30.1;62.6;848;20;2;2.3;dos
1.779.152.896.648;373402;ESP32-IDS-01;29.9;63.2;710;29;19;10.04;dos
1.779.149.558.416;1362948;ESP32-IDS-01;29.0;67.9;369;20;0;1.3;normal
1.779.149.485.699;1290229;ESP32-IDS-01;28.9;68.2;319;21;2;1.5;normal
1.779.157.615.147;88171;ESP32-IDS-01;30.3;61.3;376;33;16;10.48;dos
1.779.145.641.678;908609;ESP32-IDS-01;28.4;65.8;312;20;1;1.5;normal
1.779.145.587.603;854531;ESP32-IDS-01;28.4;66.2;802;20;0;3.2;normal
1.779.151.516.477;1318436;ESP32-IDS-01;30.0;64.0;637;43;9;1.0;dos
1.779.148.869.201;673258;ESP32-IDS-01;28.9;68.5;392;171;368;0.8;normal
1779152038.65;1840717;ESP32-IDS-01;29.8;64.4;649;26;13;3.14;dos
1.779.145.260.351;527266;ESP32-IDS-01;28.2;68.8;565;20;1;2.1;normal
1.779.165.022.607;694353;ESP32-IDS-01;30.6;60.6;445;39;28;6.39;dos
1.779.151.099.968;896930;ESP32-IDS-01;29.7;65.4;3729;1718;4798;2.17;dos
1.779.145.417.929;684852;ESP32-IDS-01;28.3;68.7;746;20;0;1.4;normal
1.779.167.439.743;478624;ESP32-IDS-01;28.6;52.3;939;23;9;3.36;dos
1.779.154.917.721;185823;ESP32-IDS-01;30.0;62.5;351;18;5;0.8;dos
1779152158.57;1954633;ESP32-IDS-01;29.9;64.3;10000;524;883;3.05;dos
1.779.145.624.162;891094;ESP32-IDS-01;28.4;66.4;866;19;1;3.5;normal
1.779.148.274.045;78516;ESP32-IDS-01;28.2;70.3;892;19;2;3.5;normal
1.779.152.349.828;2151910;ESP32-IDS-01;29.9;64.0;1200;21;0;2.7;dos
1779155088.9;354426;ESP32-IDS-01;30.1;62.3;723;213;250;7.25;dos
1.779.146.454.197;80926;ESP32-IDS-01;28.7;65.0;316;367;520;3.5;normal
1.779.155.126.537;381542;ESP32-IDS-01;30.1;62.3;10000;3069;1761;1.79;dos
1.779.145.875.798;58059;ESP32-IDS-01;28.5;66.2;840;20;1;0.3;normal
1.779.150.513.458;315106;ESP32-IDS-01;29.0;67.7;708;143;181;7.04;dos
1.779.150.561.117;363101;ESP32-IDS-01;29.2;67.4;468;32;21;2.6;dos
1779166509.47;54679;ESP32-IDS-01;29.5;53.7;358;38;3;4.49;dos
1.779.158.060.894;210559;ESP32-IDS-01;30.2;61.0;7673;269;126;1.83;dos
1.779.149.767.432;1571976;ESP32-IDS-01;29.0;67.8;667;19;1;1.2;normal
1.779.158.607.303;88787;ESP32-IDS-01;30.1;61.7;728;23;8;1.3;dos
1.779.146.708.251;83673;ESP32-IDS-01;28.6;64.1;667;20;0;3.3;normal
1.779.145.112.612;379523;ESP32-IDS-01;28.2;69.3;324;20;1;3.3;normal
1.779.145.654.121;920866;ESP32-IDS-01;28.4;66.7;879;20;2;3.5;normal
1.779.150.137.423;1941980;ESP32-IDS-01;28.9;67.9;614;19;1;0.1;dos
1.779.155.772.937;50018;ESP32-IDS-01;30.0;62.2;1249;368;1004;1.5;dos
1.779.149.181.868;986367;ESP32-IDS-01;28.8;68.5;728;19;1;3.3;normal
1.779.152.127.563;1929620;ESP32-IDS-01;29.9;64.3;369;22;2;8.32;dos
1779165567.9;1239714;ESP32-IDS-01;31.3;58.6;909;22;6;1.1;dos
1.779.150.386.936;188926;ESP32-IDS-01;28.8;68.0;667;29;12;3.3;dos
1.779.160.004.899;137809;ESP32-IDS-01;30.6;61.5;934;55;21;4.64;dos
1.779.145.896.848;79108;ESP32-IDS-01;28.6;65.5;460;20;0;0.5;normal
1.779.154.188.852;19090;ESP32-IDS-01;29.9;61.3;10000;296;320;0.1;dos
1779148404.12;208593;ESP32-IDS-01;28.6;69.9;963;19;2;3.5;normal
1.779.159.822.316;75325;ESP32-IDS-01;30.7;61.1;376;23;9;2.5;dos
1.779.151.300.992;1103054;ESP32-IDS-01;29.9;64.5;729;20;1;1.1;dos
1.779.148.666.534;471039;ESP32-IDS-01;28.9;68.9;540;20;0;1.1;normal
1.779.159.554.545;365736;ESP32-IDS-01;30.7;61.1;535;32;10;1.9;dos
1.779.146.782.822;158247;ESP32-IDS-01;28.6;61.5;355;20;1;1.3;normal
1.779.160.003.092;136090;ESP32-IDS-01;30.6;61.5;807;23;10;5.08;dos
1.779.164.983.543;655329;ESP32-IDS-01;30.6;60.7;368;18;1;2.2;dos
1.779.155.715.679;40843;ESP32-IDS-01;30.0;62.1;10000;182;197;0.78;dos
1.779.146.500.832;128594;ESP32-IDS-01;28.6;64.4;468;22;8;2.6;normal
1.779.155.414.975;105780;ESP32-IDS-01;30.0;62.3;601;17;3;2.16;dos
1.779.150.901.647;685945;ESP32-IDS-01;29.4;66.2;793;9999;0;1.4;dos
1.779.152.706.187;181744;ESP32-IDS-01;29.9;63.4;1111;63;11;1.7;dos
1.779.166.418.723;85414;ESP32-IDS-01;29.9;54.6;8236;28;4;1.12;dos
1.779.149.598.182;1402682;ESP32-IDS-01;29.1;67.7;460;30;5;0.3;normal
1.779.152.037.144;1839149;ESP32-IDS-01;29.8;64.4;938;47;15;2.27;dos
1.779.155.337.567;18319;ESP32-IDS-01;30.0;62.3;801;45;30;4.15;dos
1.779.167.393.169;431973;ESP32-IDS-01;28.6;52.4;921;46;28;2.19;dos
1.779.149.635.283;1439788;ESP32-IDS-01;29.0;67.7;736;23;9;3.0;normal
1779148712.42;516929;ESP32-IDS-01;29.0;68.6;924;19;1;0.4;normal
1779151365.7;1167737;ESP32-IDS-01;29.9;64.4;370;21;2;3.0;dos
1.779.145.288.339;555259;ESP32-IDS-01;28.3;71.2;431;19;3;0.2;normal
1.779.150.830.517;632427;ESP32-IDS-01;29.5;66.2;6056;63;40;0.97;dos
1.779.151.193.239;995250;ESP32-IDS-01;29.8;64.9;317;34;9;2.4;dos
1.779.159.235.457;46609;ESP32-IDS-01;30.6;60.7;314;32;28;1.5;dos
1.779.159.594.672;405764;ESP32-IDS-01;30.7;61.0;901;64;65;4.74;dos
1.779.166.682.021;227176;ESP32-IDS-01;29.3;54.6;618;52;4;2.0;dos
1.779.149.614.212;1418685;ESP32-IDS-01;29.0;67.7;656;33;39;3.0;normal
1.779.146.388.163;15899;ESP32-IDS-01;28.7;62.6;801;22;1;2.9;normal
1.779.151.477.121;1279156;ESP32-IDS-01;30.0;64.0;591;31;9;0.5;dos
1779153517.43;492106;ESP32-IDS-01;30.0;62.6;2382;62;2;0.62;dos
1.779.150.869.938;670702;ESP32-IDS-01;29.5;66.2;6913;81;42;3.64;dos
1779157387.78;84065;ESP32-IDS-01;30.1;61.8;3495;409;528;1.3;dos
1.779.148.384.255;188594;ESP32-IDS-01;28.5;70.0;775;71;148;3.4;normal
1.779.156.092.154;94387;ESP32-IDS-01;30.0;61.9;823;30;16;4.12;dos
1.779.145.670.846;937777;ESP32-IDS-01;28.4;65.4;303;20;1;1.9;normal
1.779.145.099.408;366297;ESP32-IDS-01;28.2;69.8;722;18;2;1.6;normal
1.779.149.147.818;952340;ESP32-IDS-01;28.9;68.4;345;20;1;1.9;normal
1.779.149.291.695;1096211;ESP32-IDS-01;28.9;68.4;329;23;5;1.8;normal
1.779.151.339.058;1141123;ESP32-IDS-01;29.9;64.4;783;19;1;2.2;dos
1779145899.15;81386;ESP32-IDS-01;28.6;65.4;436;20;1;0.1;normal
1.779.165.704.597;1376408;ESP32-IDS-01;31.4;58.2;610;26;12;1.6;dos
1.779.167.432.873;468952;ESP32-IDS-01;28.6;52.4;2695;524;688;3.67;dos
1779154729.13;407046;ESP32-IDS-01;30.1;62.3;4156;62;15;3.5;dos
1.779.148.840.843;645356;ESP32-IDS-01;28.9;68.6;330;19;0;0.6;normal
1.779.152.801.571;278261;ESP32-IDS-01;29.9;63.4;613;49;46;1.93;dos
1.779.149.326.396;1129833;ESP32-IDS-01;28.9;68.3;537;384;546;1.9;normal
1.779.149.326.522;1131058;ESP32-IDS-01;28.9;68.3;1225;17;2;3.3;normal
1.779.154.150.389;286301;ESP32-IDS-01;30.0;62.5;833;404;1077;2.5;dos
1.779.148.317.567;122022;ESP32-IDS-01;28.4;70.3;898;33;37;0.2;normal
1.779.146.733.123;108522;ESP32-IDS-01;28.6;64.8;752;19;2;3.2;normal
1.779.151.344.793;1146798;ESP32-IDS-01;29.9;64.5;657;32;34;2.4;dos
1.779.156.222.351;79332;ESP32-IDS-01;30.0;61.9;563;21;5;1.3;dos
1.779.149.156.373;960895;ESP32-IDS-01;28.8;68.5;486;20;0;0.8;normal
1.779.149.003.377;807892;ESP32-IDS-01;29.0;68.2;711;21;1;3.0;normal
1.779.153.609.176;581829;ESP32-IDS-01;30.0;62.7;371;396;479;10.99;dos
1.779.159.463.629;274795;ESP32-IDS-01;30.6;61.1;786;36;21;3.77;dos
1.779.153.291.191;262725;ESP32-IDS-01;30.0;62.8;1507;403;527;0.2;dos
1779146367.21;49242;ESP32-IDS-01;28.7;65.0;971;19;1;3.1;normal
1.779.149.086.039;890560;ESP32-IDS-01;28.9;68.3;938;19;2;1.8;normal
1.779.145.135.817;402733;ESP32-IDS-01;28.2;68.2;474;19;1;1.6;normal
1.779.149.787.244;1591791;ESP32-IDS-01;29.0;67.8;584;19;2;2.9;normal
1.779.152.536.053;12782;ESP32-IDS-01;30.0;63.5;474;33;12;1.6;dos
1.779.146.780.669;156094;ESP32-IDS-01;28.7;61.9;907;20;0;2.8;normal
1.779.148.333.965;138460;ESP32-IDS-01;28.4;70.3;400;20;0;1.2;normal
1.779.155.363.685;54385;ESP32-IDS-01;30.0;62.3;602;30;13;0.2;dos
1779146482.82;109974;ESP32-IDS-01;28.6;63.7;976;225;327;3.5;normal
1.779.145.561.007;827927;ESP32-IDS-01;28.4;66.7;505;21;1;1.3;normal
1.779.157.065.184;203466;ESP32-IDS-01;30.0;62.4;10000;1405;2684;1.35;dos
1.779.166.104.356;208262;ESP32-IDS-01;31.6;57.7;4382;34;17;3.23;dos
1.779.148.734.379;538886;ESP32-IDS-01;29.0;68.5;712;20;0;1.0;normal
1.779.148.492.187;296684;ESP32-IDS-01;28.7;69.5;975;21;2;1.0;normal
1.779.148.235.193;39655;ESP32-IDS-01;28.0;69.3;807;20;1;2.6;normal
1.779.151.770.547;1572575;ESP32-IDS-01;29.8;64.5;857;28;12;3.4;dos
1.779.145.146.748;413662;ESP32-IDS-01;28.2;69.4;658;20;0;2.0;normal
1.779.153.112.698;84338;ESP32-IDS-01;29.9;63.1;10000;397;1009;0.2;dos
1.779.151.380.946;1183012;ESP32-IDS-01;29.9;64.3;860;20;0;3.1;dos
1.779.153.192.834;149959;ESP32-IDS-01;29.9;63.2;7571;9999;0;3.03;dos
1.779.153.648.613;618076;ESP32-IDS-01;30.0;62.6;5714;1142;1417;1.8;dos
1.779.148.230.825;35317;ESP32-IDS-01;27.9;69.0;995;20;1;2.2;normal
1.779.150.156.054;1960607;ESP32-IDS-01;28.9;68.0;769;21;2;0.5;dos
1.779.146.752.329;127678;ESP32-IDS-01;28.6;64.7;968;36;25;2.8;normal
1.779.145.326.179;593101;ESP32-IDS-01;28.3;68.9;785;19;2;0.2;normal
1.779.146.213.167;155983;ESP32-IDS-01;28.6;65.3;590;20;1;2.6;normal
1.779.151.449.116;1251136;ESP32-IDS-01;30.0;64.1;366;20;0;1.3;dos
1.779.145.888.185;70439;ESP32-IDS-01;28.5;65.7;993;20;0;2.5;normal
1.779.150.559.751;361668;ESP32-IDS-01;29.2;67.4;2209;50;5;3.25;dos
1779151320.44;1122489;ESP32-IDS-01;29.9;64.4;771;24;8;3.0;dos
1.779.151.245.091;1047149;ESP32-IDS-01;29.9;64.8;575;20;0;1.7;dos
1.779.150.150.274;1954832;ESP32-IDS-01;28.9;68.0;542;19;2;2.6;dos
1.779.159.016.836;99283;ESP32-IDS-01;30.4;60.7;931;18;2;3.05;dos
1.779.149.581.271;1385779;ESP32-IDS-01;29.1;67.8;374;29;15;3.0;normal
1.779.148.918.334;722840;ESP32-IDS-01;28.9;68.5;442;21;2;0.3;normal
1.779.148.399.419;203868;ESP32-IDS-01;28.6;69.9;322;35;20;2.9;normal
1.779.146.338.691;20711;ESP32-IDS-01;28.6;62.3;515;23;5;1.3;normal
1.779.149.226.583;1031108;ESP32-IDS-01;28.9;68.5;392;20;1;3.1;normal
1.779.165.733.088;1389835;ESP32-IDS-01;31.4;58.2;10000;2700;484;2.88;dos
1.779.148.504.564;309064;ESP32-IDS-01;28.7;69.5;409;19;1;3.4;normal
1779146588.71;85293;ESP32-IDS-01;28.6;63.0;991;21;2;0.4;normal
1.779.155.009.815;277921;ESP32-IDS-01;30.0;62.5;762;27;21;3.51;dos
1.779.150.144.925;1949483;ESP32-IDS-01;28.9;68.0;586;19;3;2.6;dos
1.779.149.779.485;1583821;ESP32-IDS-01;29.0;67.8;620;81;184;1.2;normal
1.779.149.274.009;1078539;ESP32-IDS-01;28.9;68.4;948;19;2;1.1;normal
1.779.145.638.332;905264;ESP32-IDS-01;28.4;66.4;601;20;1;3.4;normal
1.779.146.346.165;28199;ESP32-IDS-01;28.7;65.3;480;19;1;0.4;normal
1.779.146.474.303;102071;ESP32-IDS-01;28.6;62.8;707;20;0;2.9;normal
1.779.159.328.581;139746;ESP32-IDS-01;30.4;61.2;1226;29;20;4.02;dos
1.779.151.713.945;1514835;ESP32-IDS-01;29.8;64.6;1704;412;531;2.2;dos
1.779.159.593.493;403241;ESP32-IDS-01;30.7;61.0;3088;513;707;2.62;dos
1.779.151.346.875;1148938;ESP32-IDS-01;29.9;64.5;707;20;0;3.1;dos
1.779.149.021.955;826467;ESP32-IDS-01;29.0;68.2;358;21;3;3.5;normal
1.779.146.074.911;17752;ESP32-IDS-01;28.5;63.0;330;19;1;0.2;normal
1.779.146.561.273;57861;ESP32-IDS-01;28.6;64.9;840;20;1;0.3;normal
1779154466.57;145659;ESP32-IDS-01;30.1;62.4;1196;30;18;1.14;dos
1.779.159.600.384;411584;ESP32-IDS-01;30.7;61.0;708;27;12;4.21;dos
1.779.156.832.517;505583;ESP32-IDS-01;30.0;62.2;546;9999;0;4.83;dos
1.779.165.067.077;738748;ESP32-IDS-01;30.7;60.3;458;57;2;9.55;dos
1.779.150.784.547;586570;ESP32-IDS-01;29.5;66.3;845;22;5;6.12;dos
1.779.165.340.434;1012201;ESP32-IDS-01;31.0;59.3;957;27;0;2.84;dos
1.779.149.360.856;1165210;ESP32-IDS-01;29.0;68.2;696;78;88;1.2;normal
1.779.154.650.386;329485;ESP32-IDS-01;30.1;62.3;892;32;10;1.92;dos
1.779.148.825.846;630119;ESP32-IDS-01;28.9;68.6;474;19;3;0.2;normal
1.779.148.626.336;430841;ESP32-IDS-01;28.8;69.1;780;20;0;0.4;normal
1.779.159.196.613;7820;ESP32-IDS-01;30.6;59.5;626;21;10;4.9;dos
1.779.157.752.627;53736;ESP32-IDS-01;30.3;60.9;602;41;27;1.86;dos
1779158697.5;178963;ESP32-IDS-01;30.1;61.7;873;33;18;1.3;dos
1.779.151.356.588;1158625;ESP32-IDS-01;29.9;64.4;739;21;2;3.4;dos
1779149448.78;1253306;ESP32-IDS-01;28.9;68.2;887;21;0;0.6;normal
1.779.151.509.386;1311452;ESP32-IDS-01;30.0;64.0;471;20;1;0.8;dos
1.779.148.802.857;607140;ESP32-IDS-01;28.9;68.5;301;96;230;3.3;normal
1.779.167.342.813;381708;ESP32-IDS-01;28.7;52.6;1947;21;6;2.51;dos
1.779.145.902.305;84540;ESP32-IDS-01;28.6;65.3;633;20;3;0.8;normal
1.779.145.746.079;33576;ESP32-IDS-01;28.5;66.4;737;19;3;0.8;normal
1.779.148.499.503;303830;ESP32-IDS-01;28.7;69.5;848;76;88;3.0;normal
1.779.145.996.457;178720;ESP32-IDS-01;28.6;63.6;395;20;2;0.5;normal
1.779.158.423.338;43525;ESP32-IDS-01;30.3;61.1;1385;338;479;2.32;dos
1.779.151.554.033;1356106;ESP32-IDS-01;29.9;64.1;533;19;3;0.8;dos
1.779.150.446.769;235558;ESP32-IDS-01;28.9;68.0;750;1854;969;2.3;dos
1.779.157.833.194;39329;ESP32-IDS-01;30.3;60.9;2924;406;1012;2.14;dos
1.779.150.877.676;679639;ESP32-IDS-01;29.5;66.1;363;48;46;4.25;dos
1.779.150.384.996;186992;ESP32-IDS-01;28.8;68.0;436;22;7;0.1;dos
1.779.151.556.313;1358363;ESP32-IDS-01;29.9;64.1;862;19;3;1.1;dos
1.779.158.953.545;16016;ESP32-IDS-01;30.5;60.5;5843;9999;0;3.3;dos
1.779.167.002.327;40073;ESP32-IDS-01;28.9;52.8;6397;54;8;1.76;dos
1.779.150.068.465;1872988;ESP32-IDS-01;29.0;67.7;850;21;1;1.1;dos
1.779.151.989.375;1791395;ESP32-IDS-01;29.8;64.3;938;26;9;6.33;dos
1.779.150.555.151;355045;ESP32-IDS-01;29.1;67.4;2396;49;24;2.02;dos
1.779.150.695.782;497712;ESP32-IDS-01;29.4;66.8;620;51;34;1.5;dos
1.779.149.785.972;1590306;ESP32-IDS-01;29.0;67.8;561;90;110;3.2;normal
1.779.149.130.405;934914;ESP32-IDS-01;28.9;68.4;747;24;6;0.2;normal
1.779.148.811.198;615708;ESP32-IDS-01;28.9;68.5;669;19;1;3.4;normal
1.779.149.110.183;914701;ESP32-IDS-01;28.9;68.3;732;21;1;1.8;normal
1.779.167.502.847;526258;ESP32-IDS-01;28.6;51.9;722;9999;0;0.8;dos
1.779.165.364.918;1018986;ESP32-IDS-01;31.0;59.2;697;9999;0;3.0;dos
1.779.150.103.635;1908186;ESP32-IDS-01;28.9;67.9;689;20;0;3.0;dos
1.779.146.687.384;62805;ESP32-IDS-01;28.6;64.2;535;20;1;1.0;normal
1.779.156.525.431;203838;ESP32-IDS-01;30.0;61.8;10000;9999;0;1.07;dos
1.779.150.745.477;547469;ESP32-IDS-01;29.5;66.3;695;35;16;2.94;dos
1.779.149.604.137;1408630;ESP32-IDS-01;29.1;67.7;393;26;11;0.9;normal
1.779.157.315.451;7163;ESP32-IDS-01;30.1;60.6;466;1112;2127;2.25;dos
1.779.149.362.153;1166657;ESP32-IDS-01;29.0;68.2;427;20;0;1.6;normal
1.779.155.686.696;13321;ESP32-IDS-01;30.0;62.1;686;37;23;1.8;dos
1.779.150.644.269;443910;ESP32-IDS-01;29.2;67.2;10000;87;36;1.0;dos
1.779.146.081.933;24748;ESP32-IDS-01;28.5;64.1;486;19;1;2.4;normal
1.779.148.677.254;481736;ESP32-IDS-01;28.9;68.9;366;26;5;2.8;normal
1.779.145.443.616;710538;ESP32-IDS-01;28.3;68.5;619;21;1;1.6;normal
1.779.150.685.815;487381;ESP32-IDS-01;29.3;66.8;6374;58;16;0.86;dos
1.779.148.489.924;294422;ESP32-IDS-01;28.7;69.5;936;20;0;3.0;normal
1.779.165.342.941;1014739;ESP32-IDS-01;31.0;59.3;1225;18;1;2.12;dos
1.779.148.570.276;374708;ESP32-IDS-01;28.7;69.4;639;35;42;1.1;normal
1.779.151.710.905;1511771;ESP32-IDS-01;29.8;64.6;10000;411;520;2.48;dos
1.779.148.730.431;534915;ESP32-IDS-01;29.0;68.5;972;19;2;2.9;normal
1.779.146.335.906;17933;ESP32-IDS-01;28.7;64.6;820;20;0;1.7;normal
1.779.149.097.428;901937;ESP32-IDS-01;28.9;68.3;429;24;6;3.1;normal
1.779.164.879.789;551122;ESP32-IDS-01;30.4;61.7;709;152;242;3.72;dos
1.779.145.965.456;147691;ESP32-IDS-01;28.6;64.7;674;20;0;2.4;normal
1779152521.3;2323156;ESP32-IDS-01;29.9;63.6;585;81;121;3.21;dos
1779150149.73;1954290;ESP32-IDS-01;28.9;68.0;996;18;0;3.0;dos
1.779.151.495.806;1297844;ESP32-IDS-01;30.0;64.0;719;30;16;2.3;dos
1779145163.86;430597;ESP32-IDS-01;28.3;71.8;903;19;1;2.7;normal
1.779.153.880.374;17435;ESP32-IDS-01;30.0;60.8;6397;19;1;1.76;dos
1.779.157.932.241;83529;ESP32-IDS-01;30.3;60.8;1275;23;9;1.18;dos
1.779.151.281.741;1083803;ESP32-IDS-01;29.9;64.6;957;20;0;1.8;dos
1779149645.13;1449641;ESP32-IDS-01;29.0;67.7;337;21;1;0.9;normal
1.779.145.846.929;29141;ESP32-IDS-01;28.5;65.3;752;27;15;2.8;normal
1.779.156.043.053;45254;ESP32-IDS-01;30.1;62.0;965;37;13;3.34;dos
1.779.146.294.836;237683;ESP32-IDS-01;28.6;65.5;587;20;1;1.7;normal
1.779.158.964.482;43020;ESP32-IDS-01;30.5;60.5;2107;193;42;1.97;dos
1.779.146.385.007;12747;ESP32-IDS-01;28.7;64.1;686;21;3;1.8;normal
1.779.167.038.816;68659;ESP32-IDS-01;28.8;53.1;10000;2037;3959;1.06;dos
1779146490.79;118559;ESP32-IDS-01;28.6;64.4;494;20;0;1.5;normal
1.779.155.307.846;564967;ESP32-IDS-01;30.0;62.3;10000;2609;2807;1.37;dos
1.779.149.620.695;1425232;ESP32-IDS-01;29.0;67.7;503;20;1;1.9;normal
1.779.149.394.858;1199392;ESP32-IDS-01;29.0;68.1;314;19;1;0.5;normal
1.779.155.146.524;414568;ESP32-IDS-01;30.1;62.2;654;42;22;3.93;dos
1.779.150.971.445;773212;ESP32-IDS-01;29.6;66.0;396;111;249;2.6;dos
1.779.149.698.098;1502637;ESP32-IDS-01;29.0;67.9;446;19;1;3.2;normal
1.779.152.977.415;453930;ESP32-IDS-01;29.9;63.1;6945;103;34;0.34;dos
1.779.157.388.048;87519;ESP32-IDS-01;30.1;61.8;3454;24;6;1.3;dos
1.779.149.249.087;1053583;ESP32-IDS-01;28.9;68.5;400;21;2;3.2;normal
1.779.149.217.571;1022103;ESP32-IDS-01;28.8;68.5;1201;17;2;2.4;normal
1.779.152.075.659;1876526;ESP32-IDS-01;29.8;64.4;730;56;27;2.5;dos
1.779.151.630.748;1432814;ESP32-IDS-01;29.9;64.2;746;17;0;2.74;dos
1.779.149.388.508;1193034;ESP32-IDS-01;29.0;68.1;992;21;1;1.8;normal
1.779.148.642.313;446818;ESP32-IDS-01;28.8;69.0;331;20;1;0.3;normal
1.779.155.183.024;448240;ESP32-IDS-01;30.0;62.2;697;973;2758;6.04;dos
1.779.157.032.615;178745;ESP32-IDS-01;30.0;62.4;873;26;6;2.45;dos
1.779.149.649.001;1453539;ESP32-IDS-01;29.0;67.7;717;20;0;2.1;normal
1.779.148.700.796;505278;ESP32-IDS-01;28.9;68.7;796;20;1;0.7;normal
1.779.158.424.846;45907;ESP32-IDS-01;30.3;61.1;314;44;22;1.5;dos
1.779.149.784.271;1588693;ESP32-IDS-01;29.0;67.8;651;57;37;0.9;normal
1.779.148.978.532;783043;ESP32-IDS-01;28.9;68.4;327;20;1;3.4;normal
1.779.159.704.437;90241;ESP32-IDS-01;30.7;61.1;728;9999;0;1.3;dos
1.779.145.265.587;532502;ESP32-IDS-01;28.2;67.1;627;19;2;2.8;normal
1.779.146.019.917;202155;ESP32-IDS-01;28.6;62.3;560;21;1;1.6;normal
1.779.148.305.986;110409;ESP32-IDS-01;28.3;70.3;976;20;1;3.5;normal
1.779.157.472.177;38587;ESP32-IDS-01;30.2;61.7;1648;82;47;2.21;dos
1.779.157.347.239;46650;ESP32-IDS-01;30.1;61.8;801;28;17;4.15;dos
1.779.166.689.601;233802;ESP32-IDS-01;29.3;54.6;755;22;8;5.25;dos
1.779.164.801.568;473298;ESP32-IDS-01;30.3;62.1;914;31;19;2.59;dos
1.779.146.005.679;187945;ESP32-IDS-01;28.6;64.8;569;20;1;1.3;normal
1.779.156.675.054;366598;ESP32-IDS-01;30.1;61.7;752;360;1003;5.86;dos
1.779.148.696.644;501122;ESP32-IDS-01;28.9;68.7;453;21;4;1.1;normal
1.779.154.151.892;288824;ESP32-IDS-01;29.9;62.7;762;67;45;4.82;dos
1.779.159.138.019;76642;ESP32-IDS-01;30.5;60.7;9498;1605;4612;0.31;dos
1.779.153.784.532;123869;ESP32-IDS-01;30.0;62.5;2465;262;321;3.01;dos
1779145543.12;810031;ESP32-IDS-01;28.4;71.2;681;24;9;0.5;normal
1.779.145.451.238;718158;ESP32-IDS-01;28.3;71.2;834;21;2;3.2;normal
1.779.166.870.863;407297;ESP32-IDS-01;29.2;54.3;10000;1934;3805;1.75;dos
1.779.153.341.039;315865;ESP32-IDS-01;30.0;62.7;1173;20;4;1.85;dos
1.779.148.236.908;41374;ESP32-IDS-01;28.0;69.3;934;29;25;2.5;normal
1.779.148.473.077;277575;ESP32-IDS-01;28.7;69.5;967;20;3;3.2;normal
1.779.148.776.007;580503;ESP32-IDS-01;28.9;68.5;937;24;8;0.8;normal
1.779.151.334.791;1136852;ESP32-IDS-01;29.9;64.4;980;20;0;2.9;dos
1.779.167.486.715;525536;ESP32-IDS-01;28.6;51.9;494;37;16;7.45;dos
1.779.146.357.624;39620;ESP32-IDS-01;28.7;62.2;807;23;5;2.6;normal
1.779.146.357.624;39620;ESP32-IDS-01;28.7;62.2;807;23;5;2.6;normal
1779165972.42;78489;ESP32-IDS-01;31.4;57.6;571;27;27;2.25;dos
1779151382.31;1184348;ESP32-IDS-01;29.9;64.3;807;20;0;3.1;dos
1.779.152.617.659;92237;ESP32-IDS-01;30.0;63.4;2127;67;15;3.27;dos
1.779.146.519.048;15637;ESP32-IDS-01;28.6;62.0;479;19;1;1.5;normal
1.779.152.576.502;53286;ESP32-IDS-01;29.9;63.5;515;20;4;1.3;dos
1.779.148.970.719;775233;ESP32-IDS-01;28.9;68.4;480;21;1;0.5;normal
1.779.153.075.984;50760;ESP32-IDS-01;29.9;63.1;655;30;8;2.5;dos
1.779.155.415.474;106247;ESP32-IDS-01;30.0;62.3;467;31;21;4.24;dos
1.779.146.587.114;83669;ESP32-IDS-01;28.6;63.9;587;31;17;1.0;normal
1.779.149.667.671;1472211;ESP32-IDS-01;29.0;67.8;921;20;0;0.4;normal
1.779.146.617.488;114078;ESP32-IDS-01;28.7;63.7;669;20;0;3.1;normal
1779150474.75;276771;ESP32-IDS-01;29.0;67.8;426;23;14;1.7;dos
1.779.148.576.582;381085;ESP32-IDS-01;28.7;69.4;771;20;0;3.0;normal
1.779.146.097.054;39894;ESP32-IDS-01;28.5;63.5;785;19;4;3.2;normal
1779146739.9;115303;ESP32-IDS-01;28.6;64.4;634;19;2;2.5;normal
1.779.151.143.659;940714;ESP32-IDS-01;29.8;65.1;2827;249;176;2.2;dos
1.779.151.481.154;1283221;ESP32-IDS-01;30.0;64.0;854;21;1;0.3;dos
1.779.150.153.613;1958169;ESP32-IDS-01;28.9;68.0;863;20;0;3.1;dos
1.779.149.219.104;1023629;ESP32-IDS-01;28.8;68.5;317;19;1;2.5;normal
1.779.159.096.542;35072;ESP32-IDS-01;30.5;59.5;1341;960;1393;1.6;dos
1.779.151.813.603;1615512;ESP32-IDS-01;29.8;64.5;991;59;33;4.31;dos
1.779.145.371.592;638505;ESP32-IDS-01;28.3;68.5;567;21;2;0.2;normal
1.779.151.458.485;1260552;ESP32-IDS-01;30.0;64.0;389;20;0;2.2;dos
1.779.150.562.094;364103;ESP32-IDS-01;29.2;67.4;653;20;11;4.03;dos
1.779.148.872.543;677052;ESP32-IDS-01;28.9;68.5;910;20;3;2.7;normal
1.779.149.305.498;1110024;ESP32-IDS-01;28.9;68.3;547;19;4;2.7;normal
1.779.150.245.638;47662;ESP32-IDS-01;28.9;67.9;549;21;1;3.4;dos
1.779.149.563.075;1367434;ESP32-IDS-01;29.1;67.8;532;21;1;1.5;normal
1779145774.68;62185;ESP32-IDS-01;28.5;65.7;535;19;1;1.0;normal
1.779.150.096.109;1900665;ESP32-IDS-01;28.9;67.8;516;19;2;0.4;dos
1.779.157.250.295;76481;ESP32-IDS-01;30.1;62.2;6295;55;22;2.66;dos
1.779.145.980.374;162607;ESP32-IDS-01;28.6;65.4;959;22;8;1.0;normal
1.779.155.323.248;14007;ESP32-IDS-01;30.0;62.3;898;26;6;1.5;dos
1.779.158.901.882;54974;ESP32-IDS-01;30.5;60.7;515;9999;0;1.3;dos
1.779.150.090.577;1895124;ESP32-IDS-01;28.9;67.8;576;21;3;0.9;dos
1.779.145.180.893;447809;ESP32-IDS-01;28.3;69.2;828;20;0;3.3;normal
1.779.153.524.706;499453;ESP32-IDS-01;30.0;62.7;717;46;44;4.79;dos
1.779.149.330.932;1135458;ESP32-IDS-01;28.9;68.3;377;20;1;0.9;normal
1.779.165.655.679;1327494;ESP32-IDS-01;31.4;58.4;518;21;6;2.8;dos
1.779.151.323.936;1125970;ESP32-IDS-01;29.9;64.4;968;20;0;1.5;dos
1.779.146.437.604;65173;ESP32-IDS-01;28.7;64.2;604;86;101;2.0;normal
1.779.145.687.057;953986;ESP32-IDS-01;28.4;64.2;575;21;1;1.6;normal
1.779.164.887.701;559480;ESP32-IDS-01;30.5;61.5;4475;24;7;0.62;dos
1.779.164.487.175;158958;ESP32-IDS-01;29.7;64.7;784;18;4;2.0;dos
1779165253.4;925200;ESP32-IDS-01;30.9;59.5;830;17;1;1.5;dos
1.779.148.518.718;323198;ESP32-IDS-01;28.7;69.5;332;26;9;1.2;normal
1.779.152.173.227;1975290;ESP32-IDS-01;29.8;64.3;481;29;15;3.58;dos
1.779.149.371.412;1175918;ESP32-IDS-01;29.0;68.2;701;19;1;2.3;normal
1.779.145.459.638;726563;ESP32-IDS-01;28.3;68.6;317;20;0;1.5;normal
1.779.149.486.062;1290595;ESP32-IDS-01;28.9;68.2;366;20;0;2.8;normal
1.779.149.150.075;954603;ESP32-IDS-01;28.9;68.4;309;18;1;0.1;normal
1.779.151.551.781;1353856;ESP32-IDS-01;29.9;64.1;567;19;3;0.2;dos
1.779.166.598.186;143377;ESP32-IDS-01;29.4;54.9;4932;31;20;1.3;dos
1.779.149.027.686;832199;ESP32-IDS-01;29.0;68.2;877;21;1;0.7;normal
1.779.148.693.901;498376;ESP32-IDS-01;28.9;68.7;788;31;18;0.8;normal
1.779.160.220.467;76766;ESP32-IDS-01;30.7;61.1;10000;768;1029;0.94;dos
1.779.149.621.661;1426198;ESP32-IDS-01;29.0;67.7;966;20;1;2.4;normal
1779165464.36;1135217;ESP32-IDS-01;31.1;59.1;7798;321;49;2.33;dos
1.779.151.491.018;1293090;ESP32-IDS-01;30.0;64.0;993;19;2;1.8;dos
1.779.152.220.559;2022596;ESP32-IDS-01;29.9;64.1;1233;30;13;1.81;dos
1.779.148.258.137;62626;ESP32-IDS-01;28.0;70.0;535;21;1;1.0;normal
1.779.149.563.749;1368258;ESP32-IDS-01;29.1;67.8;300;20;0;3.2;normal
1.779.150.878.145;680084;ESP32-IDS-01;29.5;66.1;445;37;34;1.3;dos
1.779.158.516.605;137712;ESP32-IDS-01;30.2;61.5;601;34;27;2.16;dos
1.779.150.699.785;501754;ESP32-IDS-01;29.4;66.6;759;39;32;4.54;dos
1.779.158.368.572;18719;ESP32-IDS-01;30.4;61.0;7356;9999;0;1.04;dos
1.779.166.593.044;136728;ESP32-IDS-01;29.4;55.0;762;541;1493;0.3;dos
1.779.145.421.477;688400;ESP32-IDS-01;28.3;68.7;892;20;0;3.4;normal
1779149397.72;1202241;ESP32-IDS-01;29.0;68.1;593;23;8;2.6;normal
1.779.150.641.733;429579;ESP32-IDS-01;29.2;67.2;10000;9999;0;3.47;dos
1.779.165.878.074;128723;ESP32-IDS-01;31.4;57.8;1770;1278;1349;1.4;dos
1.779.148.841.761;646270;ESP32-IDS-01;28.9;68.6;914;20;2;2.1;normal
1.779.148.767.512;571995;ESP32-IDS-01;28.9;68.5;770;20;0;2.1;normal
1.779.151.636.728;1438723;ESP32-IDS-01;29.8;64.4;944;33;20;1.66;dos
1.779.145.734.768;22246;ESP32-IDS-01;28.5;64.7;602;20;2;0.2;normal
1.779.157.077.333;223499;ESP32-IDS-01;29.9;62.6;301;23;6;3.0;dos
1.779.152.169.332;1971362;ESP32-IDS-01;29.9;64.3;698;36;19;8.26;dos
1.779.149.805.837;1610383;ESP32-IDS-01;29.0;67.8;489;20;1;0.1;normal
1.779.145.146.092;413004;ESP32-IDS-01;28.2;69.4;637;20;0;0.3;normal
1.779.145.513.547;780467;ESP32-IDS-01;28.3;70.9;701;21;4;2.6;normal
1.779.153.285.339;255137;ESP32-IDS-01;30.0;62.8;10000;969;1386;2.04;dos
1779151358.99;1161055;ESP32-IDS-01;29.9;64.4;603;20;0;3.4;dos
1.779.148.549.717;354215;ESP32-IDS-01;28.7;69.5;979;21;1;2.6;normal
1.779.166.513.457;58690;ESP32-IDS-01;29.5;54.9;486;18;1;2.4;dos
1.779.154.420.836;99954;ESP32-IDS-01;30.1;62.3;995;26;6;4.21;dos
1.779.148.481.856;286327;ESP32-IDS-01;28.7;69.5;303;21;0;2.3;normal
1.779.156.622.349;313616;ESP32-IDS-01;30.0;61.7;5177;409;511;1.8;dos
1.779.145.528.012;794940;ESP32-IDS-01;28.4;68.1;636;20;3;0.2;normal
1.779.151.285.384;1087446;ESP32-IDS-01;29.9;64.6;493;20;0;2.3;dos
1.779.146.722.935;98140;ESP32-IDS-01;28.6;64.8;919;28;7;0.5;normal
1.779.154.691.247;370336;ESP32-IDS-01;30.1;62.3;516;24;8;1.9;dos
1.779.157.346.486;45849;ESP32-IDS-01;30.1;61.8;479;29;25;1.5;dos
1.779.165.882.937;137378;ESP32-IDS-01;31.4;57.6;934;17;2;3.57;dos
1.779.155.134.338;401275;ESP32-IDS-01;30.1;62.2;1742;404;535;3.5;dos
1.779.157.785.559;84371;ESP32-IDS-01;30.3;60.9;6306;77;59;2.96;dos
1.779.150.296.483;98406;ESP32-IDS-01;28.8;67.9;300;54;54;2.4;dos
1779150740.79;542201;ESP32-IDS-01;29.4;66.6;6564;217;540;1.35;dos
1.779.167.102.666;141519;ESP32-IDS-01;28.8;53.3;697;32;22;2.8;dos
1.779.166.286.739;143142;ESP32-IDS-01;30.5;54.7;455;23;8;2.9;dos
1.779.167.109.398;148291;ESP32-IDS-01;28.8;53.4;301;19;2;3.0;dos
1779164759.37;431133;ESP32-IDS-01;30.2;62.5;579;28;36;5.55;dos
1779148789.52;594018;ESP32-IDS-01;28.9;68.5;802;24;5;0.2;normal
1.779.145.337.855;604705;ESP32-IDS-01;28.3;68.9;387;43;35;1.0;normal
1.779.165.784.439;37249;ESP32-IDS-01;31.4;58.0;1938;553;760;1.42;dos
1.779.145.569.099;836027;ESP32-IDS-01;28.4;68.5;530;20;1;3.5;normal
1.779.148.849.453;653940;ESP32-IDS-01;28.9;68.6;527;20;0;0.2;normal
1.779.149.803.071;1607618;ESP32-IDS-01;29.0;67.8;374;19;3;1.0;normal
1.779.157.575.094;48105;ESP32-IDS-01;30.2;61.4;801;30;16;4.15;dos
1.779.149.362.153;1166657;ESP32-IDS-01;29.0;68.2;427;20;0;1.6;normal
1.779.148.372.289;176760;ESP32-IDS-01;28.5;70.0;360;20;1;3.3;normal
1.779.156.047.296;49258;ESP32-IDS-01;30.1;62.0;330;105;99;0.2;dos
1.779.146.311.442;254291;ESP32-IDS-01;28.6;63.3;617;19;1;0.3;normal
1.779.156.357.566;50118;ESP32-IDS-01;30.0;61.8;667;28;18;0.5;dos
1.779.152.221.886;2023956;ESP32-IDS-01;29.9;64.1;913;21;10;0.7;dos
1.779.148.712.918;517423;ESP32-IDS-01;29.0;68.6;494;20;5;2.1;normal
1.779.148.830.985;635493;ESP32-IDS-01;28.9;68.6;723;21;2;1.1;normal
1779152212.86;2009735;ESP32-IDS-01;29.9;64.3;1448;1037;1475;1.19;dos
1.779.152.894.343;371117;ESP32-IDS-01;29.9;63.2;360;27;10;1.5;dos
1.779.145.678.554;945486;ESP32-IDS-01;28.5;65.0;691;20;0;2.5;normal
1.779.158.561.038;42501;ESP32-IDS-01;30.2;61.5;898;31;12;2.61;dos
1.779.159.512.607;323780;ESP32-IDS-01;30.6;61.0;483;27;7;7.24;dos
1779146754.69;130113;ESP32-IDS-01;28.6;64.7;653;19;4;2.5;normal
1.779.158.446.232;53977;ESP32-IDS-01;30.2;61.4;602;9999;0;0.2;dos
1.779.155.807.688;85384;ESP32-IDS-01;30.0;62.2;3131;162;217;2.82;dos
1.779.152.670.701;147402;ESP32-IDS-01;29.9;63.4;2307;40;20;3.53;dos
1.779.155.456.274;145954;ESP32-IDS-01;30.0;62.3;697;394;505;4.23;dos
1.779.152.263.817;2065808;ESP32-IDS-01;29.9;64.1;812;49;28;5.56;dos
1.779.145.183.556;450465;ESP32-IDS-01;28.3;69.2;403;21;1;2.1;normal
1.779.154.247.328;43062;ESP32-IDS-01;30.0;62.6;820;29;4;2.92;dos
1.779.151.254.946;1056981;ESP32-IDS-01;29.9;64.8;460;20;1;1.3;dos
1.779.158.911.448;74655;ESP32-IDS-01;30.5;60.7;10000;2264;1887;1.55;dos
1.779.146.735.453;110880;ESP32-IDS-01;28.6;64.8;976;19;2;3.5;normal
1779157751.97;53134;ESP32-IDS-01;30.3;60.9;762;29;9;3.01;dos
1.779.150.335.564;137260;ESP32-IDS-01;28.8;68.0;841;118;152;3.09;dos
1.779.155.141.541;409594;ESP32-IDS-01;30.0;62.2;710;25;13;3.0;dos
1.779.157.683.973;141656;ESP32-IDS-01;30.3;61.2;993;2827;2649;3.3;dos
1.779.151.336.058;1138122;ESP32-IDS-01;29.9;64.4;357;20;0;2.9;dos
1.779.155.233.338;501461;ESP32-IDS-01;30.0;62.3;921;24;6;1.1;dos
1.779.155.411.885;102653;ESP32-IDS-01;30.0;62.3;590;28;10;6.49;dos
1.779.148.778.199;582707;ESP32-IDS-01;28.9;68.5;327;20;2;0.5;normal
1779145381.52;648431;ESP32-IDS-01;28.3;68.7;939;22;7;1.9;normal
1.779.145.801.752;17700;ESP32-IDS-01;28.5;66.2;330;20;0;0.2;normal
1.779.165.790.327;44760;ESP32-IDS-01;31.4;58.0;965;19;7;4.37;dos
1.779.145.259.795;526701;ESP32-IDS-01;28.2;68.8;575;23;14;3.5;normal
1.779.166.511.329;56537;ESP32-IDS-01;29.5;53.8;1256;33;7;1.2;dos
1.779.152.838.083;311477;ESP32-IDS-01;29.9;63.3;7799;416;976;3.63;dos
1779146464.45;92218;ESP32-IDS-01;28.6;65.0;528;20;1;2.9;normal
1.779.165.480.887;1152610;ESP32-IDS-01;31.2;59.1;3121;23;10;1.42;dos
1.779.148.905.463;709976;ESP32-IDS-01;28.9;68.5;991;20;0;3.3;normal
1.779.146.418.277;45832;ESP32-IDS-01;28.7;63.6;993;22;3;3.3;normal
1779145577.91;844839;ESP32-IDS-01;28.4;67.8;384;20;4;0.5;normal
1.779.149.460.437;1264948;ESP32-IDS-01;28.9;68.2;584;18;2;1.2;normal
1.779.146.519.048;15637;ESP32-IDS-01;28.6;62.0;479;19;1;1.5;normal
1.779.157.785.439;84371;ESP32-IDS-01;30.3;60.9;6306;77;59;2.96;dos
1.779.146.444.624;72393;ESP32-IDS-01;28.7;63.7;755;19;1;2.6;normal
1.779.146.556.689;53251;ESP32-IDS-01;28.6;63.6;529;20;4;2.1;normal
1.779.155.015.275;279443;ESP32-IDS-01;30.0;62.4;436;17;1;0.1;dos
1.779.165.927.754;33763;ESP32-IDS-01;31.4;57.6;682;46;45;2.97;dos
1.779.146.781.286;156684;ESP32-IDS-01;28.6;61.5;590;21;4;2.6;normal
1779148525.85;330351;ESP32-IDS-01;28.7;69.5;836;20;0;3.0;normal
1.779.149.212.208;1016703;ESP32-IDS-01;28.8;68.5;584;19;2;1.5;normal
1.779.148.480.518;285012;ESP32-IDS-01;28.7;69.5;858;21;1;0.2;normal
1.779.156.227.458;84386;ESP32-IDS-01;30.1;61.9;876;35;18;3.14;dos
1.779.159.599.768;410876;ESP32-IDS-01;30.7;61.0;710;58;34;4.41;dos
1.779.148.347.788;152282;ESP32-IDS-01;28.5;70.2;656;20;0;1.5;normal
1.779.148.503.213;307710;ESP32-IDS-01;28.7;69.5;317;20;0;2.2;normal
1.779.145.854.876;37137;ESP32-IDS-01;28.5;64.6;326;20;1;1.3;normal
1.779.154.685.801;359984;ESP32-IDS-01;30.0;62.3;10000;988;2774;0.98;dos
1.779.154.777.227;44210;ESP32-IDS-01;30.0;62.3;1434;395;979;2.2;dos
1.779.149.365.408;1169912;ESP32-IDS-01;29.0;68.2;701;20;0;2.7;normal
1.779.151.990.188;1792236;ESP32-IDS-01;29.8;64.3;841;26;10;0.4;dos
1.779.151.329.779;1131843;ESP32-IDS-01;29.9;64.4;626;20;0;3.3;dos
1.779.150.049.675;1854222;ESP32-IDS-01;29.0;67.7;384;22;3;1.6;dos
1.779.154.379.231;58346;ESP32-IDS-01;30.0;62.4;728;22;7;2.67;dos
1.779.156.401.195;93736;ESP32-IDS-01;30.1;61.8;808;33;26;1.44;dos
1.779.167.213.771;252622;ESP32-IDS-01;28.7;53.0;750;24;13;3.63;dos
1.779.154.775.924;42776;ESP32-IDS-01;30.0;62.3;2109;426;569;2.77;dos
1779149093.55;898047;ESP32-IDS-01;28.9;68.3;628;19;1;2.3;normal
1.779.145.115.786;382696;ESP32-IDS-01;28.2;69.6;770;20;1;0.8;normal
1.779.149.595.399;1399937;ESP32-IDS-01;29.1;67.7;605;20;4;1.5;normal
1.779.145.488.118;755034;ESP32-IDS-01;28.3;66.7;472;22;2;2.4;normal
1.779.159.646.949;44230;ESP32-IDS-01;30.7;60.9;593;29;18;2.39;dos
1779156133.15;135352;ESP32-IDS-01;30.0;62.0;934;39;19;3.57;dos
1.779.154.106.187;243226;ESP32-IDS-01;29.9;62.6;841;19;3;6.66;dos
1.779.150.832.327;634309;ESP32-IDS-01;29.5;66.2;874;26;12;4.49;dos
1.779.153.337.974;312758;ESP32-IDS-01;30.0;62.7;2997;26;10;0.1;dos
1.779.158.933.013;10173;ESP32-IDS-01;30.5;59.4;777;660;1214;2.89;dos
1.779.146.775.807;151232;ESP32-IDS-01;28.6;64.1;307;20;1;0.8;normal
1.779.145.495.162;762079;ESP32-IDS-01;28.3;66.8;331;22;6;1.3;normal
1.779.157.750.248;51400;ESP32-IDS-01;30.3;60.9;515;35;5;3.24;dos
1.779.156.567.684;243118;ESP32-IDS-01;30.0;61.7;7889;9999;0;3.5;dos
1.779.167.100.255;139148;ESP32-IDS-01;28.8;53.3;634;19;2;1.3;dos
1.779.167.162.855;201684;ESP32-IDS-01;28.8;53.3;460;35;17;0.5;dos
1.779.164.983.232;654961;ESP32-IDS-01;30.6;60.7;696;35;3;2.84;dos
1.779.158.258.595;405924;ESP32-IDS-01;30.3;60.9;312;36;17;0.8;dos
1779149397.72;1202241;ESP32-IDS-01;29.0;68.1;593;23;8;2.6;normal
1779146800.43;15885;ESP32-IDS-01;28.6;64.4;801;24;5;2.9;normal
1.779.156.659.454;351786;ESP32-IDS-01;30.1;61.7;3365;91;46;2.2;dos
1.779.167.258.613;297462;ESP32-IDS-01;28.7;53.0;848;26;7;4.66;dos
1.779.145.265.587;532502;ESP32-IDS-01;28.2;67.1;627;19;2;2.8;normal
1.779.151.294.319;1096383;ESP32-IDS-01;29.9;64.5;764;19;1;2.5;dos
1.779.156.750.456;433569;ESP32-IDS-01;30.1;61.7;10000;9999;0;0.25;dos
1.779.149.659.238;1463755;ESP32-IDS-01;29.0;67.8;649;19;2;1.9;normal
1.779.146.361.534;43563;ESP32-IDS-01;28.7;63.7;701;20;1;0.8;normal
1779145221.65;488540;ESP32-IDS-01;28.3;68.9;783;29;11;0.7;normal
1.779.155.944.029;76482;ESP32-IDS-01;30.0;62.2;593;58;34;2.99;dos
1.779.146.807.362;22787;ESP32-IDS-01;28.6;63.6;463;42;69;0.4;normal
1.779.146.705.579;80997;ESP32-IDS-01;28.6;62.7;454;20;0;3.5;normal
1.779.148.456.307;260807;ESP32-IDS-01;28.7;69.6;427;19;2;2.8;normal
1.779.149.320.193;1124724;ESP32-IDS-01;28.9;68.3;965;19;1;3.1;normal
1.779.166.378.339;45089;ESP32-IDS-01;30.0;55.6;667;34;25;0.5;dos
1.779.153.067.927;42776;ESP32-IDS-01;29.9;63.1;3282;17;0;1.8;dos
1.779.148.227.005;31493;ESP32-IDS-01;27.9;68.7;823;21;2;2.9;normal
1.779.151.542.491;1344562;ESP32-IDS-01;29.9;64.1;918;20;0;3.3;dos
1.779.165.332.921;1003572;ESP32-IDS-01;31.0;59.3;3922;382;506;0.35;dos
1.779.151.722.518;1524393;ESP32-IDS-01;29.8;64.6;893;78;63;2.42;dos
1.779.166.684.938;228169;ESP32-IDS-01;29.3;54.6;993;690;898;4.51;dos
1.779.148.657.521;462026;ESP32-IDS-01;28.9;69.0;783;20;2;0.7;normal
1779159722.62;119709;ESP32-IDS-01;30.7;61.1;10000;75;45;2.4;dos
1.779.167.117.488;156378;ESP32-IDS-01;28.8;53.5;889;20;1;2.3;dos
1.779.148.939.276;743791;ESP32-IDS-01;28.9;68.5;868;20;1;1.4;normal
1.779.158.234.138;386333;ESP32-IDS-01;30.3;60.9;10000;35;20;1.69;dos
1.779.146.151.764;94579;ESP32-IDS-01;28.6;65.5;457;20;2;3.5;normal
1.779.145.164.031;430949;ESP32-IDS-01;28.3;71.8;352;18;1;2.9;normal
1779149788.82;1593364;ESP32-IDS-01;29.0;67.8;637;19;1;0.3;normal
1.779.157.386.469;52628;ESP32-IDS-01;30.1;61.8;972;9999;0;3.56;dos
1.779.165.104.266;763232;ESP32-IDS-01;30.8;60.0;10000;9999;0;2.27;dos
1.779.145.340.982;607874;ESP32-IDS-01;28.3;66.6;774;29;23;2.8;normal
1.779.154.781.187;49257;ESP32-IDS-01;30.0;62.4;330;35;16;0.2;dos
1.779.151.247.998;1050059;ESP32-IDS-01;29.9;64.8;945;20;0;3.4;dos
1.779.157.973.773;127026;ESP32-IDS-01;30.2;60.9;1228;29;7;3.61;dos
1.779.148.603.326;407807;ESP32-IDS-01;28.8;69.2;575;18;2;2.2;normal
1.779.148.996.004;800486;ESP32-IDS-01;29.0;68.2;344;31;16;3.1;normal
1.779.155.453.242;143968;ESP32-IDS-01;30.0;62.3;385;44;15;9.29;dos
1.779.166.643.025;182195;ESP32-IDS-01;29.3;54.7;1396;416;520;2.72;dos
1.779.151.438.017;1240082;ESP32-IDS-01;30.0;64.2;788;20;0;0.8;dos
1.779.149.251.832;1056361;ESP32-IDS-01;28.9;68.5;703;18;1;3.2;normal
1.779.151.553.649;1355573;ESP32-IDS-01;29.9;64.1;681;69;74;1.7;dos
1.779.145.928.268;110527;ESP32-IDS-01;28.6;64.6;976;21;2;3.5;normal
1.779.149.293.555;1098055;ESP32-IDS-01;28.9;68.3;412;20;1;1.1;normal
1.779.149.165.262;969784;ESP32-IDS-01;28.8;68.5;649;20;0;2.3;normal
1.779.151.353.421;1155487;ESP32-IDS-01;29.9;64.4;514;19;2;3.1;dos
1.779.148.343.146;147573;ESP32-IDS-01;28.5;70.2;674;34;41;2.4;normal
1.779.159.552.937;363116;ESP32-IDS-01;30.6;61.1;723;361;1004;3.1;dos
1.779.149.740.016;1544566;ESP32-IDS-01;29.0;67.9;342;17;2;2.8;normal
1.779.155.358.655;46577;ESP32-IDS-01;30.0;62.3;322;967;2709;14.82;dos
1.779.149.025.072;829580;ESP32-IDS-01;29.0;68.2;913;22;2;0.7;normal
1.779.148.438.715;243085;ESP32-IDS-01;28.7;69.6;743;52;49;1.0;normal
1.779.167.480.631;519433;ESP32-IDS-01;28.6;52.2;685;48;9;3.0;dos
1779145346.32;613237;ESP32-IDS-01;28.3;68.4;730;21;2;2.9;normal
1.779.151.495.056;1297125;ESP32-IDS-01;30.0;64.0;578;20;0;1.0;dos
1.779.149.755.028;1559536;ESP32-IDS-01;29.0;67.8;499;30;34;2.4;normal
1.779.145.883.313;65346;ESP32-IDS-01;28.5;64.8;889;96;116;2.3;normal
1.779.149.299.539;1104063;ESP32-IDS-01;28.9;68.3;350;20;1;2.4;normal
1.779.166.418.497;77178;ESP32-IDS-01;29.9;54.6;10000;742;697;2.55;dos
1.779.152.806.314;283057;ESP32-IDS-01;29.9;63.3;571;17;1;3.25;dos
1.779.164.707.721;375159;ESP32-IDS-01;30.0;63.2;6096;1456;1604;1.5;dos
1.779.150.419.961;218670;ESP32-IDS-01;28.8;68.0;3433;395;522;0.3;dos
1.779.149.174.458;978984;ESP32-IDS-01;28.8;68.5;934;19;2;2.2;normal
1779151557.37;1359445;ESP32-IDS-01;29.9;64.1;352;18;2;1.6;dos
1.779.149.450.563;1255085;ESP32-IDS-01;28.9;68.2;386;23;4;3.3;normal
1.779.148.679.201;483090;ESP32-IDS-01;28.9;68.9;430;224;210;1.3;normal
1.779.167.092.019;130882;ESP32-IDS-01;28.8;53.1;807;21;1;2.6;dos
1.779.164.803.305;474626;ESP32-IDS-01;30.3;62.1;420;169;159;5.58;dos
1.779.151.530.145;1332215;ESP32-IDS-01;29.9;64.1;712;20;0;0.2;dos
1779145553.16;820086;ESP32-IDS-01;28.4;67.7;421;21;1;2.4;normal
1.779.155.633.519;38462;ESP32-IDS-01;30.0;62.2;965;1944;2846;8.58;dos
1.779.145.369.675;636572;ESP32-IDS-01;28.3;68.5;327;20;0;0.6;normal
1.779.167.297.442;336236;ESP32-IDS-01;28.7;53.0;7392;38;5;2.94;dos
1.779.148.493.253;297748;ESP32-IDS-01;28.7;69.5;326;21;3;2.6;normal
1.779.159.235.122;46295;ESP32-IDS-01;30.6;60.7;965;25;13;2.3;dos
1.779.153.513.273;487972;ESP32-IDS-01;30.0;62.6;6746;55;21;1.75;dos
1.779.148.892.074;696560;ESP32-IDS-01;28.9;68.5;923;21;1;3.1;normal
1.779.148.513.139;317639;ESP32-IDS-01;28.7;69.5;602;20;0;3.3;normal
1.779.148.628.362;432839;ESP32-IDS-01;28.8;69.0;760;20;1;1.5;normal
1.779.145.191.681;458593;ESP32-IDS-01;28.3;69.2;610;21;1;1.6;normal
1779149598.99;1403475;ESP32-IDS-01;29.1;67.7;332;22;2;3.2;normal
1.779.151.393.269;1195334;ESP32-IDS-01;29.9;64.3;935;20;0;1.0;dos
1.779.167.216.269;255153;ESP32-IDS-01;28.7;53.0;479;17;1;1.4;dos
1779167054.76;93619;ESP32-IDS-01;28.8;53.1;958;28;17;2.29;dos
1779150136.85;1941366;ESP32-IDS-01;28.9;67.9;471;33;38;1.4;dos
1.779.149.148.536;952720;ESP32-IDS-01;28.9;68.4;380;124;157;1.7;normal
1779148599.93;404435;ESP32-IDS-01;28.8;69.2;352;19;2;2.9;normal
1.779.148.511.691;316185;ESP32-IDS-01;28.7;69.5;608;21;1;3.5;normal
1.779.148.948.357;752872;ESP32-IDS-01;28.9;68.5;959;20;0;2.7;normal
1.779.152.101.834;1889731;ESP32-IDS-01;29.9;64.4;420;9999;0;2.4;dos
1.779.158.422.217;42140;ESP32-IDS-01;30.3;61.1;4903;83;82;1.7;dos
1.779.166.107.287;212343;ESP32-IDS-01;31.6;57.7;553;27;15;7.42;dos
1.779.153.207.471;182278;ESP32-IDS-01;30.0;63.0;318;24;9;3.1;dos
1.779.148.700.796;505278;ESP32-IDS-01;28.9;68.7;796;20;1;0.7;normal
1.779.151.440.306;1242375;ESP32-IDS-01;30.0;64.1;565;20;1;2.1;dos
1.779.166.543.072;81919;ESP32-IDS-01;29.5;55.0;10000;717;1299;2.05;dos
1.779.148.744.455;548966;ESP32-IDS-01;29.0;68.4;943;19;3;0.8;normal
1.779.148.685.383;489892;ESP32-IDS-01;28.9;68.8;700;19;1;2.1;normal
1.779.146.605.805;102386;ESP32-IDS-01;28.7;63.4;707;20;0;2.9;normal
1.779.150.074.802;1879318;ESP32-IDS-01;28.9;67.8;368;24;10;2.5;dos
1.779.160.299.791;134309;ESP32-IDS-01;30.6;61.3;10000;9999;0;1.89;dos
1.779.166.490.261;20864;ESP32-IDS-01;29.7;53.7;5245;9999;0;3.09;dos
1.779.148.224.513;28986;ESP32-IDS-01;27.9;68.7;752;18;1;2.8;normal
1.779.148.669.331;473839;ESP32-IDS-01;28.9;68.9;425;19;1;2.1;normal
1.779.154.547.565;224447;ESP32-IDS-01;30.1;62.2;10000;742;515;3.6;dos
1779152189.72;1979880;ESP32-IDS-01;29.9;64.3;629;9999;0;1.79;dos
1.779.149.293.115;1097643;ESP32-IDS-01;28.9;68.4;738;19;1;0.7;normal
1779154915.81;183853;ESP32-IDS-01;30.0;62.5;529;31;14;3.99;dos
1.779.145.259.795;526701;ESP32-IDS-01;28.2;68.8;575;23;14;3.5;normal
1.779.145.886.625;68886;ESP32-IDS-01;28.5;65.7;848;20;0;0.7;normal
1.779.149.530.021;1334564;ESP32-IDS-01;29.0;68.0;390;17;3;2.2;normal
1.779.151.308.722;1110758;ESP32-IDS-01;29.9;64.5;424;20;0;1.6;dos
1.779.167.260.703;299480;ESP32-IDS-01;28.7;53.0;1266;56;23;1.09;dos
1.779.150.581.818;370962;ESP32-IDS-01;29.2;67.2;982;9999;0;3.92;dos
1.779.153.478.866;453696;ESP32-IDS-01;30.0;62.6;526;28;16;1.5;dos
1.779.149.495.522;1300044;ESP32-IDS-01;28.9;68.2;573;23;4;2.7;normal
1.779.146.439.493;67261;ESP32-IDS-01;28.7;64.6;786;19;3;0.2;normal
1.779.152.850.525;327279;ESP32-IDS-01;29.9;63.3;320;32;12;1.7;dos
1.779.146.075.233;18074;ESP32-IDS-01;28.5;63.0;322;19;1;2.4;normal
1779148769.52;574016;ESP32-IDS-01;28.9;68.5;640;23;5;3.0;normal
1.779.156.667.485;356887;ESP32-IDS-01;30.1;61.7;1363;400;508;1.9;dos
1.779.145.320.711;587583;ESP32-IDS-01;28.3;66.7;762;20;0;3.3;normal
1.779.146.649.434;24858;ESP32-IDS-01;28.7;63.7;563;19;2;1.3;normal
1.779.148.829.309;633819;ESP32-IDS-01;28.9;68.6;785;20;0;1.2;normal
1.779.148.267.274;71765;ESP32-IDS-01;28.1;70.2;786;20;0;2.5;normal
1.779.159.736.802;132045;ESP32-IDS-01;30.7;61.1;2754;716;492;3.26;dos
1.779.146.491.539;119307;ESP32-IDS-01;28.6;64.4;428;20;0;3.4;normal
1.779.166.511.664;56913;ESP32-IDS-01;29.5;53.8;376;24;6;5.16;dos
1.779.167.093.915;132601;ESP32-IDS-01;28.8;53.1;934;88;203;2.5;dos
1.779.146.003.725;185756;ESP32-IDS-01;28.6;63.0;405;98;118;0.4;normal
1.779.165.301.891;973647;ESP32-IDS-01;31.0;59.3;661;29;11;2.31;dos
1.779.145.690.967;957900;ESP32-IDS-01;28.5;64.2;391;20;0;2.1;normal
1.779.150.654.407;456373;ESP32-IDS-01;29.3;67.0;1212;43;67;3.13;dos
1.779.151.329.216;1131217;ESP32-IDS-01;29.9;64.4;666;40;20;0.5;dos
1.779.151.554.738;1356775;ESP32-IDS-01;29.9;64.1;669;32;33;3.4;dos
1779146418.94;46705;ESP32-IDS-01;28.7;63.6;873;21;2;1.3;normal
1.779.156.219.722;76600;ESP32-IDS-01;30.0;61.9;358;47;20;1.7;dos
1.779.145.705.348;972254;ESP32-IDS-01;28.5;64.2;390;20;1;0.9;normal
1.779.151.675.516;1477542;ESP32-IDS-01;29.8;64.5;881;28;15;4.77;dos
1.779.149.553.491;1358001;ESP32-IDS-01;29.0;67.9;914;20;0;2.6;normal
1.779.160.042.799;35386;ESP32-IDS-01;30.6;61.5;967;36;13;4.33;dos
1.779.145.467.544;734466;ESP32-IDS-01;28.3;66.0;991;20;1;3.3;normal
1.779.146.224.495;167335;ESP32-IDS-01;28.6;62.9;413;20;1;2.8;normal
1.779.145.501.024;767940;ESP32-IDS-01;28.3;68.7;868;22;3;1.4;normal
1.779.149.399.042;1203573;ESP32-IDS-01;29.0;68.1;996;20;1;1.2;normal
1.779.158.113.103;266394;ESP32-IDS-01;30.3;60.7;786;28;11;3.77;dos
1.779.149.771.138;1575685;ESP32-IDS-01;29.0;67.8;761;19;1;1.4;normal
1.779.149.741.939;1546476;ESP32-IDS-01;29.0;67.9;954;19;1;1.4;normal
1.779.154.964.533;232585;ESP32-IDS-01;30.0;62.5;848;43;21;0.7;dos
1.779.155.461.767;152557;ESP32-IDS-01;30.0;62.3;918;24;24;2.79;dos
1.779.149.071.323;875833;ESP32-IDS-01;28.9;68.3;477;23;3;0.1;normal
1779154139.94;276022;ESP32-IDS-01;30.0;62.5;903;61;19;3.5;dos
1.779.146.560.491;57021;ESP32-IDS-01;28.6;64.9;301;39;29;3.0;normal
1.779.158.490.052;99687;ESP32-IDS-01;30.2;61.5;998;9999;0;0.2;dos
1.779.154.868.016;133006;ESP32-IDS-01;30.0;62.2;590;721;538;6.49;dos
1.779.166.063.978;170036;ESP32-IDS-01;31.5;56.4;989;24;7;4.82;dos
1.779.151.899.295;1701313;ESP32-IDS-01;29.8;64.4;3016;39;28;1.73;dos
1.779.149.163.055;967577;ESP32-IDS-01;28.8;68.5;864;19;3;2.5;normal
1.779.146.435.908;63680;ESP32-IDS-01;28.7;64.2;796;19;2;0.5;normal
1.779.164.622.113;293864;ESP32-IDS-01;29.9;64.0;907;19;1;3.9;dos
1779145482.95;749871;ESP32-IDS-01;28.3;68.7;452;21;11;1.8;normal
1.779.151.559.027;1361098;ESP32-IDS-01;29.9;64.1;777;20;0;0.7;dos
1.779.146.797.277;12733;ESP32-IDS-01;28.6;63.1;686;23;9;1.8;normal
1.779.145.096.438;363323;ESP32-IDS-01;28.2;67.2;661;20;2;0.8;normal
1.779.151.768.669;1570742;ESP32-IDS-01;29.8;64.5;688;21;6;0.7;dos
1.779.150.380.037;182035;ESP32-IDS-01;28.8;68.0;842;25;10;6.84;dos
1.779.151.459.919;1261949;ESP32-IDS-01;30.0;64.0;938;20;4;2.0;dos
1779164798.92;470696;ESP32-IDS-01;30.2;62.4;5787;23;5;1.47;dos
1.779.146.185.565;128410;ESP32-IDS-01;28.6;62.4;468;19;1;2.6;normal
1.779.165.292.984;964784;ESP32-IDS-01;31.0;59.4;2781;24;6;2.06;dos
1.779.146.468.548;96315;ESP32-IDS-01;28.6;64.9;723;21;3;3.1;normal
1.779.158.782.693;45074;ESP32-IDS-01;30.2;61.5;4471;59;61;2.02;dos
1.779.154.194.727;23693;ESP32-IDS-01;29.9;61.3;777;60;17;1.6;dos
1.779.146.712.251;87674;ESP32-IDS-01;28.6;63.6;598;19;1;2.3;normal
1.779.155.224.949;490758;ESP32-IDS-01;30.0;62.3;4355;66;9;3.13;dos
1.779.149.474.709;1279244;ESP32-IDS-01;28.9;68.2;671;19;1;2.4;normal
1.779.156.032.952;22933;ESP32-IDS-01;30.0;60.8;10000;1731;1020;0.16;dos
1.779.153.159.269;134046;ESP32-IDS-01;29.9;63.2;326;35;11;7.43;dos
1.779.165.166.528;838286;ESP32-IDS-01;30.9;59.6;585;33;25;2.2;dos
1.779.152.753.972;229694;ESP32-IDS-01;30.0;63.3;2409;353;1001;2.62;dos
1.779.151.853.621;1653003;ESP32-IDS-01;29.8;64.4;2093;916;1348;2.48;dos
1779166717.85;242324;ESP32-IDS-01;29.3;52.4;436;2134;2476;0.1;dos
1.779.152.261.254;2062309;ESP32-IDS-01;29.9;64.3;486;366;504;3.86;dos
1.779.157.933.529;85800;ESP32-IDS-01;30.3;60.8;2271;21;10;2.94;dos
1779154017.51;154534;ESP32-IDS-01;30.0;62.5;455;25;12;2.9;dos
1.779.145.463.686;730568;ESP32-IDS-01;28.3;68.5;352;26;12;1.4;normal
1.779.146.478.245;106016;ESP32-IDS-01;28.6;62.3;426;19;3;1.7;normal
1.779.148.511.104;315577;ESP32-IDS-01;28.7;69.5;460;20;0;1.3;normal
1.779.148.382.077;186576;ESP32-IDS-01;28.5;70.0;579;19;1;2.1;normal
1.779.148.262.654;67120;ESP32-IDS-01;28.1;70.1;841;19;4;1.9;normal
1.779.150.970.326;771250;ESP32-IDS-01;29.6;66.0;613;394;505;3.96;dos
1.779.145.307.867;574785;ESP32-IDS-01;28.3;67.2;943;20;2;0.8;normal
1.779.149.257.465;1061962;ESP32-IDS-01;28.9;68.5;416;20;1;1.9;normal
1.779.148.803.068;607575;ESP32-IDS-01;28.9;68.5;435;20;4;0.7;normal
1.779.148.617.334;421839;ESP32-IDS-01;28.8;69.1;544;20;1;0.3;normal
1.779.146.258.404;201240;ESP32-IDS-01;28.6;65.1;428;23;9;3.1;normal
1.779.148.614.859;419349;ESP32-IDS-01;28.8;69.1;603;23;4;3.4;normal
1.779.148.750.253;554700;ESP32-IDS-01;29.0;68.4;508;32;21;2.4;normal
1.779.164.760.591;432376;ESP32-IDS-01;30.2;62.5;569;20;7;1.3;dos
1.779.146.216.984;159827;ESP32-IDS-01;28.6;64.3;685;20;1;3.0;normal
1779156619.71;308439;ESP32-IDS-01;30.0;61.7;10000;618;510;3.18;dos
1779148897.24;701756;ESP32-IDS-01;28.9;68.5;793;19;2;3.0;normal
1.779.146.592.583;89173;ESP32-IDS-01;28.6;62.8;777;20;0;3.3;normal
1.779.146.127.219;70062;ESP32-IDS-01;28.6;64.8;993;19;2;2.5;normal
1.779.146.593.231;89804;ESP32-IDS-01;28.6;62.8;631;25;12;2.3;normal
1.779.155.588.104;275938;ESP32-IDS-01;30.0;62.3;587;1011;1371;6.11;dos
1.779.146.012.642;194911;ESP32-IDS-01;28.6;63.9;648;18;2;2.2;normal
1.779.148.613.285;417788;ESP32-IDS-01;28.8;69.1;351;20;5;0.7;normal
1.779.166.602.887;148106;ESP32-IDS-01;29.3;54.7;1173;30;15;3.65;dos
1.779.149.764.523;1569065;ESP32-IDS-01;29.0;67.8;447;20;3;1.1;normal
1.779.148.476.192;280684;ESP32-IDS-01;28.7;69.5;738;22;6;0.1;normal
1779148942.57;747085;ESP32-IDS-01;28.9;68.5;369;20;0;1.1;normal
1779165971.4;77432;ESP32-IDS-01;31.4;57.6;563;36;23;3.08;dos
1.779.148.261.339;65818;ESP32-IDS-01;28.1;70.1;604;23;5;2.0;normal
1.779.149.345.174;1149705;ESP32-IDS-01;29.0;68.2;798;19;2;3.5;normal
1.779.154.017.028;154079;ESP32-IDS-01;30.0;62.5;467;26;9;2.1;dos
1.779.150.697.195;499133;ESP32-IDS-01;29.4;66.8;733;47;43;2.86;dos
1.779.148.362.657;167151;ESP32-IDS-01;28.5;70.1;759;20;0;1.9;normal
1.779.149.240.475;1044970;ESP32-IDS-01;28.9;68.5;302;29;18;0.6;normal
1.779.156.548.635;235229;ESP32-IDS-01;30.0;61.7;755;155;269;3.92;dos
1.779.158.608.383;89836;ESP32-IDS-01;30.0;61.8;486;27;9;4.46;dos
1.779.152.890.579;367338;ESP32-IDS-01;29.9;63.2;6470;29;15;2.3;dos
1.779.145.969.163;151423;ESP32-IDS-01;28.6;64.4;545;20;0;1.3;normal
1.779.149.266.491;1071018;ESP32-IDS-01;28.9;68.4;495;19;1;2.4;normal
1.779.157.395.741;95202;ESP32-IDS-01;30.1;61.7;998;25;6;1.2;dos
1.779.159.102.671;45967;ESP32-IDS-01;30.5;60.7;686;48;45;3.26;dos
1.779.159.512.086;323297;ESP32-IDS-01;30.6;61.0;598;25;9;2.3;dos
1.779.156.720.391;409426;ESP32-IDS-01;30.1;61.7;494;497;718;1.5;dos
1.779.158.294.212;446521;ESP32-IDS-01;30.3;60.9;990;357;505;3.12;dos
1.779.157.967.861;119207;ESP32-IDS-01;30.3;60.8;7956;665;889;2.13;dos
1.779.148.373.709;178207;ESP32-IDS-01;28.5;70.0;985;19;2;2.8;normal
1.779.152.031.537;1830254;ESP32-IDS-01;29.7;64.5;783;390;477;3.68;dos
1.779.154.426.801;105946;ESP32-IDS-01;30.1;62.4;785;17;1;5.75;dos
1.779.145.278.972;545848;ESP32-IDS-01;28.3;71.3;459;32;19;2.3;normal
1.779.167.522.692;559604;ESP32-IDS-01;28.6;51.9;2885;339;253;2.25;dos
1.779.149.555.996;1360531;ESP32-IDS-01;29.0;67.9;828;20;3;3.3;normal
1.779.146.154.565;97410;ESP32-IDS-01;28.6;65.5;919;19;1;0.5;normal
1.779.155.365.266;56007;ESP32-IDS-01;30.0;62.3;1159;37;19;2.5;dos
1.779.165.179.277;839277;ESP32-IDS-01;30.9;59.6;991;3257;1885;5.02;dos
1.779.148.346.813;151305;ESP32-IDS-01;28.5;70.2;545;20;0;1.3;normal
1.779.155.543.408;234203;ESP32-IDS-01;30.0;62.3;518;25;8;8.99;dos
1.779.148.722.356;526862;ESP32-IDS-01;29.0;68.5;758;20;1;0.1;normal
1.779.149.392.607;1197139;ESP32-IDS-01;29.0;68.1;579;19;1;0.3;normal
1.779.151.033.528;820699;ESP32-IDS-01;29.7;65.6;580;9999;0;3.52;dos
1779145471.26;738195;ESP32-IDS-01;28.3;68.8;321;17;1;3.2;normal
1.779.146.458.421;86170;ESP32-IDS-01;28.6;63.9;613;27;19;0.3;normal
1.779.158.250.437;403615;ESP32-IDS-01;30.3;60.9;634;36;29;5.65;dos
1779151406.62;1208660;ESP32-IDS-01;29.9;64.3;994;21;1;3.1;dos
1.779.145.697.981;964915;ESP32-IDS-01;28.5;65.0;602;20;1;1.6;normal
1.779.155.838.348;101124;ESP32-IDS-01;30.0;62.2;808;3208;2816;0.2;dos
1.779.151.055.224;857263;ESP32-IDS-01;29.7;65.6;447;25;13;2.1;dos
1.779.145.635.725;902656;ESP32-IDS-01;28.4;64.7;591;20;0;2.5;normal
1.779.149.041.694;846216;ESP32-IDS-01;29.0;68.2;425;18;2;1.0;normal
1.779.149.010.758;815276;ESP32-IDS-01;29.0;68.2;481;20;1;1.5;normal
1.779.146.394.355;22096;ESP32-IDS-01;28.7;62.3;602;20;1;0.2;normal
1.779.156.482.551;171764;ESP32-IDS-01;30.0;61.7;7581;417;540;2.23;dos
1.779.153.077.429;52231;ESP32-IDS-01;29.9;63.1;515;31;2;1.3;dos
1.779.149.185.534;989880;ESP32-IDS-01;28.8;68.5;374;79;181;0.4;normal
1.779.158.109.931;260323;ESP32-IDS-01;30.3;60.8;1347;993;1343;0.2;dos
1.779.148.578.376;382625;ESP32-IDS-01;28.7;69.4;778;87;101;2.4;normal
1.779.154.872.726;140774;ESP32-IDS-01;30.0;62.5;549;46;44;5.22;dos
1.779.148.243.429;47921;ESP32-IDS-01;28.0;69.6;634;20;0;1.3;normal
1.779.146.313.615;256465;ESP32-IDS-01;28.6;63.3;691;19;0;3.1;normal
1.779.157.467.993;29751;ESP32-IDS-01;30.2;61.7;10000;1623;2347;3.45;dos
1.779.148.996.004;800486;ESP32-IDS-01;29.0;68.2;344;31;16;3.1;normal
1.779.148.213.478;17968;ESP32-IDS-01;27.8;67.4;820;20;0;1.7;normal
1.779.146.695.763;71158;ESP32-IDS-01;28.6;63.3;672;21;1;2.2;normal
1.779.146.129.196;72038;ESP32-IDS-01;28.6;65.9;518;19;1;3.2;normal
1.779.148.679.201;483090;ESP32-IDS-01;28.9;68.9;430;224;210;1.3;normal
1.779.154.916.509;184599;ESP32-IDS-01;30.0;62.5;746;26;14;2.7;dos
1779164881.04;551746;ESP32-IDS-01;30.4;61.7;624;362;395;3.0;dos
1.779.149.682.007;1486502;ESP32-IDS-01;29.0;67.8;825;33;19;1.2;normal
1.779.148.289.874;94368;ESP32-IDS-01;28.2;70.4;892;19;1;0.8;normal
1.779.149.293.555;1098055;ESP32-IDS-01;28.9;68.3;412;20;1;1.1;normal
1.779.167.051.306;90110;ESP32-IDS-01;28.8;53.1;728;45;34;2.67;dos
1.779.151.357.428;1159494;ESP32-IDS-01;29.9;64.4;351;19;3;0.7;dos
1.779.148.578.376;382625;ESP32-IDS-01;28.7;69.4;778;87;101;2.4;normal
1.779.146.560.491;57021;ESP32-IDS-01;28.6;64.9;301;39;29;3.0;normal
1.779.159.510.723;320912;ESP32-IDS-01;30.6;61.0;991;364;516;1.41;dos
1.779.151.817.206;1619225;ESP32-IDS-01;29.8;64.4;305;40;24;3.2;dos
1.779.156.173.484;30448;ESP32-IDS-01;30.0;61.9;2322;17;1;3.73;dos
1.779.155.757.743;18980;ESP32-IDS-01;30.0;62.2;9237;3749;984;3.51;dos
1.779.149.553.491;1358001;ESP32-IDS-01;29.0;67.9;914;20;0;2.6;normal
1.779.148.267.793;72283;ESP32-IDS-01;28.1;70.2;518;21;1;3.2;normal
1.779.148.818.014;622496;ESP32-IDS-01;28.9;68.5;382;30;7;2.9;normal
1.779.156.123.501;124602;ESP32-IDS-01;30.0;62.0;2074;395;534;2.68;dos
1.779.146.006.456;188720;ESP32-IDS-01;28.6;64.8;775;20;1;3.4;normal
1.779.150.087.093;1891645;ESP32-IDS-01;28.9;67.8;749;20;0;1.9;dos
1.779.152.035.434;1837485;ESP32-IDS-01;29.8;64.5;563;26;1;3.58;dos
1.779.148.653.742;458250;ESP32-IDS-01;28.9;69.0;667;19;3;1.2;normal
1779145808.26;24210;ESP32-IDS-01;28.5;65.0;563;20;1;1.3;normal
1.779.166.244.056;100360;ESP32-IDS-01;30.8;54.6;780;45;8;4.08;dos
1.779.148.798.103;602577;ESP32-IDS-01;28.9;68.5;546;19;1;2.3;normal
1.779.159.149.046;91367;ESP32-IDS-01;30.5;60.9;571;382;1090;2.25;dos
1.779.149.764.075;1568618;ESP32-IDS-01;29.0;67.8;510;20;3;1.2;normal
1.779.166.647.336;192544;ESP32-IDS-01;29.3;54.7;1214;40;8;1.82;dos
1.779.151.571.466;1373349;ESP32-IDS-01;29.9;64.1;923;83;95;1.9;dos
1.779.145.378.049;644970;ESP32-IDS-01;28.3;68.5;876;20;0;3.2;normal
1.779.146.380.298;8068;ESP32-IDS-01;28.7;65.6;777;19;2;1.6;normal
1.779.145.734.768;22246;ESP32-IDS-01;28.5;64.7;602;20;2;0.2;normal
1.779.149.781.287;1585837;ESP32-IDS-01;29.0;67.8;778;18;2;0.2;normal
1779155055.01;323132;ESP32-IDS-01;30.0;62.4;906;20;5;2.6;dos
1.779.157.615.848;88899;ESP32-IDS-01;30.3;61.3;728;22;9;2.67;dos
1779149497.11;1301642;ESP32-IDS-01;28.9;68.2;760;20;1;2.6;normal
1.779.155.054.145;322226;ESP32-IDS-01;30.0;62.4;631;37;25;3.88;dos
1.779.149.264.319;1068846;ESP32-IDS-01;28.9;68.5;661;19;1;0.1;normal
1.779.146.151.764;94579;ESP32-IDS-01;28.6;65.5;457;20;2;3.5;normal
1.779.156.087.927;90194;ESP32-IDS-01;30.0;62.0;958;17;1;1.24;dos
1.779.149.710.461;1515002;ESP32-IDS-01;29.0;67.9;354;20;0;3.4;normal
1.779.153.254.732;229511;ESP32-IDS-01;30.0;62.8;2325;27;13;1.73;dos
1.779.165.071.678;743473;ESP32-IDS-01;30.8;60.1;1165;22;8;3.86;dos
1779155903.1;35672;ESP32-IDS-01;30.0;60.8;4828;23;9;1.81;dos
1.779.151.260.409;1062467;ESP32-IDS-01;29.9;64.8;345;20;1;1.0;dos
1.779.145.162.349;429266;ESP32-IDS-01;28.3;71.8;316;19;1;0.9;normal
1.779.149.201.865;1006381;ESP32-IDS-01;28.8;68.5;876;20;1;2.2;normal
1.779.151.279.377;1081414;ESP32-IDS-01;29.9;64.6;722;20;0;1.6;dos
1.779.153.789.641;130767;ESP32-IDS-01;30.0;62.5;326;27;27;1.3;dos
1.779.145.254.134;521046;ESP32-IDS-01;28.3;68.1;561;21;1;2.5;normal
1.779.148.964.363;768877;ESP32-IDS-01;28.9;68.5;783;20;0;2.4;normal
1.779.148.406.346;210838;ESP32-IDS-01;28.6;69.9;317;21;1;1.9;normal
1.779.151.902.886;1704909;ESP32-IDS-01;29.8;64.3;818;38;17;2.32;dos
1.779.149.587.029;1391566;ESP32-IDS-01;29.1;67.8;972;20;1;1.9;normal
1.779.166.105.721;211790;ESP32-IDS-01;31.6;57.7;1198;29;20;4.03;dos
1.779.155.051.379;319505;ESP32-IDS-01;30.0;62.4;598;22;12;3.97;dos
1.779.148.681.395;485898;ESP32-IDS-01;28.9;68.8;767;21;1;1.6;normal
1.779.148.807.953;612222;ESP32-IDS-01;28.9;68.5;670;100;115;0.5;normal
1779152698.38;165125;ESP32-IDS-01;29.9;63.4;10000;9999;0;0.36;dos
1.779.146.646.706;22126;ESP32-IDS-01;28.7;61.9;358;20;1;1.7;normal
1.779.157.799.961;7296;ESP32-IDS-01;30.3;59.6;626;30;13;3.3;dos
1.779.164.882.709;553300;ESP32-IDS-01;30.5;61.5;1554;394;518;0.2;dos
1.779.165.608.747;1280534;ESP32-IDS-01;31.3;58.5;567;27;6;8.25;dos
1.779.148.668.904;473414;ESP32-IDS-01;28.9;68.9;427;19;1;1.9;normal
1.779.145.428.582;695504;ESP32-IDS-01;28.3;70.4;886;20;1;2.1;normal
1.779.166.421.229;85929;ESP32-IDS-01;29.9;54.6;515;46;66;7.13;dos
1.779.149.662.069;1466607;ESP32-IDS-01;29.0;67.8;646;20;1;1.9;normal
1.779.156.976.396;111303;ESP32-IDS-01;29.9;62.5;10000;9999;0;0.26;dos
1.779.160.034.588;27106;ESP32-IDS-01;30.6;60.2;10000;45;41;0.15;dos
1.779.146.406.972;34735;ESP32-IDS-01;28.7;63.1;995;20;0;2.2;normal
1779164709.7;381462;ESP32-IDS-01;30.0;63.2;643;28;12;5.17;dos
1.779.149.680.252;1484792;ESP32-IDS-01;29.0;67.8;695;20;0;3.5;normal
1.779.149.729.826;1534370;ESP32-IDS-01;29.0;67.9;801;19;0;0.7;normal
1.779.149.270.389;1074912;ESP32-IDS-01;28.9;68.4;975;19;1;2.5;normal
1.779.158.745.312;7801;ESP32-IDS-01;30.2;60.2;626;27;7;3.3;dos
1.779.153.475.237;450072;ESP32-IDS-01;30.1;62.6;320;24;11;2.8;dos
1779146267.76;210609;ESP32-IDS-01;28.6;63.2;317;19;1;1.9;normal
1779150086.37;1890896;ESP32-IDS-01;28.9;67.8;722;20;3;2.5;dos
1.779.151.816.884;1618920;ESP32-IDS-01;29.8;64.4;392;26;9;3.35;dos
1779148302.8;107299;ESP32-IDS-01;28.3;70.3;848;18;0;2.3;normal
1779157293.76;117103;ESP32-IDS-01;30.1;62.1;780;1040;1463;2.8;dos
1.779.148.749.685;554192;ESP32-IDS-01;29.0;68.4;801;20;1;0.5;normal
1.779.148.916.163;720678;ESP32-IDS-01;28.9;68.5;803;18;2;1.1;normal
1.779.146.490.006;117750;ESP32-IDS-01;28.6;64.4;654;21;3;2.4;normal
1.779.145.538.324;805224;ESP32-IDS-01;28.4;68.0;892;21;6;3.1;normal
1.779.146.290.468;233316;ESP32-IDS-01;28.6;63.4;1000;19;2;2.6;normal
1.779.152.879.332;348303;ESP32-IDS-01;29.9;63.2;10000;9999;0;0.45;dos
1.779.166.634.582;177667;ESP32-IDS-01;29.3;54.7;8189;737;529;3.12;dos
1.779.150.911.623;713487;ESP32-IDS-01;29.4;66.2;8183;65;23;2.02;dos
1.779.151.538.995;1341065;ESP32-IDS-01;29.9;64.1;406;20;1;0.8;dos
1.779.159.691.558;86834;ESP32-IDS-01;30.7;61.1;602;27;16;0.2;dos
1.779.164.489.581;161359;ESP32-IDS-01;29.7;64.7;468;18;4;2.6;dos
1.779.167.121.027;159918;ESP32-IDS-01;28.8;53.4;848;20;0;0.7;dos
1.779.150.250.766;52792;ESP32-IDS-01;28.9;67.9;971;19;3;3.1;dos
1.779.148.416.849;221345;ESP32-IDS-01;28.6;69.8;945;20;0;2.5;normal
1.779.145.516.182;783080;ESP32-IDS-01;28.4;68.5;834;20;1;0.9;normal
1779157936.32;89534;ESP32-IDS-01;30.3;60.8;931;38;27;1.97;dos
1.779.149.734.923;1539467;ESP32-IDS-01;29.0;67.9;572;19;2;2.6;normal
1.779.151.106.846;908822;ESP32-IDS-01;29.8;65.2;970;41;29;3.1;dos
1.779.145.971.527;153779;ESP32-IDS-01;28.6;62.6;939;24;5;2.3;normal
1.779.166.367.512;34107;ESP32-IDS-01;30.0;53.3;1755;53;11;3.87;dos
1.779.149.511.233;1315759;ESP32-IDS-01;29.0;68.0;386;21;1;1.9;normal
1.779.154.909.521;165364;ESP32-IDS-01;30.0;62.4;10000;9999;0;3.18;dos
1.779.166.178.664;13749;ESP32-IDS-01;31.2;56.2;686;9999;0;4.72;dos
1.779.166.013.552;116183;ESP32-IDS-01;31.4;57.6;3188;483;540;2.91;dos
1.779.146.243.503;186347;ESP32-IDS-01;28.6;64.1;579;19;1;2.1;normal
1.779.152.979.354;456086;ESP32-IDS-01;29.9;61.5;580;28;17;0.6;dos
1.779.146.270.663;213512;ESP32-IDS-01;28.6;62.4;661;19;1;1.1;normal
1.779.149.666.779;1471290;ESP32-IDS-01;29.0;67.8;916;20;1;2.3;normal
1.779.148.856.656;661100;ESP32-IDS-01;28.9;68.6;405;18;2;3.1;normal
1779148313.33;117795;ESP32-IDS-01;28.3;70.3;654;19;3;2.4;normal
1.779.165.238.384;904582;ESP32-IDS-01;30.9;59.6;10000;1874;1443;2.45;dos
1.779.155.190.345;458440;ESP32-IDS-01;30.0;62.3;516;28;15;2.84;dos
1779166952.93;495139;ESP32-IDS-01;29.1;53.7;10000;291;212;0.84;dos
1.779.156.528.768;218645;ESP32-IDS-01;30.0;61.8;10000;896;951;3.57;dos
1.779.145.830.535;12798;ESP32-IDS-01;28.5;65.3;474;19;3;1.6;normal
1.779.152.700.407;177003;ESP32-IDS-01;29.9;63.4;10000;62;19;2.18;dos
1.779.164.469.012;140771;ESP32-IDS-01;29.6;64.7;752;17;2;3.2;dos
1.779.158.604.839;86258;ESP32-IDS-01;30.1;61.6;1209;50;40;2.33;dos
1.779.148.879.716;684000;ESP32-IDS-01;28.9;68.5;507;96;115;0.7;normal
1.779.146.220.031;162880;ESP32-IDS-01;28.6;64.0;620;18;2;1.5;normal
1.779.145.216.525;483146;ESP32-IDS-01;28.3;68.7;752;117;289;2.1;normal
1.779.149.248.664;1053183;ESP32-IDS-01;28.9;68.5;549;20;0;0.3;normal
1.779.152.757.787;233503;ESP32-IDS-01;30.0;63.3;903;378;540;3.5;dos
1.779.149.567.294;1371801;ESP32-IDS-01;29.1;67.8;615;20;3;1.1;normal
1.779.148.265.815;70307;ESP32-IDS-01;28.1;70.1;993;20;0;2.5;normal
1.779.145.658.933;925865;ESP32-IDS-01;28.4;64.7;413;20;1;1.6;normal
1779151811.17;1613226;ESP32-IDS-01;29.8;64.5;373;28;17;1.9;dos
1.779.159.240.236;51276;ESP32-IDS-01;30.5;60.8;655;54;23;2.5;dos
1.779.148.570.787;375291;ESP32-IDS-01;28.7;69.4;583;19;4;0.9;normal
1.779.148.441.752;246250;ESP32-IDS-01;28.7;69.6;716;19;2;3.1;normal
1.779.158.425.935;46979;ESP32-IDS-01;30.3;61.1;479;55;58;3.59;dos
1.779.148.650.016;454517;ESP32-IDS-01;28.8;69.0;422;20;0;1.8;normal
1.779.146.749.681;125052;ESP32-IDS-01;28.6;63.5;345;36;24;2.1;normal
1.779.153.142.274;98062;ESP32-IDS-01;29.9;63.2;823;9999;0;2.9;dos
1.779.159.909.883;42850;ESP32-IDS-01;30.6;61.3;686;31;5;6.17;dos
1.779.149.252.371;1056892;ESP32-IDS-01;28.9;68.5;531;21;4;2.7;normal
1.779.151.587.021;1389092;ESP32-IDS-01;29.9;64.2;592;21;1;0.8;dos
1.779.145.981.824;163915;ESP32-IDS-01;28.6;65.4;688;77;88;1.8;normal
1.779.152.084.897;1886955;ESP32-IDS-01;29.8;64.4;780;29;17;2.48;dos
1.779.151.012.358;813357;ESP32-IDS-01;29.7;65.7;1448;362;518;0.5;dos
1.779.150.056.097;1860641;ESP32-IDS-01;29.0;67.7;444;21;1;1.6;dos
1.779.150.069.283;1873833;ESP32-IDS-01;29.0;67.7;845;21;1;1.8;dos
1779151543.96;1346029;ESP32-IDS-01;29.9;64.1;629;20;1;0.4;dos
1.779.146.034.952;217215;ESP32-IDS-01;28.6;65.1;949;21;1;2.0;normal
1779151520.25;1322069;ESP32-IDS-01;30.0;64.0;423;33;19;0.1;dos
1.779.166.692.142;237367;ESP32-IDS-01;29.2;50.7;842;33;12;2.09;dos
1.779.149.356.313;1160821;ESP32-IDS-01;29.0;68.2;994;18;1;0.7;normal
1.779.155.004.101;272124;ESP32-IDS-01;30.0;62.5;1188;49;37;4.34;dos
1.779.149.084.145;888663;ESP32-IDS-01;28.9;68.3;903;20;0;1.6;normal
1779149593.48;1397993;ESP32-IDS-01;29.1;67.7;302;20;1;0.1;normal
1.779.158.969.365;51816;ESP32-IDS-01;30.5;60.5;593;22;4;0.7;dos
1.779.149.301.758;1106119;ESP32-IDS-01;28.9;68.3;703;74;86;2.6;normal
1.779.158.736.311;215253;ESP32-IDS-01;30.1;61.7;1263;159;330;1.7;dos
1.779.146.807.362;22787;ESP32-IDS-01;28.6;63.6;463;42;69;0.4;normal
1.779.148.624.247;428748;ESP32-IDS-01;28.8;69.1;754;21;2;2.3;normal
1.779.150.517.661;319687;ESP32-IDS-01;29.1;67.5;315;19;3;3.37;dos
1779167333.04;371733;ESP32-IDS-01;28.7;52.7;10000;60;13;0.2;dos
1.779.157.603.934;76820;ESP32-IDS-01;30.2;61.4;10000;59;17;2.56;dos
1.779.153.698.821;39759;ESP32-IDS-01;30.0;62.6;474;78;44;3.71;dos
1.779.155.414.417;105179;ESP32-IDS-01;30.0;62.3;934;35;24;2.5;dos
1.779.166.599.191;144396;ESP32-IDS-01;29.4;54.9;385;34;12;1.5;dos
1.779.150.274.745;55347;ESP32-IDS-01;28.9;67.9;989;9999;0;2.8;dos
1.779.148.500.667;305170;ESP32-IDS-01;28.7;69.5;465;19;1;2.1;normal
1.779.146.398.448;26214;ESP32-IDS-01;28.7;63.6;931;20;1;0.9;normal
1.779.151.053.638;853458;ESP32-IDS-01;29.7;65.6;811;53;13;2.63;dos
1.779.149.016.649;820995;ESP32-IDS-01;29.0;68.2;305;77;87;0.3;normal
1.779.154.678.684;347810;ESP32-IDS-01;30.0;62.3;10000;1152;160;0.58;dos
1.779.146.584.599;81148;ESP32-IDS-01;28.6;63.9;436;23;13;0.1;normal
1.779.156.444.516;136750;ESP32-IDS-01;30.1;61.7;549;136;256;3.4;dos
1.779.157.029.457;175605;ESP32-IDS-01;30.0;62.4;549;25;26;3.4;dos
1.779.151.488.894;1290962;ESP32-IDS-01;30.0;64.0;882;19;1;2.4;dos
1.779.165.780.669;34387;ESP32-IDS-01;31.5;57.0;7828;245;294;1.73;dos
1.779.165.200.096;869653;ESP32-IDS-01;30.9;59.6;3537;87;62;3.08;dos
1.779.151.290.098;1092159;ESP32-IDS-01;29.9;64.5;407;20;0;1.1;dos
1.779.148.684.683;489192;ESP32-IDS-01;28.9;68.8;491;19;1;1.7;normal
1.779.148.968.882;773376;ESP32-IDS-01;28.9;68.4;726;19;2;0.9;normal
1.779.164.758.018;429790;ESP32-IDS-01;30.2;62.5;2329;25;2;1.13;dos
1.779.152.053.393;1845018;ESP32-IDS-01;29.8;64.3;918;3626;2531;1.8;dos
1.779.151.483.846;1285890;ESP32-IDS-01;30.0;64.0;813;20;2;0.6;dos
1.779.146.200.298;143121;ESP32-IDS-01;28.6;64.6;546;22;8;3.0;normal
1.779.151.771.324;1573350;ESP32-IDS-01;29.8;64.5;450;28;13;7.34;dos
1.779.149.155.258;959780;ESP32-IDS-01;28.8;68.5;820;20;0;0.2;normal
1.779.146.757.469;132890;ESP32-IDS-01;28.6;63.2;711;21;2;1.4;normal
1.779.150.560.611;362633;ESP32-IDS-01;29.2;67.4;965;24;7;3.31;dos
1.779.154.783.956;52045;ESP32-IDS-01;30.0;62.3;515;25;9;3.24;dos
1.779.145.169.272;436185;ESP32-IDS-01;28.3;69.4;552;20;0;2.8;normal
1.779.166.589.652;121316;ESP32-IDS-01;29.4;55.0;10000;9999;0;0.87;dos
1.779.149.453.919;1258426;ESP32-IDS-01;28.9;68.2;693;20;2;3.5;normal
1779145903.85;86110;ESP32-IDS-01;28.6;65.3;579;20;1;1.9;normal
1779167471.58;494162;ESP32-IDS-01;28.6;52.4;10000;9999;0;2.68;dos
1.779.154.066.709;202694;ESP32-IDS-01;30.0;62.5;553;379;1059;2.0;dos
1.779.153.751.136;91177;ESP32-IDS-01;30.0;62.5;752;31;3;4.13;dos
1.779.158.242.609;390455;ESP32-IDS-01;30.3;60.9;2832;850;358;1.7;dos
1.779.145.255.398;522289;ESP32-IDS-01;28.2;68.2;565;20;2;0.1;normal
1779145553.16;820086;ESP32-IDS-01;28.4;67.7;421;21;1;2.4;normal
1779151350.47;1152536;ESP32-IDS-01;29.9;64.4;707;20;3;1.3;dos
1.779.154.870.985;139069;ESP32-IDS-01;30.0;62.2;467;33;24;4.24;dos
1.779.150.971.629;773649;ESP32-IDS-01;29.6;65.9;437;21;8;3.3;dos
1.779.146.432.379;59742;ESP32-IDS-01;28.7;64.0;300;86;104;2.4;normal
1.779.153.928.502;64524;ESP32-IDS-01;30.0;62.5;376;366;520;5.16;dos
1.779.153.474.929;449752;ESP32-IDS-01;30.1;62.6;494;30;13;1.5;dos
1.779.148.243.813;48306;ESP32-IDS-01;28.0;69.6;385;19;4;1.5;normal
1779148833.5;637980;ESP32-IDS-01;28.9;68.6;954;22;1;0.9;normal
1.779.149.482.225;1286734;ESP32-IDS-01;28.9;68.2;454;20;1;2.5;normal
1.779.157.934.767;88032;ESP32-IDS-01;30.3;60.8;486;26;14;2.4;dos
1.779.156.667.613;356887;ESP32-IDS-01;30.1;61.7;1363;400;508;1.9;dos
1.779.149.023.708;828220;ESP32-IDS-01;29.0;68.2;954;21;4;1.0;normal
1779145504.74;771662;ESP32-IDS-01;28.3;70.9;428;21;1;0.4;normal
1.779.146.234.155;176993;ESP32-IDS-01;28.6;63.1;462;22;6;0.4;normal
1.779.146.238.568;181416;ESP32-IDS-01;28.6;64.4;701;19;1;0.1;normal
1779148554.03;358277;ESP32-IDS-01;28.7;69.5;789;105;261;1.4;normal
1.779.155.277.298;545341;ESP32-IDS-01;30.0;62.3;440;35;12;4.77;dos
1.779.159.688.924;86232;ESP32-IDS-01;30.7;61.0;358;27;12;4.49;dos
1.779.148.473.517;278006;ESP32-IDS-01;28.7;69.5;431;23;5;2.0;normal
1.779.165.375.096;1036696;ESP32-IDS-01;31.0;59.2;10000;1822;289;2.66;dos
1.779.165.794.624;48997;ESP32-IDS-01;31.4;58.0;820;40;34;2.92;dos
1.779.146.156.913;99756;ESP32-IDS-01;28.6;63.9;922;19;1;2.2;normal
1.779.158.835.847;7811;ESP32-IDS-01;30.4;59.8;626;23;9;3.3;dos
1.779.146.548.797;45378;ESP32-IDS-01;28.6;64.8;379;18;2;0.3;normal
1.779.153.158.555;129849;ESP32-IDS-01;29.9;63.1;1281;186;327;2.18;dos
1.779.154.195.006;27107;ESP32-IDS-01;29.9;62.7;3414;21;4;3.3;dos
1.779.148.458.875;263340;ESP32-IDS-01;28.7;69.5;956;22;3;3.5;normal
1.779.146.336.244;18263;ESP32-IDS-01;28.7;64.6;330;23;9;0.2;normal
1.779.149.649.001;1453539;ESP32-IDS-01;29.0;67.7;717;20;0;2.1;normal
1.779.149.297.159;1101605;ESP32-IDS-01;28.9;68.3;700;20;3;0.5;normal
1.779.151.525.788;1327858;ESP32-IDS-01;29.9;64.1;376;20;0;3.5;dos
1.779.146.066.394;9028;ESP32-IDS-01;28.5;63.7;924;79;95;3.3;normal
1.779.151.951.602;1753601;ESP32-IDS-01;29.8;64.2;1242;45;36;4.31;dos
1.779.146.618.144;114712;ESP32-IDS-01;28.7;64.7;634;19;2;2.5;normal
1.779.146.135.897;78731;ESP32-IDS-01;28.6;64.1;460;21;4;0.5;normal
1779156850.09;540594;ESP32-IDS-01;30.0;62.2;2073;32;18;2.88;dos
1779146111.88;54718;ESP32-IDS-01;28.5;64.6;351;19;2;0.8;normal
1.779.165.796.854;51260;ESP32-IDS-01;31.4;57.9;956;23;18;2.05;dos
1.779.167.250.962;285389;ESP32-IDS-01;28.7;53.0;6263;54;29;1.9;dos
1779149403.15;1207650;ESP32-IDS-01;29.0;68.1;747;22;4;1.2;normal
1.779.159.998.578;128829;ESP32-IDS-01;30.5;61.5;1410;947;1103;3.31;dos
1.779.145.999.491;181763;ESP32-IDS-01;28.6;63.9;701;18;1;0.1;normal
1.779.156.893.409;39497;ESP32-IDS-01;30.0;62.3;924;29;4;7.63;dos
1.779.165.023.124;694865;ESP32-IDS-01;30.7;60.5;512;28;15;0.1;dos
1.779.155.174.609;441593;ESP32-IDS-01;30.1;62.2;8607;389;525;0.22;dos
1.779.165.974.312;80378;ESP32-IDS-01;31.4;57.6;958;20;11;2.29;dos
1.779.150.128.139;1932667;ESP32-IDS-01;28.9;67.9;882;21;3;0.5;dos
1.779.146.154.565;97410;ESP32-IDS-01;28.6;65.5;919;19;1;0.5;normal
1.779.157.800.713;8073;ESP32-IDS-01;30.3;59.6;777;35;29;4.17;dos
1.779.153.070.086;44901;ESP32-IDS-01;29.9;63.1;965;27;18;2.3;dos
1779166004.89;110845;ESP32-IDS-01;31.4;57.7;10000;54;56;0.29;dos
1.779.159.363.729;164733;ESP32-IDS-01;30.5;61.1;10000;9999;0;0.35;dos
1.779.166.029.515;128181;ESP32-IDS-01;31.5;57.5;701;583;1101;0.8;dos
1.779.149.771.138;1575685;ESP32-IDS-01;29.0;67.8;761;19;1;1.4;normal
1.779.150.788.941;589930;ESP32-IDS-01;29.4;66.3;514;371;1008;0.3;dos
1.779.149.045.172;849693;ESP32-IDS-01;29.0;68.2;877;19;2;3.1;normal
1.779.148.992.556;797048;ESP32-IDS-01;29.0;68.3;349;19;3;2.5;normal
1.779.149.194.908;999433;ESP32-IDS-01;28.8;68.5;652;18;2;3.1;normal
1.779.148.938.595;742923;ESP32-IDS-01;28.9;68.5;500;81;97;1.0;normal
1.779.165.841.943;96270;ESP32-IDS-01;31.4;57.8;998;58;109;2.2;dos
1.779.148.804.605;609121;ESP32-IDS-01;28.9;68.5;554;17;0;1.9;normal
1.779.146.689.083;64504;ESP32-IDS-01;28.6;64.6;796;20;2;0.5;normal
1779151889.4;1691409;ESP32-IDS-01;29.8;64.3;5277;40;14;0.2;dos
1.779.149.798.889;1603432;ESP32-IDS-01;29.0;67.8;594;20;0;0.5;normal
1.779.150.073.859;1878417;ESP32-IDS-01;28.9;67.8;715;18;0;2.5;dos
1779148275.39;79738;ESP32-IDS-01;28.2;70.3;762;68;77;2.2;normal
1.779.145.095.137;362050;ESP32-IDS-01;28.2;69.8;691;20;0;1.9;normal
1.779.148.918.334;722840;ESP32-IDS-01;28.9;68.5;442;21;2;0.3;normal
1.779.149.604.885;1409427;ESP32-IDS-01;29.1;67.7;797;19;1;0.6;normal
1.779.148.203.249;6648;ESP32-IDS-01;27.7;63.5;466;384;546;0.1;normal
1.779.148.587.681;392134;ESP32-IDS-01;28.8;69.2;954;28;17;0.6;normal
1.779.151.508.465;1310531;ESP32-IDS-01;30.0;64.0;936;20;0;2.7;dos
1.779.151.138.496;937887;ESP32-IDS-01;29.8;65.1;1335;559;1044;2.5;dos
1.779.158.295.251;448466;ESP32-IDS-01;30.4;60.9;449;46;35;3.3;dos
1.779.157.802.378;9729;ESP32-IDS-01;30.3;60.9;732;36;13;2.27;dos
1.779.150.657.521;459404;ESP32-IDS-01;29.3;66.9;480;69;92;4.58;dos
1.779.151.945.994;1747859;ESP32-IDS-01;29.8;64.2;728;76;85;3.15;dos
1.779.151.276.398;1078440;ESP32-IDS-01;29.9;64.6;661;18;1;0.8;dos
1.779.154.328.339;7449;ESP32-IDS-01;30.0;61.0;1230;20;11;0.91;dos
1.779.167.112.385;151251;ESP32-IDS-01;28.8;53.5;768;19;1;2.0;dos
1.779.151.517.959;1320029;ESP32-IDS-01;30.0;64.0;387;20;1;1.0;dos
1.779.146.743.159;118581;ESP32-IDS-01;28.6;62.8;315;20;5;0.2;normal
1.779.152.258.723;2060778;ESP32-IDS-01;29.9;64.3;876;31;27;6.91;dos
1.779.145.815.951;31893;ESP32-IDS-01;28.5;66.1;998;23;8;0.2;normal
1.779.154.890.964;152343;ESP32-IDS-01;30.0;62.4;7410;1355;6;3.23;dos
1.779.154.053.184;187081;ESP32-IDS-01;30.0;62.5;10000;385;490;3.17;dos
1.779.146.490.298;118065;ESP32-IDS-01;28.6;64.4;315;21;1;0.2;normal
1.779.159.508.087;319288;ESP32-IDS-01;30.6;61.1;587;27;15;2.7;dos
1.779.145.846.929;29141;ESP32-IDS-01;28.5;65.3;752;27;15;2.8;normal
1.779.149.812.565;1617071;ESP32-IDS-01;29.0;67.8;937;32;23;2.1;normal
1.779.150.786.209;588168;ESP32-IDS-01;29.5;66.3;897;41;31;5.03;dos
1779166375.44;42235;ESP32-IDS-01;30.0;55.6;965;19;1;2.3;dos
1.779.151.056.801;858755;ESP32-IDS-01;29.7;65.4;696;45;25;1.4;dos
1.779.148.644.499;448981;ESP32-IDS-01;28.8;69.0;370;19;4;1.6;normal
1.779.149.533.643;1338175;ESP32-IDS-01;29.0;68.0;930;19;1;2.7;normal
1.779.155.321.371;12144;ESP32-IDS-01;30.0;62.3;732;30;20;0.9;dos
1.779.146.497.213;124984;ESP32-IDS-01;28.6;63.2;449;20;1;3.3;normal
1.779.154.834.268;100733;ESP32-IDS-01;30.1;62.3;560;154;206;3.19;dos
1.779.166.690.386;235581;ESP32-IDS-01;29.2;50.7;570;31;26;5.05;dos
1779151438.46;1240503;ESP32-IDS-01;30.0;64.1;421;20;0;2.3;dos
1.779.148.850.953;655461;ESP32-IDS-01;28.9;68.6;810;21;2;2.7;normal
1.779.155.683.621;10298;ESP32-IDS-01;30.0;62.1;732;28;15;2.27;dos
1.779.154.915.265;183324;ESP32-IDS-01;30.0;62.4;933;39;33;4.59;dos
1.779.153.918.354;52152;ESP32-IDS-01;30.0;62.5;2122;434;546;2.17;dos
1.779.145.659.686;926592;ESP32-IDS-01;28.4;65.2;727;20;1;1.6;normal
1.779.148.379.287;183790;ESP32-IDS-01;28.5;70.0;339;17;1;0.7;normal
1.779.165.436.511;1108287;ESP32-IDS-01;31.1;59.1;2311;31;15;2.23;dos
1.779.164.753.037;424785;ESP32-IDS-01;30.2;62.8;897;28;15;7.26;dos
1.779.166.015.502;121565;ESP32-IDS-01;31.5;57.5;326;29;6;1.3;dos
1.779.151.855.203;1657276;ESP32-IDS-01;29.8;64.4;723;19;9;1.9;dos
1.779.153.115.039;87784;ESP32-IDS-01;29.9;63.1;3446;31;11;0.4;dos
1.779.156.627.416;319911;ESP32-IDS-01;30.1;61.7;836;20;5;0.9;dos
1.779.151.545.055;1347101;ESP32-IDS-01;29.9;64.1;574;20;0;1.5;dos
1.779.145.322.213;589128;ESP32-IDS-01;28.3;66.7;696;22;3;0.7;normal
1.779.151.512.678;1314519;ESP32-IDS-01;30.0;64.0;481;96;114;3.0;dos
1.779.157.213.716;40058;ESP32-IDS-01;30.1;62.3;686;42;58;3.26;dos
1.779.150.550.462;343191;ESP32-IDS-01;29.1;67.4;10000;9999;0;2.1;dos
1.779.154.787.436;55544;ESP32-IDS-01;30.0;62.3;728;25;11;1.3;dos
1.779.152.215.601;2017686;ESP32-IDS-01;29.8;64.3;386;22;6;2.8;dos
1.779.166.006.744;111625;ESP32-IDS-01;31.4;57.6;780;406;523;6.65;dos
1779159688.41;84641;ESP32-IDS-01;30.7;61.0;515;386;538;9.07;dos
1.779.166.151.932;8293;ESP32-IDS-01;31.3;55.7;626;38;32;3.3;dos
1.779.165.022.165;693908;ESP32-IDS-01;30.6;60.6;498;34;9;1.3;dos
1.779.156.487.101;175301;ESP32-IDS-01;30.0;61.7;3537;745;1047;2.98;dos
1.779.148.430.238;234717;ESP32-IDS-01;28.7;69.6;376;26;10;3.2;normal
1.779.148.236.908;41374;ESP32-IDS-01;28.0;69.3;934;29;25;2.5;normal
1.779.154.772.388;38163;ESP32-IDS-01;30.0;62.4;10000;416;765;1.66;dos
1.779.157.727.904;14021;ESP32-IDS-01;30.3;61.0;314;9999;0;1.5;dos
1.779.167.107.646;146491;ESP32-IDS-01;28.8;53.3;351;32;39;0.8;dos
1.779.149.704.663;1509206;ESP32-IDS-01;29.0;67.9;438;19;0;2.4;normal
1.779.148.208.154;12643;ESP32-IDS-01;27.7;65.7;474;20;0;1.6;normal
1.779.149.447.473;1252003;ESP32-IDS-01;28.9;68.2;833;20;1;1.5;normal
1.779.145.623.514;890228;ESP32-IDS-01;28.4;66.4;993;84;96;1.7;normal
1.779.156.130.573;132826;ESP32-IDS-01;30.0;62.0;590;24;16;3.1;dos
1.779.149.476.914;1281397;ESP32-IDS-01;28.9;68.2;753;28;17;2.6;normal
1.779.146.674.438;49837;ESP32-IDS-01;28.7;63.8;318;19;1;3.1;normal
1.779.148.349.541;154032;ESP32-IDS-01;28.5;70.1;371;20;3;2.9;normal
1.779.145.908.915;90948;ESP32-IDS-01;28.6;64.7;906;96;114;1.5;normal
1.779.159.731.185;128483;ESP32-IDS-01;30.7;61.1;876;30;12;3.14;dos
1.779.159.779.676;32433;ESP32-IDS-01;30.8;60.9;314;115;145;7.87;dos
1.779.156.394.047;86439;ESP32-IDS-01;30.1;61.8;1387;59;6;2.4;dos
1.779.149.453.919;1258426;ESP32-IDS-01;28.9;68.2;693;20;2;3.5;normal
1.779.158.279.644;431659;ESP32-IDS-01;30.3;60.9;10000;236;192;0.26;dos
1.779.158.476.222;96307;ESP32-IDS-01;30.2;61.5;876;371;522;2.0;dos
1.779.148.401.129;205628;ESP32-IDS-01;28.6;69.9;952;19;1;2.4;normal
1.779.150.649.447;451418;ESP32-IDS-01;29.2;67.2;1216;31;26;3.72;dos
1.779.160.175.376;33113;ESP32-IDS-01;30.7;59.8;3963;449;594;3.55;dos
1.779.149.595.399;1399937;ESP32-IDS-01;29.1;67.7;605;20;4;1.5;normal
1.779.149.114.249;918767;ESP32-IDS-01;28.9;68.3;341;20;0;0.2;normal
1.779.149.532.709;1337245;ESP32-IDS-01;29.0;68.0;713;19;1;2.4;normal
1.779.148.658.801;463286;ESP32-IDS-01;28.9;69.0;468;19;1;0.3;normal
1.779.165.436.331;1105976;ESP32-IDS-01;31.1;59.1;743;29;18;5.88;dos
1.779.156.673.284;365846;ESP32-IDS-01;30.1;61.7;848;27;12;2.3;dos
1.779.148.561.164;365665;ESP32-IDS-01;28.7;69.4;475;20;1;0.1;normal
1.779.165.975.554;81610;ESP32-IDS-01;31.4;57.7;752;21;7;5.46;dos
1.779.145.951.875;134112;ESP32-IDS-01;28.6;64.5;895;20;0;1.7;normal
1.779.155.951.668;84056;ESP32-IDS-01;30.0;62.2;563;82;81;1.3;dos
1.779.145.704.306;971239;ESP32-IDS-01;28.5;65.9;624;20;0;3.1;normal
1.779.156.493.573;186104;ESP32-IDS-01;30.0;61.8;1169;36;18;1.16;dos
1.779.146.225.079;167925;ESP32-IDS-01;28.6;62.9;590;19;2;1.9;normal
1.779.156.989.821;135964;ESP32-IDS-01;29.9;62.5;326;23;15;7.43;dos
1.779.158.860.378;10991;ESP32-IDS-01;30.4;61.0;2403;9999;0;3.72;dos
1.779.155.955.946;88495;ESP32-IDS-01;30.0;62.2;752;25;13;2.8;dos
1.779.150.123.818;1928368;ESP32-IDS-01;28.9;67.9;954;21;1;2.2;dos
1.779.145.644.448;911380;ESP32-IDS-01;28.4;64.9;847;20;1;2.7;normal
1.779.145.135.817;402733;ESP32-IDS-01;28.2;68.2;474;19;1;1.6;normal
1.779.145.249.573;516487;ESP32-IDS-01;28.3;67.3;700;21;1;2.1;normal
1.779.153.632.561;592594;ESP32-IDS-01;30.0;62.6;959;9999;0;1.0;dos
1.779.153.210.623;185448;ESP32-IDS-01;30.0;63.0;933;25;19;1.37;dos
1.779.157.350.736;50185;ESP32-IDS-01;30.1;61.8;1396;19;4;3.22;dos
1.779.145.432.665;699549;ESP32-IDS-01;28.3;71.3;346;25;6;3.3;normal
1.779.153.473.461;448289;ESP32-IDS-01;30.1;62.6;2580;26;25;1.19;dos
1.779.146.037.147;219388;ESP32-IDS-01;28.6;64.3;552;20;0;0.2;normal
1.779.145.391.864;658783;ESP32-IDS-01;28.3;68.5;785;19;1;1.2;normal
1.779.148.396.144;200640;ESP32-IDS-01;28.6;69.9;987;20;2;0.4;normal
1779148937.33;741819;ESP32-IDS-01;28.9;68.5;825;20;4;2.3;normal
1779165520.64;1192386;ESP32-IDS-01;31.2;59.1;973;38;8;3.23;dos
1.779.149.791.177;1595694;ESP32-IDS-01;29.0;67.8;521;20;0;1.0;normal
1.779.148.766.715;571225;ESP32-IDS-01;28.9;68.5;916;20;1;0.5;normal
1.779.149.250.025;1054550;ESP32-IDS-01;28.9;68.5;350;20;0;0.9;normal
1.779.165.339.481;1011244;ESP32-IDS-01;31.0;59.3;890;31;9;7.32;dos
1.779.149.478.185;1282720;ESP32-IDS-01;28.9;68.2;434;19;1;1.8;normal
1.779.149.374.397;1178926;ESP32-IDS-01;29.0;68.2;825;20;1;3.4;normal
1.779.146.525.085;21675;ESP32-IDS-01;28.6;63.8;972;19;2;1.5;normal
1.779.150.603.514;405526;ESP32-IDS-01;29.2;67.2;2226;27;13;1.65;dos
1.779.166.770.978;292916;ESP32-IDS-01;29.2;54.4;6652;9999;0;3.05;dos
1.779.149.052.604;857122;ESP32-IDS-01;29.0;68.2;762;20;1;1.9;normal
1.779.165.069.323;741083;ESP32-IDS-01;30.8;60.1;606;34;28;3.55;dos
1.779.145.517.349;784272;ESP32-IDS-01;28.4;68.5;639;21;1;2.1;normal
1779148810.0;614506;ESP32-IDS-01;28.9;68.5;681;21;4;1.7;normal
1779150053.34;1857891;ESP32-IDS-01;29.0;67.7;413;20;0;3.0;dos
1.779.155.927.773;45320;ESP32-IDS-01;30.0;62.2;330;9999;0;0.2;dos
1.779.146.227.899;170718;ESP32-IDS-01;28.6;63.3;590;20;2;1.2;normal
1.779.153.519.352;494156;ESP32-IDS-01;30.0;62.6;580;28;17;0.6;dos
1.779.159.864.264;8038;ESP32-IDS-01;30.6;59.8;626;22;8;6.49;dos
1.779.164.900.053;568810;ESP32-IDS-01;30.5;61.2;599;53;56;3.07;dos
1779167111.61;150483;ESP32-IDS-01;28.8;53.4;553;26;9;2.0;dos
1.779.149.578.988;1383527;ESP32-IDS-01;29.1;67.8;675;19;1;1.9;normal
1.779.158.297.451;450643;ESP32-IDS-01;30.3;60.9;968;53;27;3.83;dos
1.779.164.890.047;561828;ESP32-IDS-01;30.5;61.4;598;24;21;5.04;dos
1.779.148.515.393;319888;ESP32-IDS-01;28.7;69.5;389;19;2;2.0;normal
1.779.151.567.916;1369992;ESP32-IDS-01;29.9;64.1;933;18;2;1.8;dos
1.779.145.251.153;518069;ESP32-IDS-01;28.3;68.9;436;20;0;3.1;normal
1.779.155.992.808;119773;ESP32-IDS-01;30.0;62.2;1276;170;201;2.2;dos
1.779.159.053.664;135049;ESP32-IDS-01;30.5;60.6;1326;377;519;0.95;dos
1.779.148.865.246;669757;ESP32-IDS-01;28.9;68.6;772;20;0;0.7;normal
1779166693.48;238694;ESP32-IDS-01;29.2;50.7;833;28;19;4.9;dos
1.779.154.955.122;222069;ESP32-IDS-01;30.0;62.5;1361;47;3;2.03;dos
1.779.165.892.368;141472;ESP32-IDS-01;31.5;57.5;426;1359;2009;0.3;dos
1.779.165.523.142;1194868;ESP32-IDS-01;31.2;58.8;924;33;7;2.18;dos
1.779.153.122.411;97239;ESP32-IDS-01;29.9;63.2;808;25;5;2.68;dos
1.779.145.916.951;99211;ESP32-IDS-01;28.6;66.4;535;19;2;1.9;normal
1.779.146.568.524;65108;ESP32-IDS-01;28.6;64.4;889;20;2;2.3;normal
1.779.145.536.486;803414;ESP32-IDS-01;28.4;71.1;939;20;4;0.8;normal
1.779.145.414.648;681570;ESP32-IDS-01;28.3;68.7;594;20;0;1.7;normal
1.779.166.057.893;163983;ESP32-IDS-01;31.5;56.1;2711;22;12;1.87;dos
1.779.148.566.944;371410;ESP32-IDS-01;28.7;69.4;769;32;19;0.1;normal
1779145856.16;38413;ESP32-IDS-01;28.5;64.6;481;19;4;2.3;normal
1779159542.97;352669;ESP32-IDS-01;30.6;61.0;3261;505;887;1.5;dos
1.779.159.686.655;82795;ESP32-IDS-01;30.7;61.0;1242;374;527;3.31;dos
1.779.154.695.812;374882;ESP32-IDS-01;30.1;62.3;370;26;12;0.2;dos
1.779.148.800.452;604962;ESP32-IDS-01;28.9;68.5;629;20;0;0.4;normal
1.779.148.982.836;787343;ESP32-IDS-01;28.9;68.4;855;19;4;1.7;normal
1779146572.06;68648;ESP32-IDS-01;28.6;61.9;848;20;0;0.7;normal
1.779.167.201.616;229534;ESP32-IDS-01;28.7;53.1;10000;1903;1650;1.85;dos
1.779.151.275.106;1077167;ESP32-IDS-01;29.9;64.6;691;20;1;1.9;dos
1.779.153.749.295;90425;ESP32-IDS-01;30.0;62.5;480;24;20;0.4;dos
1.779.159.956.611;89649;ESP32-IDS-01;30.5;61.5;571;18;1;0.5;dos
1.779.153.067.798;39494;ESP32-IDS-01;29.9;63.1;1058;1062;3023;4.35;dos
1.779.146.205.799;148473;ESP32-IDS-01;28.6;65.2;744;76;91;3.3;normal
1.779.154.643.236;320167;ESP32-IDS-01;30.1;62.3;598;750;917;2.3;dos
1.779.149.065.674;870193;ESP32-IDS-01;29.0;68.2;860;20;4;0.1;normal
1.779.153.158.719;129849;ESP32-IDS-01;29.9;63.1;1281;186;327;2.18;dos
1.779.149.007.356;811877;ESP32-IDS-01;29.0;68.2;530;19;2;3.5;normal
1779151319.29;1121355;ESP32-IDS-01;29.9;64.4;363;19;2;1.9;dos
1.779.148.272.301;76791;ESP32-IDS-01;28.1;70.2;494;21;2;2.0;normal
1.779.156.758.494;451066;ESP32-IDS-01;30.1;61.7;345;29;13;2.1;dos
1779149194.44;998781;ESP32-IDS-01;28.8;68.5;636;72;79;0.8;normal
1.779.149.200.702;1005196;ESP32-IDS-01;28.8;68.5;473;30;16;0.4;normal
1779151369.31;1171165;ESP32-IDS-01;29.9;64.4;711;82;94;1.0;dos
1.779.153.255.312;230046;ESP32-IDS-01;30.0;62.8;535;45;26;4.74;dos
1.779.164.483.487;155268;ESP32-IDS-01;29.7;64.7;526;19;1;1.5;dos
1.779.145.756.265;43769;ESP32-IDS-01;28.5;64.9;549;20;0;3.4;normal
1.779.164.845.432;517193;ESP32-IDS-01;30.3;61.9;469;25;14;2.4;dos
1.779.154.509.998;188054;ESP32-IDS-01;30.1;62.4;746;40;26;8.06;dos
1.779.150.251.108;53110;ESP32-IDS-01;28.9;67.9;318;20;1;3.1;dos
1779149194.44;998781;ESP32-IDS-01;28.8;68.5;636;72;79;0.8;normal
1.779.145.494.405;761333;ESP32-IDS-01;28.3;66.8;421;19;3;3.3;normal
1.779.155.232.409;500540;ESP32-IDS-01;30.0;62.3;595;23;9;2.18;dos
1.779.146.313.951;256773;ESP32-IDS-01;28.6;63.8;308;19;1;2.3;normal
1.779.166.597.975;138445;ESP32-IDS-01;29.4;54.9;1717;1610;2363;3.3;dos
1.779.151.674.069;1476123;ESP32-IDS-01;29.8;64.4;804;24;5;5.48;dos
1.779.146.065.262;8104;ESP32-IDS-01;28.5;66.1;777;18;4;1.6;normal
1.779.146.387.332;15098;ESP32-IDS-01;28.7;64.1;479;20;0;1.5;normal
1.779.159.407.174;210888;ESP32-IDS-01;30.5;61.2;10000;9999;0;2.95;dos
1.779.156.256.641;102970;ESP32-IDS-01;30.1;61.9;10000;2821;363;2.96;dos
1.779.156.991.102;137240;ESP32-IDS-01;29.9;62.5;481;29;28;2.3;dos
1.779.150.966.471;768468;ESP32-IDS-01;29.5;66.1;327;38;26;2.9;dos
1.779.149.723.513;1528055;ESP32-IDS-01;29.0;67.9;894;20;2;1.1;normal
1.779.153.202.503;172455;ESP32-IDS-01;29.9;63.2;2369;233;453;0.3;dos
1.779.165.153.618;822598;ESP32-IDS-01;30.9;59.7;10000;741;513;1.29;dos
1.779.148.442.402;246898;ESP32-IDS-01;28.7;69.6;648;20;1;3.2;normal
1.779.145.299.557;566427;ESP32-IDS-01;28.3;66.7;749;28;12;2.4;normal
1.779.146.190.942;133765;ESP32-IDS-01;28.6;63.4;895;18;2;1.7;normal
1.779.146.744.401;119824;ESP32-IDS-01;28.6;62.8;429;20;2;3.4;normal
1.779.145.620.145;887076;ESP32-IDS-01;28.4;65.9;912;20;4;3.4;normal
1.779.146.003.876;186123;ESP32-IDS-01;28.6;64.8;367;17;2;0.2;normal
1.779.148.840.542;645026;ESP32-IDS-01;28.9;68.6;713;20;1;1.7;normal
1.779.152.438.159;2223120;ESP32-IDS-01;29.9;63.9;10000;9999;0;3.25;dos
1.779.166.289.107;144392;ESP32-IDS-01;30.5;54.7;549;36;23;7.04;dos
1.779.166.514.866;59261;ESP32-IDS-01;29.5;54.9;571;296;418;0.5;dos
1779148688.51;492993;ESP32-IDS-01;28.9;68.8;741;19;1;3.2;normal
1.779.165.879.833;134262;ESP32-IDS-01;31.5;57.7;481;24;11;2.3;dos
1.779.149.784.021;1588042;ESP32-IDS-01;29.0;67.8;810;88;13;0.7;normal
1.779.165.931.737;37775;ESP32-IDS-01;31.4;57.6;322;29;11;2.4;dos
1.779.154.590.207;260973;ESP32-IDS-01;30.1;62.3;10000;1702;3272;3.55;dos
1.779.154.194.839;23693;ESP32-IDS-01;29.9;61.3;777;60;17;1.6;dos
1.779.146.313.951;256773;ESP32-IDS-01;28.6;63.8;308;19;1;2.3;normal
1779148388.02;192493;ESP32-IDS-01;28.6;69.9;874;19;1;2.2;normal
1.779.145.297.074;563993;ESP32-IDS-01;28.3;68.9;591;20;0;0.5;normal
1.779.145.614.444;881213;ESP32-IDS-01;28.4;66.2;922;74;85;1.2;normal
1.779.150.075.962;1880505;ESP32-IDS-01;28.9;67.8;389;19;3;2.0;dos
1.779.159.505.919;317083;ESP32-IDS-01;30.6;61.1;316;38;20;9.83;dos
1.779.154.826.445;91288;ESP32-IDS-01;30.0;62.3;5493;377;508;2.98;dos
1.779.148.476.925;281424;ESP32-IDS-01;28.7;69.5;740;20;0;1.5;normal
1.779.148.330.504;134801;ESP32-IDS-01;28.4;70.3;807;86;199;1.2;normal
1.779.150.651.176;453199;ESP32-IDS-01;29.3;67.0;379;24;22;0.8;dos
1779148284.01;88503;ESP32-IDS-01;28.2;70.4;830;20;1;1.8;normal
1.779.165.091.089;749029;ESP32-IDS-01;30.8;60.0;740;9999;0;1.5;dos
1.779.167.103.177;142070;ESP32-IDS-01;28.8;53.3;551;18;1;1.3;dos
1.779.166.151.278;7667;ESP32-IDS-01;31.3;55.7;466;35;19;2.25;dos
1.779.155.188.881;456954;ESP32-IDS-01;30.0;62.3;580;32;9;2.32;dos
1.779.148.572.363;376852;ESP32-IDS-01;28.7;69.4;406;24;6;0.3;normal
1.779.157.787.929;86917;ESP32-IDS-01;30.3;60.9;2546;741;520;2.39;dos
1.779.166.736.132;281342;ESP32-IDS-01;29.2;53.0;598;30;16;2.3;dos
1.779.154.057.806;194861;ESP32-IDS-01;30.0;62.5;1757;25;12;3.37;dos
1.779.153.339.181;314025;ESP32-IDS-01;30.0;62.7;951;22;15;1.35;dos
1779156536.77;229311;ESP32-IDS-01;30.0;61.8;841;23;5;3.09;dos
1.779.148.288.146;92640;ESP32-IDS-01;28.2;70.4;528;19;1;2.9;normal
1.779.153.162.949;134841;ESP32-IDS-01;29.9;63.2;795;1002;1463;2.0;dos
1.779.149.674.194;1478736;ESP32-IDS-01;29.0;67.8;836;19;2;2.7;normal
1.779.155.326.753;17518;ESP32-IDS-01;30.0;62.3;479;31;22;3.59;dos
1.779.149.440.004;1244511;ESP32-IDS-01;28.9;68.1;850;20;0;0.6;normal
1.779.159.505.622;316767;ESP32-IDS-01;30.6;61.1;436;30;20;0.1;dos
1.779.148.231.387;35877;ESP32-IDS-01;27.9;69.0;560;20;0;1.4;normal
1779149720.85;1525390;ESP32-IDS-01;29.0;67.9;959;21;1;1.6;normal
1.779.159.013.566;96004;ESP32-IDS-01;30.5;60.6;1272;26;27;3.29;dos
1.779.150.100.036;1904580;ESP32-IDS-01;28.9;67.9;302;20;4;2.2;dos
1.779.166.019.869;125957;ESP32-IDS-01;31.5;57.5;934;21;8;4.64;dos
1.779.155.547.967;238743;ESP32-IDS-01;30.0;62.4;2312;31;15;0.93;dos
1.779.150.108.694;1913245;ESP32-IDS-01;28.9;67.9;627;21;1;0.4;dos
1.779.156.359.043;51590;ESP32-IDS-01;30.0;61.8;322;32;16;2.4;dos
1.779.156.671.007;363526;ESP32-IDS-01;30.1;61.7;941;28;16;2.53;dos
1.779.146.194.991;137831;ESP32-IDS-01;28.6;62.9;410;20;4;1.8;normal
1.779.156.042.076;44289;ESP32-IDS-01;30.1;62.0;686;29;13;3.26;dos
1.779.146.684.876;60266;ESP32-IDS-01;28.6;64.2;768;22;1;2.0;normal
1.779.149.191.641;996163;ESP32-IDS-01;28.8;68.5;729;20;0;2.3;normal
1.779.156.675.205;367785;ESP32-IDS-01;30.1;61.7;1187;20;8;1.14;dos
1779151646.1;1439514;ESP32-IDS-01;29.8;64.4;791;31;4;4.56;dos
1.779.150.334.474;136419;ESP32-IDS-01;28.8;67.9;461;43;15;8.91;dos
1.779.164.665.044;336781;ESP32-IDS-01;29.9;63.8;1212;22;10;1.83;dos
1.779.149.118.359;922859;ESP32-IDS-01;28.9;68.3;942;18;2;3.1;normal
1.779.146.192.448;135289;ESP32-IDS-01;28.6;63.4;717;20;1;3.4;normal
1779159781.42;34306;ESP32-IDS-01;30.7;61.1;801;58;44;5.4;dos
1.779.151.551.221;1353289;ESP32-IDS-01;29.9;64.1;670;20;0;0.5;dos
1.779.158.512.691;131915;ESP32-IDS-01;30.2;61.5;1113;663;574;2.9;dos
1.779.152.897.316;374110;ESP32-IDS-01;29.9;63.2;708;20;3;2.8;dos
1.779.145.641.364;908297;ESP32-IDS-01;28.4;65.8;463;19;1;1.0;normal
1.779.151.350.932;1152996;ESP32-IDS-01;29.9;64.4;460;20;0;0.5;dos
1.779.146.726.847;102270;ESP32-IDS-01;28.6;62.3;320;20;2;1.7;normal
1779149739.89;1544224;ESP32-IDS-01;29.0;67.9;979;89;109;3.0;normal
1.779.145.932.717;114950;ESP32-IDS-01;28.6;64.6;634;21;2;2.5;normal
1779145680.23;946853;ESP32-IDS-01;28.5;65.0;750;122;158;2.0;normal
1.779.156.128.741;130960;ESP32-IDS-01;30.0;62.0;326;35;22;10.5;dos
1779151395.1;1197166;ESP32-IDS-01;29.9;64.3;943;20;0;2.0;dos
1.779.146.140.102;82943;ESP32-IDS-01;28.6;63.9;667;19;1;3.3;normal
1.779.153.746.166;86999;ESP32-IDS-01;30.0;62.5;563;123;117;6.63;dos
1.779.153.063.167;35334;ESP32-IDS-01;29.9;63.1;6152;55;24;3.46;dos
1.779.153.073.746;48575;ESP32-IDS-01;29.9;63.1;820;24;11;1.7;dos
1.779.149.615.891;1420431;ESP32-IDS-01;29.0;67.7;938;19;0;1.8;normal
1.779.154.058.728;195794;ESP32-IDS-01;30.0;62.5;933;21;9;4.59;dos
1.779.148.796.701;601205;ESP32-IDS-01;28.9;68.5;538;21;1;1.5;normal
1779154057.65;193104;ESP32-IDS-01;30.0;62.5;2476;554;1469;1.7;dos
1.779.151.388.411;1190317;ESP32-IDS-01;29.9;64.3;747;73;80;0.1;dos
1.779.153.745.306;86436;ESP32-IDS-01;30.0;62.5;1286;26;13;2.08;dos
1.779.145.219.453;486352;ESP32-IDS-01;28.3;68.9;920;17;1;3.1;normal
1779146638.92;14344;ESP32-IDS-01;28.7;65.0;965;19;1;2.3;normal
1.779.148.696.156;500669;ESP32-IDS-01;28.9;68.8;565;18;1;2.1;normal
1.779.151.361.481;1163545;ESP32-IDS-01;29.9;64.4;544;20;1;0.3;dos
1.779.145.997.318;179561;ESP32-IDS-01;28.6;63.9;356;19;3;0.2;normal
1.779.149.213.822;1018348;ESP32-IDS-01;28.8;68.5;883;19;2;1.2;normal
1.779.159.466.365;277541;ESP32-IDS-01;30.6;61.0;570;27;14;3.3;dos
1779145979.38;161648;ESP32-IDS-01;28.6;63.6;627;19;2;1.9;normal
1.779.146.185.565;128410;ESP32-IDS-01;28.6;62.4;468;19;1;2.6;normal
1.779.158.291.721;445005;ESP32-IDS-01;30.3;60.9;898;26;14;2.43;dos
1.779.145.335.557;602475;ESP32-IDS-01;28.3;68.1;542;21;3;0.2;normal
1.779.148.911.049;714441;ESP32-IDS-01;28.9;68.5;752;393;565;0.3;normal
1.779.149.179.532;984052;ESP32-IDS-01;28.8;68.5;473;21;0;2.0;normal
1.779.146.359.909;41940;ESP32-IDS-01;28.7;62.2;601;19;2;0.5;normal
1.779.151.585.554;1387457;ESP32-IDS-01;29.9;64.2;303;77;169;1.0;dos
1.779.146.806.227;21722;ESP32-IDS-01;28.6;63.5;358;19;3;1.7;normal
1.779.148.679.392;483888;ESP32-IDS-01;28.9;68.9;798;23;10;1.9;normal
1.779.149.113.911;918426;ESP32-IDS-01;28.9;68.3;949;22;3;3.5;normal
1.779.159.766.967;18693;ESP32-IDS-01;30.8;59.6;10000;427;1033;0.1;dos
1779158042.21;180682;ESP32-IDS-01;30.2;61.0;873;2509;4824;1.95;dos
1.779.153.068.442;43250;ESP32-IDS-01;29.9;63.1;474;31;5;7.93;dos
1.779.167.215.426;254264;ESP32-IDS-01;28.7;53.0;919;37;26;1.59;dos
1.779.166.410.661;58965;ESP32-IDS-01;30.0;55.6;10000;9999;0;2.5;dos
1.779.154.910.656;177771;ESP32-IDS-01;30.0;62.4;10000;337;758;2.88;dos
1.779.149.366.418;1170943;ESP32-IDS-01;29.0;68.2;571;20;1;3.1;normal
1779165715.33;1377880;ESP32-IDS-01;31.4;58.2;712;19;1;2.4;dos
1.779.155.498.679;189435;ESP32-IDS-01;30.0;62.2;1219;27;29;3.22;dos
1.779.149.092.227;896746;ESP32-IDS-01;28.9;68.3;504;20;0;1.2;normal
1.779.154.869.921;138001;ESP32-IDS-01;30.0;62.2;934;34;13;3.57;dos
1.779.164.937.278;609074;ESP32-IDS-01;30.5;61.1;509;18;0;3.3;dos
1.779.159.053.874;136264;ESP32-IDS-01;30.5;60.6;1215;37;2;3.72;dos
1.779.145.826.544;8805;ESP32-IDS-01;28.5;67.3;777;19;1;1.6;normal
1.779.148.832.524;637026;ESP32-IDS-01;28.9;68.6;908;23;3;2.8;normal
1.779.148.546.251;350755;ESP32-IDS-01;28.7;69.5;407;19;2;1.1;normal
1.779.154.594.283;270472;ESP32-IDS-01;30.1;62.3;959;223;289;4.67;dos
1.779.165.330.866;999650;ESP32-IDS-01;31.0;59.3;3526;1014;1313;2.28;dos
1.779.151.455.845;1257911;ESP32-IDS-01;30.0;64.1;924;21;1;0.4;dos
1.779.151.456.356;1258405;ESP32-IDS-01;30.0;64.1;494;26;14;2.1;dos
1.779.156.938.643;84768;ESP32-IDS-01;30.0;62.3;1390;33;24;2.02;dos
1.779.159.730.307;127607;ESP32-IDS-01;30.7;61.1;752;20;11;4.13;dos
1.779.149.250.025;1054550;ESP32-IDS-01;28.9;68.5;350;20;0;0.9;normal
1.779.156.044.423;46640;ESP32-IDS-01;30.1;62.0;479;30;9;3.59;dos
1.779.156.202.787;41403;ESP32-IDS-01;30.0;61.9;1818;9999;0;2.25;dos
1779157258.56;84901;ESP32-IDS-01;30.1;62.2;486;46;42;4.46;dos
1.779.152.297.127;2099012;ESP32-IDS-01;29.9;64.1;9269;52;16;0.81;dos
1.779.151.430.677;1232744;ESP32-IDS-01;30.0;64.2;658;20;0;1.2;dos
1.779.148.399.052;203546;ESP32-IDS-01;28.6;69.9;520;20;1;3.0;normal
1.779.146.344.731;26761;ESP32-IDS-01;28.7;65.3;931;20;1;0.9;normal
1.779.148.557.151;361650;ESP32-IDS-01;28.7;69.5;729;20;0;1.1;normal
1.779.152.980.836;457572;ESP32-IDS-01;29.9;61.5;516;31;3;0.9;dos
1.779.154.864.125;131500;ESP32-IDS-01;30.0;62.2;9445;248;509;2.11;dos
1.779.166.199.872;56241;ESP32-IDS-01;31.0;54.6;602;33;22;0.2;dos
1.779.153.207.146;181960;ESP32-IDS-01;30.0;63.0;971;30;9;3.1;dos
1.779.148.919.695;724213;ESP32-IDS-01;28.9;68.5;756;19;2;2.7;normal
1.779.151.629.028;1431096;ESP32-IDS-01;29.9;64.2;2994;19;4;0.73;dos
1.779.150.117.671;1922221;ESP32-IDS-01;28.9;67.9;351;21;1;0.7;dos
1.779.164.806.191;477946;ESP32-IDS-01;30.3;62.1;987;32;16;2.43;dos
1.779.154.336.672;15771;ESP32-IDS-01;30.0;62.4;314;24;11;4.68;dos
1.779.153.164.518;139332;ESP32-IDS-01;29.9;63.2;807;17;0;2.6;dos
1.779.164.626.937;297616;ESP32-IDS-01;29.9;63.9;679;372;522;0.9;dos
1.779.150.072.649;1877198;ESP32-IDS-01;28.9;67.8;672;21;0;0.2;dos
1.779.149.083.266;887760;ESP32-IDS-01;28.9;68.3;587;20;0;0.5;normal
1.779.149.738.717;1543245;ESP32-IDS-01;29.0;67.9;536;20;1;0.6;normal
1779145560.73;827422;ESP32-IDS-01;28.4;66.7;747;20;3;2.2;normal
1.779.145.764.883;52387;ESP32-IDS-01;28.5;66.6;933;19;2;0.3;normal
1.779.145.401.157;668078;ESP32-IDS-01;28.3;67.5;872;20;0;2.1;normal
1.779.157.814.784;10694;ESP32-IDS-01;30.3;60.9;965;1166;400;3.4;dos
1.779.157.908.236;45778;ESP32-IDS-01;30.3;59.4;2315;2652;3038;0.63;dos
1.779.145.939.877;122140;ESP32-IDS-01;28.6;62.9;898;20;1;0.2;normal
1.779.149.758.805;1563341;ESP32-IDS-01;29.0;67.8;875;22;11;0.1;normal
1.779.151.012.554;814549;ESP32-IDS-01;29.7;65.7;1192;37;25;4.24;dos
1.779.145.928.268;110527;ESP32-IDS-01;28.6;64.6;976;21;2;3.5;normal
1.779.148.482.753;287212;ESP32-IDS-01;28.7;69.5;568;33;21;2.1;normal
1.779.149.647.662;1452176;ESP32-IDS-01;29.0;67.7;670;20;0;3.0;normal
1.779.148.429.022;233521;ESP32-IDS-01;28.7;69.7;1000;19;1;2.6;normal
1.779.150.419.813;218670;ESP32-IDS-01;28.8;68.0;3433;395;522;0.3;dos
1.779.148.682.005;486509;ESP32-IDS-01;28.9;68.8;611;20;2;0.3;normal
1.779.145.755.715;43220;ESP32-IDS-01;28.5;64.9;701;20;0;0.8;normal
1.779.164.841.575;513182;ESP32-IDS-01;30.3;62.0;2366;54;22;2.9;dos
1.779.145.947.499;129759;ESP32-IDS-01;28.6;65.9;653;20;0;2.5;normal
1779146730.7;106126;ESP32-IDS-01;28.6;64.7;676;19;2;1.6;normal
1.779.149.384.864;1189396;ESP32-IDS-01;29.0;68.1;549;19;3;2.9;normal
1.779.148.364.436;168928;ESP32-IDS-01;28.5;70.1;458;19;1;0.9;normal
1.779.159.769.358;20176;ESP32-IDS-01;30.8;59.6;1483;82;37;3.97;dos
1.779.159.918.451;50599;ESP32-IDS-01;30.5;61.4;330;39;31;0.2;dos
1.779.150.652.113;454065;ESP32-IDS-01;29.3;67.0;321;40;30;1.5;dos
1.779.148.793.009;597525;ESP32-IDS-01;28.9;68.5;510;18;2;0.7;normal
1.779.148.314.428;118924;ESP32-IDS-01;28.3;70.3;320;19;1;2.8;normal
1.779.164.939.306;611062;ESP32-IDS-01;30.5;61.0;770;24;22;0.5;dos
1.779.152.114.885;1903746;ESP32-IDS-01;29.9;64.4;10000;1444;238;2.97;dos
1.779.148.402.664;207161;ESP32-IDS-01;28.6;69.9;785;20;1;2.9;normal
1.779.152.758.907;235662;ESP32-IDS-01;29.9;63.4;944;29;32;1.56;dos
1.779.151.723.153;1525165;ESP32-IDS-01;29.8;64.5;772;25;9;1.4;dos
1.779.152.892.539;369300;ESP32-IDS-01;29.9;63.2;1210;30;13;0.3;dos
1.779.151.241.579;1043643;ESP32-IDS-01;29.8;64.8;900;19;1;0.9;dos
1779167284.8;301297;ESP32-IDS-01;28.7;53.0;360;9999;0;7.06;dos
1.779.159.779.113;32119;ESP32-IDS-01;30.8;60.9;965;27;9;3.34;dos
1.779.158.664.234;139130;ESP32-IDS-01;30.1;61.9;590;27;1;4.79;dos
1.779.146.795.183;10675;ESP32-IDS-01;28.7;62.9;965;19;3;3.4;normal
1.779.149.174.458;978984;ESP32-IDS-01;28.8;68.5;934;19;2;2.2;normal
1.779.145.264.993;531875;ESP32-IDS-01;28.2;67.1;796;22;3;0.7;normal
1.779.148.966.276;770791;ESP32-IDS-01;28.9;68.5;636;20;0;0.2;normal
1779151952.51;1754476;ESP32-IDS-01;29.8;64.2;555;56;81;0.4;dos
1.779.159.279.645;90845;ESP32-IDS-01;30.5;60.9;571;26;14;0.5;dos
1.779.151.254.058;1055923;ESP32-IDS-01;29.9;64.8;601;84;195;2.1;dos
1.779.158.879.401;51314;ESP32-IDS-01;30.5;60.7;820;33;4;4.14;dos
1.779.157.838.006;41825;ESP32-IDS-01;30.3;60.9;1071;1211;1349;2.43;dos
1.779.149.552.049;1356584;ESP32-IDS-01;29.0;67.9;640;20;0;3.2;normal
1.779.145.481.867;748790;ESP32-IDS-01;28.3;68.7;518;20;1;0.6;normal
1779154165.26;294696;ESP32-IDS-01;29.9;62.7;587;24;11;2.7;dos
1.779.145.761.399;48899;ESP32-IDS-01;28.5;66.4;971;21;2;3.1;normal
1.779.146.637.275;12693;ESP32-IDS-01;28.7;61.6;474;20;1;1.6;normal
1.779.153.482.649;455383;ESP32-IDS-01;30.0;62.6;697;25;3;0.3;dos
1.779.165.004.863;659080;ESP32-IDS-01;30.6;60.7;772;9999;0;3.6;dos
1.779.145.505.367;772264;ESP32-IDS-01;28.3;67.4;602;21;0;2.1;normal
1.779.146.609.743;106331;ESP32-IDS-01;28.7;64.1;426;20;4;1.7;normal
1.779.145.888.185;70439;ESP32-IDS-01;28.5;65.7;993;20;0;2.5;normal
1.779.156.220.738;77665;ESP32-IDS-01;30.0;61.9;463;28;32;2.56;dos
1.779.145.710.751;977687;ESP32-IDS-01;28.5;65.2;528;19;0;1.7;normal
1.779.148.490.723;295223;ESP32-IDS-01;28.7;69.5;801;20;0;1.2;normal
1.779.146.242.156;185004;ESP32-IDS-01;28.6;63.9;929;19;1;0.7;normal
1.779.146.398.448;26214;ESP32-IDS-01;28.7;63.6;931;20;1;0.9;normal
1779152249.04;2024758;ESP32-IDS-01;29.9;64.1;802;3203;3359;5.69;dos
1.779.152.625.098;101850;ESP32-IDS-01;29.9;63.5;326;27;15;4.37;dos
1.779.146.018.929;201167;ESP32-IDS-01;28.6;64.5;401;26;10;0.1;normal
1.779.153.418.149;379476;ESP32-IDS-01;30.1;62.6;10000;9999;0;3.1;dos
1.779.148.997.644;802156;ESP32-IDS-01;29.0;68.2;395;21;9;1.7;normal
1.779.158.114.395;267667;ESP32-IDS-01;30.3;60.7;755;31;15;5.25;dos
1.779.149.179.532;984052;ESP32-IDS-01;28.8;68.5;473;21;0;2.0;normal
1779146220.72;163568;ESP32-IDS-01;28.6;64.0;688;19;0;1.8;normal
1.779.145.376.117;643012;ESP32-IDS-01;28.3;68.5;862;21;1;1.1;normal
1.779.145.747.942;35445;ESP32-IDS-01;28.5;66.4;560;20;0;1.4;normal
1779148599.58;404083;ESP32-IDS-01;28.8;69.2;903;20;0;2.7;normal
1.779.153.795.117;136227;ESP32-IDS-01;30.0;62.5;467;29;12;4.24;dos
1.779.158.426.676;47780;ESP32-IDS-01;30.2;61.4;801;27;14;4.15;dos
1.779.145.939.877;122140;ESP32-IDS-01;28.6;62.9;898;20;1;0.2;normal
1.779.149.188.273;992774;ESP32-IDS-01;28.8;68.5;656;19;0;0.9;normal
1.779.165.655.276;1326976;ESP32-IDS-01;31.4;58.4;739;37;45;3.4;dos
1.779.146.698.695;74120;ESP32-IDS-01;28.6;63.3;903;19;2;3.5;normal
1.779.154.828.235;96349;ESP32-IDS-01;30.0;62.3;823;21;6;2.9;dos
1.779.146.573.612;70201;ESP32-IDS-01;28.6;61.9;993;20;3;2.5;normal
1.779.145.149.811;416726;ESP32-IDS-01;28.3;71.7;626;20;1;3.3;normal
1.779.158.159.224;312517;ESP32-IDS-01;30.4;60.6;830;25;15;3.0;dos
1.779.148.903.176;707690;ESP32-IDS-01;28.9;68.5;373;20;1;1.9;normal
1779157261.43;87841;ESP32-IDS-01;30.1;62.2;480;26;10;4.57;dos
1.779.148.308.329;112821;ESP32-IDS-01;28.3;70.3;710;20;2;3.0;normal
1.779.164.671.771;343442;ESP32-IDS-01;30.0;63.2;316;34;43;1.5;dos
1.779.167.003.338;42084;ESP32-IDS-01;28.9;53.5;732;58;73;6.36;dos
1.779.149.779.485;1583821;ESP32-IDS-01;29.0;67.8;620;81;184;1.2;normal
1.779.149.607.628;1412143;ESP32-IDS-01;29.0;67.7;513;19;2;1.9;normal
1.779.149.151.145;955335;ESP32-IDS-01;28.9;68.4;732;130;329;2.3;normal
1.779.158.083.893;226219;ESP32-IDS-01;30.3;60.8;535;9999;0;1.0;dos
1.779.145.339.402;606322;ESP32-IDS-01;28.3;68.9;937;20;0;0.8;normal
1779153959.67;91384;ESP32-IDS-01;30.0;62.5;10000;183;260;0.95;dos
1.779.145.456.646;723571;ESP32-IDS-01;28.3;68.6;857;20;0;3.4;normal
1.779.146.206.423;149262;ESP32-IDS-01;28.6;65.2;440;20;2;3.0;normal
1.779.145.807.724;23647;ESP32-IDS-01;28.5;65.0;728;29;19;1.3;normal
1779145181.79;448705;ESP32-IDS-01;28.3;69.2;352;20;0;1.6;normal
1.779.154.022.613;159558;ESP32-IDS-01;30.0;62.5;634;40;14;2.88;dos
1.779.149.323.794;1128323;ESP32-IDS-01;28.9;68.3;977;19;2;3.2;normal
1.779.149.124.419;928943;ESP32-IDS-01;28.9;68.3;649;18;2;2.2;normal
1.779.145.685.909;952842;ESP32-IDS-01;28.5;65.0;346;20;0;1.9;normal
1.779.145.227.347;494258;ESP32-IDS-01;28.3;67.6;422;21;1;1.9;normal
1.779.151.572.062;1374134;ESP32-IDS-01;29.9;64.1;785;20;0;1.2;dos
1.779.146.235.146;177978;ESP32-IDS-01;28.6;63.1;985;23;11;2.8;normal
1779165788.52;39937;ESP32-IDS-01;31.4;58.0;898;1027;1497;4.84;dos
1.779.146.359.909;41940;ESP32-IDS-01;28.7;62.2;601;19;2;0.5;normal
1.779.158.509.804;130802;ESP32-IDS-01;30.2;61.5;378;55;34;1.3;dos
1.779.148.733.664;538174;ESP32-IDS-01;29.0;68.5;591;19;0;0.5;normal
1.779.148.914.923;719438;ESP32-IDS-01;28.9;68.5;723;20;1;1.9;normal
1.779.148.238.432;42897;ESP32-IDS-01;28.0;69.5;455;20;0;2.9;normal
1.779.148.342.406;146899;ESP32-IDS-01;28.4;70.3;648;19;2;2.4;normal
1.779.149.649.509;1454049;ESP32-IDS-01;29.0;67.7;510;20;0;2.5;normal
1.779.145.352.917;619837;ESP32-IDS-01;28.3;68.9;802;20;0;0.2;normal
1.779.148.738.738;543070;ESP32-IDS-01;29.0;68.4;963;21;2;0.8;normal
1.779.165.654.448;1326237;ESP32-IDS-01;31.3;58.4;544;27;9;2.6;dos
1.779.149.798.315;1602838;ESP32-IDS-01;29.0;67.8;1234;18;2;1.5;normal
1.779.149.127.726;932208;ESP32-IDS-01;28.9;68.3;391;21;1;2.1;normal
1.779.157.030.722;176879;ESP32-IDS-01;30.0;62.4;379;25;8;0.3;dos
1.779.149.776.607;1581150;ESP32-IDS-01;29.0;67.8;572;20;2;2.6;normal
1.779.149.152.394;956911;ESP32-IDS-01;28.8;68.4;452;22;3;2.9;normal
1.779.165.024.495;695235;ESP32-IDS-01;30.7;60.5;370;366;521;1.4;dos
1.779.146.312.927;255774;ESP32-IDS-01;28.6;63.3;711;19;1;3.5;normal
1.779.148.972.334;776823;ESP32-IDS-01;28.9;68.4;941;20;1;3.4;normal
1.779.145.347.137;614055;ESP32-IDS-01;28.3;68.4;818;21;2;1.4;normal
1.779.150.296.151;98106;ESP32-IDS-01;28.8;67.9;768;33;49;3.3;dos
1.779.158.116.489;269772;ESP32-IDS-01;30.3;60.7;1202;22;17;4.13;dos
1.779.167.441.096;478995;ESP32-IDS-01;28.6;52.3;371;352;502;2.9;dos
1.779.149.075.613;879056;ESP32-IDS-01;28.9;68.3;794;379;538;0.7;normal
1.779.146.768.396;143822;ESP32-IDS-01;28.6;64.6;546;20;1;3.0;normal
1.779.149.401.806;1206339;ESP32-IDS-01;29.0;68.1;658;19;2;2.4;normal
1.779.149.505.348;1309877;ESP32-IDS-01;29.0;68.0;998;22;4;3.2;normal
1.779.167.213.105;251872;ESP32-IDS-01;28.7;53.0;439;43;22;2.8;dos
1.779.146.301.679;244520;ESP32-IDS-01;28.6;64.0;580;21;5;1.8;normal
1.779.145.934.994;117259;ESP32-IDS-01;28.6;64.6;312;19;3;0.8;normal
1.779.167.210.379;249248;ESP32-IDS-01;28.8;53.1;1416;24;10;3.61;dos
1.779.152.581.496;58263;ESP32-IDS-01;29.9;63.5;2206;23;6;1.75;dos
1.779.145.990.988;173254;ESP32-IDS-01;28.6;64.6;873;19;1;1.6;normal
1.779.156.577.327;269725;ESP32-IDS-01;30.0;61.8;1427;69;39;3.2;dos
1.779.149.029.575;834094;ESP32-IDS-01;29.0;68.2;876;19;2;1.2;normal
1779164803.56;475316;ESP32-IDS-01;30.3;62.1;690;27;15;0.7;dos
1.779.156.530.174;221521;ESP32-IDS-01;30.0;61.8;2876;412;949;0.85;dos
1.779.149.688.224;1492751;ESP32-IDS-01;29.0;67.8;684;20;0;1.0;normal
1.779.155.083.714;351248;ESP32-IDS-01;30.1;62.3;10000;210;254;3.58;dos
1.779.149.759.859;1564403;ESP32-IDS-01;29.0;67.8;349;20;0;0.5;normal
1.779.151.461.371;1263404;ESP32-IDS-01;30.0;64.0;857;32;18;0.9;dos
1.779.148.236.908;41374;ESP32-IDS-01;28.0;69.3;934;29;25;2.5;normal
1.779.145.756.265;43769;ESP32-IDS-01;28.5;64.9;549;20;0;3.4;normal
1.779.146.559.549;56139;ESP32-IDS-01;28.6;63.6;918;18;1;1.7;normal
1.779.146.684.079;59498;ESP32-IDS-01;28.6;63.1;553;20;1;2.0;normal
1.779.156.804.286;492800;ESP32-IDS-01;30.0;62.1;6971;419;547;1.84;dos
1.779.149.435.266;1239796;ESP32-IDS-01;28.9;68.1;782;20;2;3.1;normal
1.779.160.097.464;13601;ESP32-IDS-01;30.7;61.1;1186;36;17;2.44;dos
1.779.157.345.321;44777;ESP32-IDS-01;30.1;61.8;314;24;11;4.68;dos
1.779.152.667.056;143739;ESP32-IDS-01;29.9;63.5;634;23;10;7.61;dos
1.779.157.880.109;30976;ESP32-IDS-01;30.3;59.6;777;148;173;1.6;dos
1.779.156.659.029;348421;ESP32-IDS-01;30.1;61.7;10000;1067;392;1.45;dos
1.779.145.536.486;803414;ESP32-IDS-01;28.4;71.1;939;20;4;0.8;normal
1.779.146.517.664;14251;ESP32-IDS-01;28.6;62.0;965;19;1;2.3;normal
1.779.148.940.004;744519;ESP32-IDS-01;28.9;68.5;728;20;1;0.4;normal
1.779.151.290.985;1092996;ESP32-IDS-01;29.9;64.5;394;24;6;0.8;dos
1.779.166.556.309;101520;ESP32-IDS-01;29.4;55.0;326;34;26;1.3;dos
1.779.149.295.583;1100091;ESP32-IDS-01;28.9;68.3;971;26;11;2.8;normal
1.779.153.071.493;46287;ESP32-IDS-01;29.9;63.1;479;35;25;3.59;dos
1.779.151.920.128;1709706;ESP32-IDS-01;29.8;64.2;876;9999;0;3.88;dos
1.779.152.037.531;1839588;ESP32-IDS-01;29.8;64.4;439;29;13;2.78;dos
1.779.156.441.214;132573;ESP32-IDS-01;30.1;61.7;1450;407;1017;0.5;dos
1.779.145.925.156;107417;ESP32-IDS-01;28.6;66.1;848;20;0;2.3;normal
1.779.149.266.491;1071018;ESP32-IDS-01;28.9;68.4;495;19;1;2.4;normal
1.779.146.635.913;11321;ESP32-IDS-01;28.7;61.6;965;24;6;3.4;normal
1779146340.64;22643;ESP32-IDS-01;28.7;63.8;602;21;1;0.2;normal
1.779.151.492.465;1294534;ESP32-IDS-01;30.0;64.0;735;20;1;1.0;dos
1.779.145.370.346;637268;ESP32-IDS-01;28.3;68.5;696;20;0;1.3;normal
1.779.148.756.131;560635;ESP32-IDS-01;29.0;68.4;320;22;3;2.7;normal
1.779.159.946.888;76542;ESP32-IDS-01;30.5;61.4;10000;1123;1635;2.5;dos
1.779.158.602.173;82483;ESP32-IDS-01;30.1;61.6;3841;396;996;2.76;dos
1.779.146.582.284;78870;ESP32-IDS-01;28.6;63.6;460;20;0;0.5;normal
1.779.164.755.011;425694;ESP32-IDS-01;30.2;62.5;909;375;533;0.9;dos
1.779.145.200.915;467820;ESP32-IDS-01;28.3;68.7;860;23;13;3.1;normal
1.779.148.564.426;368930;ESP32-IDS-01;28.7;69.4;561;19;2;1.8;normal
1.779.148.244.783;49277;ESP32-IDS-01;28.0;69.6;971;19;2;3.1;normal
1.779.146.781.286;156684;ESP32-IDS-01;28.6;61.5;590;21;4;2.6;normal
1.779.152.533.717;10445;ESP32-IDS-01;30.0;63.5;732;32;37;2.27;dos
1779165837.11;91533;ESP32-IDS-01;31.4;57.8;958;25;5;2.29;dos
1.779.153.836.804;177926;ESP32-IDS-01;30.0;62.5;551;17;1;3.11;dos
1.779.167.524.789;563625;ESP32-IDS-01;28.6;51.9;603;39;13;3.0;dos
1.779.148.821.555;626067;ESP32-IDS-01;28.9;68.6;947;19;4;0.8;normal
1.779.146.388.163;15899;ESP32-IDS-01;28.7;62.6;801;22;1;2.9;normal
1.779.167.048.723;78817;ESP32-IDS-01;28.8;53.1;972;2269;978;4.59;dos
1.779.167.301.631;340502;ESP32-IDS-01;28.7;52.7;654;18;2;3.93;dos
1.779.164.850.908;522648;ESP32-IDS-01;30.4;61.7;961;34;37;1.3;dos
1.779.146.707.577;83006;ESP32-IDS-01;28.6;64.1;1257;18;1;0.3;normal
1.779.145.322.213;589128;ESP32-IDS-01;28.3;66.7;696;22;3;0.7;normal
1779145131.34;398225;ESP32-IDS-01;28.2;69.5;528;21;1;3.4;normal
1.779.145.185.965;452881;ESP32-IDS-01;28.3;69.2;336;20;1;0.2;normal
1.779.149.766.766;1571309;ESP32-IDS-01;29.0;67.8;383;20;4;1.5;normal
1.779.153.434.363;409181;ESP32-IDS-01;30.1;62.6;976;28;17;6.57;dos
1.779.153.606.789;581458;ESP32-IDS-01;30.0;62.7;4344;75;42;2.53;dos
1.779.148.764.876;569388;ESP32-IDS-01;28.9;68.5;936;19;2;2.7;normal
1.779.149.818.619;1623143;ESP32-IDS-01;29.0;67.8;739;18;1;2.5;normal
1.779.151.561.716;1363782;ESP32-IDS-01;29.9;64.1;939;20;0;1.9;dos
1.779.145.707.842;974731;ESP32-IDS-01;28.5;64.2;798;34;20;3.4;normal
1.779.148.572.363;376852;ESP32-IDS-01;28.7;69.4;406;24;6;0.3;normal
1.779.149.186.094;990611;ESP32-IDS-01;28.8;68.5;731;21;1;3.5;normal
1.779.149.250.025;1054550;ESP32-IDS-01;28.9;68.5;350;20;0;0.9;normal
1.779.165.387.447;1059260;ESP32-IDS-01;31.0;59.2;770;21;7;3.4;dos
1779149307.29;1111795;ESP32-IDS-01;28.9;68.3;978;19;2;1.1;normal
1.779.145.967.349;149609;ESP32-IDS-01;28.6;64.7;440;21;1;3.0;normal
1.779.146.018.929;201167;ESP32-IDS-01;28.6;64.5;401;26;10;0.1;normal
1.779.151.478.904;1280973;ESP32-IDS-01;30.0;64.0;612;20;0;1.1;dos
1.779.146.391.876;19649;ESP32-IDS-01;28.7;64.6;956;18;2;1.0;normal
1.779.149.012.267;816786;ESP32-IDS-01;29.0;68.2;523;19;1;1.0;normal
1.779.148.698.447;502949;ESP32-IDS-01;28.9;68.7;992;21;3;0.4;normal
1.779.146.755.293;130693;ESP32-IDS-01;28.6;63.2;580;20;0;0.6;normal
1.779.152.255.355;2051540;ESP32-IDS-01;29.9;64.3;7896;88;38;0.83;dos
1.779.164.479.052;150830;ESP32-IDS-01;29.7;64.7;315;20;3;0.2;dos
1.779.146.164.196;107040;ESP32-IDS-01;28.6;64.6;848;19;0;2.3;normal
1.779.154.392.427;61855;ESP32-IDS-01;30.1;62.4;958;9999;0;1.24;dos
1.779.164.892.794;564518;ESP32-IDS-01;30.5;61.3;849;29;29;0.6;dos
1.779.167.434.965;468952;ESP32-IDS-01;28.6;52.4;2695;524;688;3.67;dos
1.779.146.735.453;110880;ESP32-IDS-01;28.6;64.8;976;19;2;3.5;normal
1.779.164.475.795;147552;ESP32-IDS-01;29.6;64.7;634;19;1;2.5;dos
1.779.159.315.982;127009;ESP32-IDS-01;30.5;61.1;560;53;22;1.4;dos
1.779.148.997.644;802156;ESP32-IDS-01;29.0;68.2;395;21;9;1.7;normal
1.779.151.764.593;1558822;ESP32-IDS-01;29.8;64.5;1635;579;793;0.6;dos
1.779.145.984.428;166510;ESP32-IDS-01;28.6;64.4;722;80;183;0.8;normal
1.779.146.065.262;8104;ESP32-IDS-01;28.5;66.1;777;18;4;1.6;normal
1.779.166.469.302;14547;ESP32-IDS-01;29.6;54.3;314;21;3;1.5;dos
1.779.146.766.927;142355;ESP32-IDS-01;28.6;64.6;595;19;3;0.5;normal
1.779.165.793.591;46947;ESP32-IDS-01;31.4;58.0;801;28;29;4.15;dos
1.779.149.323.794;1128323;ESP32-IDS-01;28.9;68.3;977;19;2;3.2;normal
1.779.166.421.338;85929;ESP32-IDS-01;29.9;54.6;515;46;66;7.13;dos
1.779.145.347.858;614763;ESP32-IDS-01;28.3;68.4;708;25;6;2.0;normal
1.779.157.706.898;8063;ESP32-IDS-01;30.3;59.8;777;31;8;1.6;dos
1.779.146.499.415;127161;ESP32-IDS-01;28.6;64.4;968;20;3;2.8;normal
1.779.153.790.919;132043;ESP32-IDS-01;30.0;62.5;481;28;13;2.3;dos
1.779.148.907.844;712361;ESP32-IDS-01;28.9;68.5;781;19;3;3.2;normal
1779157071.61;211520;ESP32-IDS-01;30.0;62.4;8054;1359;2616;2.92;dos
1.779.167.256.394;295142;ESP32-IDS-01;28.7;53.0;941;59;61;1.46;dos
1.779.149.663.405;1467947;ESP32-IDS-01;29.0;67.8;992;19;2;2.2;normal
1.779.150.791.874;592829;ESP32-IDS-01;29.4;66.3;1705;380;522;0.99;dos
1779146490.79;118559;ESP32-IDS-01;28.6;64.4;494;20;0;1.5;normal
1.779.149.286.312;1090836;ESP32-IDS-01;28.9;68.4;929;21;3;3.0;normal
1.779.149.524.233;1328740;ESP32-IDS-01;29.0;68.0;652;21;4;0.9;normal
1.779.165.300.566;972374;ESP32-IDS-01;31.0;59.3;691;21;8;1.9;dos
1.779.151.444.122;1246188;ESP32-IDS-01;30.0;64.1;560;21;1;0.6;dos
1.779.145.707.842;974731;ESP32-IDS-01;28.5;64.2;798;34;20;3.4;normal
1.779.145.780.809;68313;ESP32-IDS-01;28.5;66.1;848;20;1;0.7;normal
1.779.158.151.482;304647;ESP32-IDS-01;30.3;60.6;1006;56;27;1.29;dos
1.779.149.492.034;1296564;ESP32-IDS-01;29.0;68.1;559;21;4;0.6;normal
1.779.149.046.154;850651;ESP32-IDS-01;29.0;68.2;518;19;3;2.3;normal
1.779.166.873.221;418452;ESP32-IDS-01;29.1;52.3;481;32;21;2.1;dos
1.779.145.543.724;810637;ESP32-IDS-01;28.4;71.2;606;21;1;3.3;normal
1.779.146.454.197;80926;ESP32-IDS-01;28.7;65.0;316;367;520;3.5;normal
1.779.145.619.259;886164;ESP32-IDS-01;28.4;65.9;553;19;1;2.1;normal
1.779.149.248.664;1053183;ESP32-IDS-01;28.9;68.5;549;20;0;0.3;normal
1.779.157.661.911;134897;ESP32-IDS-01;30.3;61.2;807;29;16;5.08;dos
1.779.148.655.358;459838;ESP32-IDS-01;28.9;69.0;920;19;3;3.1;normal
1.779.166.507.435;47802;ESP32-IDS-01;29.5;53.7;1273;906;1284;2.5;dos
1779154582.59;242017;ESP32-IDS-01;30.1;62.3;755;9999;0;2.6;dos
1.779.145.645.252;912171;ESP32-IDS-01;28.4;64.9;475;23;11;1.6;normal
1.779.148.572.363;376852;ESP32-IDS-01;28.7;69.4;406;24;6;0.3;normal
1.779.153.342.729;316498;ESP32-IDS-01;30.1;62.7;633;370;1027;2.38;dos
1.779.146.482.947;110724;ESP32-IDS-01;28.6;63.7;750;18;2;1.5;normal
1.779.146.041.642;223911;ESP32-IDS-01;28.6;64.3;425;19;2;2.6;normal
1.779.149.744.538;1549058;ESP32-IDS-01;29.0;67.9;792;19;3;0.9;normal
1.779.146.724.181;99564;ESP32-IDS-01;28.6;63.5;535;34;19;1.9;normal
1.779.145.257.274;524183;ESP32-IDS-01;28.2;68.2;751;23;3;2.5;normal
1.779.145.498.214;765143;ESP32-IDS-01;28.3;68.7;519;19;2;3.4;normal
1.779.154.464.287;136630;ESP32-IDS-01;30.1;62.4;701;545;1052;5.08;dos
1.779.149.128.686;933182;ESP32-IDS-01;28.9;68.4;974;20;0;1.2;normal
1.779.145.674.235;941169;ESP32-IDS-01;28.4;66.5;795;20;1;0.5;normal
1.779.145.192.467;459353;ESP32-IDS-01;28.3;71.6;760;20;3;1.5;normal
1.779.145.364.859;631750;ESP32-IDS-01;28.3;68.7;574;22;3;1.5;normal
1.779.167.114.366;153255;ESP32-IDS-01;28.8;53.5;957;20;0;1.3;dos
1.779.146.133.704;76546;ESP32-IDS-01;28.5;64.7;494;20;1;2.0;normal
1.779.149.492.034;1296564;ESP32-IDS-01;29.0;68.1;559;21;4;0.6;normal
1.779.145.143.963;410853;ESP32-IDS-01;28.2;69.4;968;20;1;1.5;normal
1.779.158.838.485;8588;ESP32-IDS-01;30.4;59.8;777;33;11;4.17;dos
1.779.148.619.044;423548;ESP32-IDS-01;28.8;69.1;473;20;1;0.1;normal
1.779.158.261.792;405924;ESP32-IDS-01;30.3;60.9;312;36;17;0.8;dos
1.779.149.050.164;854684;ESP32-IDS-01;29.0;68.2;855;19;1;2.2;normal
1.779.145.758.563;46036;ESP32-IDS-01;28.5;66.4;993;21;0;3.3;normal
1.779.146.033.212;215477;ESP32-IDS-01;28.6;66.1;656;20;0;1.7;normal
1.779.153.334.764;307992;ESP32-IDS-01;30.0;62.7;2639;541;763;3.3;dos
1.779.164.619.037;287118;ESP32-IDS-01;29.9;64.2;824;533;1032;1.5;dos
1.779.145.213.763;480609;ESP32-IDS-01;28.3;68.5;467;42;65;1.4;normal
1.779.146.236.436;179214;ESP32-IDS-01;28.6;64.4;356;33;14;0.2;normal
1.779.155.145.513;413602;ESP32-IDS-01;30.1;62.2;787;36;3;5.54;dos
1779158817.96;61878;ESP32-IDS-01;30.3;61.3;6667;1833;630;1.85;dos
1.779.148.758.104;562613;ESP32-IDS-01;28.9;68.5;849;20;1;3.3;normal
1.779.153.206.163;180989;ESP32-IDS-01;30.0;63.0;385;26;8;1.5;dos
1.779.149.098.649;903163;ESP32-IDS-01;28.9;68.3;779;20;0;1.2;normal
1.779.148.813.538;618026;ESP32-IDS-01;28.9;68.5;730;27;15;1.2;normal
1779156894.08;40229;ESP32-IDS-01;30.0;62.3;732;24;9;3.63;dos
1.779.145.309.507;576424;ESP32-IDS-01;28.3;67.2;300;20;0;2.0;normal
1.779.151.485.196;1287264;ESP32-IDS-01;30.0;64.0;710;20;2;0.9;dos
1.779.154.730.457;408438;ESP32-IDS-01;30.1;62.3;1392;397;1004;1.5;dos
1.779.153.701.491;42614;ESP32-IDS-01;30.0;62.6;1204;28;5;2.33;dos
1.779.164.575.079;246820;ESP32-IDS-01;29.8;64.4;1955;26;11;3.0;dos
1.779.148.506.833;311327;ESP32-IDS-01;28.7;69.5;610;21;6;0.1;normal
1.779.145.260.824;527719;ESP32-IDS-01;28.3;68.4;453;19;1;1.1;normal
1.779.145.111.752;378642;ESP32-IDS-01;28.2;69.3;763;19;1;3.1;normal
1.779.148.642.313;446818;ESP32-IDS-01;28.8;69.0;331;20;1;0.3;normal
1.779.145.671.427;938328;ESP32-IDS-01;28.4;66.5;551;22;8;3.4;normal
1.779.145.975.283;157538;ESP32-IDS-01;28.6;64.4;380;23;10;2.4;normal
1.779.150.102.516;1907066;ESP32-IDS-01;28.9;67.9;693;21;2;3.3;dos
1.779.145.364.257;631176;ESP32-IDS-01;28.3;68.6;498;20;0;3.4;normal
1.779.151.674.623;1476661;ESP32-IDS-01;29.8;64.5;538;22;7;2.5;dos
1.779.151.278.625;1080692;ESP32-IDS-01;29.9;64.6;707;18;2;0.1;dos
1.779.151.900.118;1702194;ESP32-IDS-01;29.8;64.4;409;22;2;0.3;dos
1.779.145.536.486;803414;ESP32-IDS-01;28.4;71.1;939;20;4;0.8;normal
1.779.151.014.031;816052;ESP32-IDS-01;29.7;65.7;1000;18;2;2.0;dos
1.779.148.590.943;395448;ESP32-IDS-01;28.8;69.2;980;19;3;2.9;normal
1.779.148.858.131;662647;ESP32-IDS-01;28.9;68.6;456;19;3;1.6;normal
1.779.149.679.136;1483674;ESP32-IDS-01;29.0;67.8;959;20;1;1.1;normal
1.779.156.080.196;82315;ESP32-IDS-01;30.1;62.0;2918;58;16;1.5;dos
1.779.150.105.372;1909929;ESP32-IDS-01;28.9;67.9;362;19;1;0.6;dos
1.779.149.458.558;1263088;ESP32-IDS-01;28.9;68.2;920;21;1;3.3;normal
1.779.146.441.892;69662;ESP32-IDS-01;28.7;64.6;993;19;3;2.5;normal
1.779.153.698.004;37006;ESP32-IDS-01;30.0;62.6;965;390;991;4.44;dos
1.779.148.674.406;478889;ESP32-IDS-01;28.9;68.9;690;19;4;1.1;normal
1779146562.07;58660;ESP32-IDS-01;28.6;64.9;799;19;2;3.2;normal
1.779.145.640.342;907253;ESP32-IDS-01;28.4;65.8;989;18;2;1.4;normal
1.779.152.079.066;1881138;ESP32-IDS-01;29.8;64.4;855;22;3;2.87;dos
1.779.145.290.781;557688;ESP32-IDS-01;28.3;69.2;529;21;2;3.4;normal
1.779.148.793.009;597525;ESP32-IDS-01;28.9;68.5;510;18;2;0.7;normal
1.779.166.109.641;215739;ESP32-IDS-01;31.4;57.4;957;18;5;3.39;dos
1.779.167.143.474;166619;ESP32-IDS-01;28.8;53.3;944;9999;0;0.5;dos
1.779.150.961.638;762552;ESP32-IDS-01;29.5;66.1;3777;383;539;1.56;dos
1.779.156.582.227;274807;ESP32-IDS-01;30.0;61.7;454;22;5;3.5;dos
1.779.145.102.432;369344;ESP32-IDS-01;28.2;69.8;658;20;2;2.2;normal
1.779.158.505.431;124783;ESP32-IDS-01;30.2;61.5;314;609;818;2.6;dos
1.779.159.414.128;225329;ESP32-IDS-01;30.5;61.2;799;27;0;6.95;dos
1.779.148.441.039;245534;ESP32-IDS-01;28.7;69.6;809;21;2;3.2;normal
1.779.145.765.641;52916;ESP32-IDS-01;28.5;65.1;529;88;102;2.1;normal
1.779.166.137.499;218862;ESP32-IDS-01;31.4;57.7;889;9999;0;3.42;dos
1.779.154.412.716;89444;ESP32-IDS-01;30.0;62.4;808;84;46;5.15;dos
1.779.154.333.861;12970;ESP32-IDS-01;30.0;62.4;1203;28;16;2.33;dos
1.779.148.386.766;191222;ESP32-IDS-01;28.5;70.0;611;33;20;3.0;normal
1.779.146.216.301;159142;ESP32-IDS-01;28.6;64.3;917;19;1;0.7;normal
1.779.166.648.226;193447;ESP32-IDS-01;29.3;54.6;903;24;10;4.61;dos
1.779.150.970.806;772816;ESP32-IDS-01;29.6;66.0;300;31;12;5.83;dos
1.779.154.778.371;45487;ESP32-IDS-01;30.0;62.3;1277;350;445;1.48;dos
1.779.145.921.899;104156;ESP32-IDS-01;28.6;66.2;811;20;0;3.1;normal
1.779.149.440.004;1244511;ESP32-IDS-01;28.9;68.1;850;20;0;0.6;normal
1.779.152.757.989;234718;ESP32-IDS-01;29.9;63.4;1215;29;11;4.12;dos
1.779.149.548.482;1353014;ESP32-IDS-01;29.0;67.9;654;20;0;2.2;normal
1.779.150.116.331;1920885;ESP32-IDS-01;28.9;67.9;579;19;1;1.2;dos
1.779.149.031.977;836490;ESP32-IDS-01;29.0;68.2;865;20;1;0.3;normal
1.779.149.555.172;1359703;ESP32-IDS-01;29.0;67.9;840;20;1;1.1;normal
1.779.149.722.619;1527161;ESP32-IDS-01;29.0;67.9;603;20;0;2.8;normal
1.779.149.736.267;1540807;ESP32-IDS-01;29.0;67.9;666;21;1;1.6;normal
1.779.146.193.429;136271;ESP32-IDS-01;28.6;63.4;982;18;2;2.9;normal
1.779.160.268.157;123421;ESP32-IDS-01;30.7;61.1;10000;1041;1921;1.66;dos
1779153566.94;541679;ESP32-IDS-01;30.0;62.7;648;51;41;3.94;dos
1.779.167.005.594;44421;ESP32-IDS-01;28.9;53.5;474;32;4;3.71;dos
1.779.148.644.499;448981;ESP32-IDS-01;28.8;69.0;370;19;4;1.6;normal
1.779.149.125.901;930396;ESP32-IDS-01;28.9;68.3;495;20;0;3.3;normal
1.779.148.642.875;447377;ESP32-IDS-01;28.8;69.0;559;21;3;3.4;normal
1.779.145.234.318;501231;ESP32-IDS-01;28.3;69.0;878;21;2;1.1;normal
1.779.159.147.494;90796;ESP32-IDS-01;30.5;60.9;486;33;6;2.4;dos
1.779.148.999.261;803777;ESP32-IDS-01;29.0;68.2;505;20;0;1.3;normal
1.779.157.384.408;80570;ESP32-IDS-01;30.1;61.8;652;1111;3174;2.5;dos
1.779.146.748.591;124010;ESP32-IDS-01;28.6;64.8;990;20;1;1.1;normal
1.779.146.752.329;127678;ESP32-IDS-01;28.6;64.7;968;36;25;2.8;normal
1.779.149.346.771;1151261;ESP32-IDS-01;29.0;68.2;849;23;7;1.5;normal
1.779.146.264.084;206932;ESP32-IDS-01;28.6;63.8;785;19;1;2.9;normal
1.779.154.830.058;98127;ESP32-IDS-01;30.1;62.3;780;27;15;5.36;dos
1.779.153.032.397;7233;ESP32-IDS-01;29.9;61.7;466;21;7;2.25;dos
1.779.150.132.857;1937413;ESP32-IDS-01;28.9;67.9;668;19;2;1.4;dos
1.779.146.592.583;89173;ESP32-IDS-01;28.6;62.8;777;20;0;3.3;normal
1.779.154.379.847;58909;ESP32-IDS-01;30.0;62.4;563;23;17;1.3;dos
1.779.157.575.733;48772;ESP32-IDS-01;30.2;61.4;667;30;19;2.0;dos
1779165963.07;68956;ESP32-IDS-01;31.4;57.6;7567;69;29;1.3;dos
1779152216.6;2018581;ESP32-IDS-01;29.8;64.3;503;41;17;0.9;dos
1.779.157.788.175;89277;ESP32-IDS-01;30.3;60.9;2360;45;2;0.2;dos
1.779.148.388.901;193399;ESP32-IDS-01;28.6;69.9;906;19;1;1.3;normal
1779146052.36;234627;ESP32-IDS-01;28.5;65.1;1000;19;3;2.6;normal
1.779.149.755.974;1560520;ESP32-IDS-01;29.0;67.8;322;19;1;0.5;normal
1.779.165.605.617;1276281;ESP32-IDS-01;31.3;58.5;1306;389;1020;2.4;dos
1.779.149.653.768;1458296;ESP32-IDS-01;29.0;67.7;903;20;0;1.6;normal
1.779.155.147.583;415697;ESP32-IDS-01;30.1;62.2;320;22;8;2.8;dos
1.779.149.221.014;1025537;ESP32-IDS-01;28.8;68.5;427;19;2;0.9;normal
1.779.158.154.329;305314;ESP32-IDS-01;30.3;60.6;667;80;12;9.3;dos
1.779.167.471.921;508166;ESP32-IDS-01;28.6;52.4;10000;70;17;2.57;dos
1.779.146.408.333;36074;ESP32-IDS-01;28.7;63.6;779;20;1;0.1;normal
1.779.156.534.033;222923;ESP32-IDS-01;30.0;61.8;1402;574;1565;3.01;dos
1.779.145.582.038;848962;ESP32-IDS-01;28.4;66.6;329;21;2;0.5;normal
1.779.149.095.263;899779;ESP32-IDS-01;28.9;68.3;318;20;0;0.3;normal
1.779.149.492.034;1296564;ESP32-IDS-01;29.0;68.1;559;21;4;0.6;normal
1.779.146.370.698;52730;ESP32-IDS-01;28.7;65.1;933;19;1;0.3;normal
1.779.156.479.022;164183;ESP32-IDS-01;30.0;61.7;10000;1230;1716;0.36;dos
1.779.148.390.589;195087;ESP32-IDS-01;28.6;69.9;302;19;1;1.3;normal
1.779.164.752.126;423888;ESP32-IDS-01;30.2;62.8;2427;29;19;0.51;dos
1.779.149.189.885;994408;ESP32-IDS-01;28.8;68.5;732;19;3;1.5;normal
1.779.145.469.923;736851;ESP32-IDS-01;28.3;66.0;781;19;2;3.2;normal
1.779.152.265.421;2067490;ESP32-IDS-01;29.9;64.1;494;21;5;3.0;dos
1.779.146.601.401;97959;ESP32-IDS-01;28.7;63.6;410;22;2;0.9;normal
1.779.151.270.739;1072633;ESP32-IDS-01;29.9;64.6;878;76;89;2.1;dos
1.779.145.311.555;578475;ESP32-IDS-01;28.3;68.8;709;20;0;1.6;normal
1.779.148.621.179;425661;ESP32-IDS-01;28.8;69.1;842;27;8;2.6;normal
1.779.152.745.688;220926;ESP32-IDS-01;29.9;63.4;10000;515;846;2.49;dos
1.779.151.580.483;1382557;ESP32-IDS-01;29.9;64.2;688;20;1;1.1;dos
1.779.151.393.735;1195801;ESP32-IDS-01;29.9;64.3;467;20;0;1.4;dos
1.779.151.501.034;1302907;ESP32-IDS-01;30.0;64.0;762;86;85;3.3;dos
1.779.148.314.428;118924;ESP32-IDS-01;28.3;70.3;320;19;1;2.8;normal
1.779.153.698.169;39285;ESP32-IDS-01;30.0;62.6;2279;28;15;1.94;dos
1.779.165.840.028;94449;ESP32-IDS-01;31.4;57.8;808;23;7;2.68;dos
1.779.159.691.856;89137;ESP32-IDS-01;30.7;61.1;2303;33;23;0.83;dos
1.779.150.566.553;368456;ESP32-IDS-01;29.2;67.2;895;55;53;2.82;dos
1.779.148.325.325;129641;ESP32-IDS-01;28.4;70.3;653;79;91;2.5;normal
1.779.151.053.839;855892;ESP32-IDS-01;29.7;65.6;2434;19;3;1.61;dos
1.779.164.467.387;139171;ESP32-IDS-01;29.6;64.7;426;18;0;1.7;dos
1.779.155.322.406;13109;ESP32-IDS-01;30.0;62.3;965;46;23;5.47;dos
1.779.157.972.333;122994;ESP32-IDS-01;30.3;60.8;1646;170;287;3.51;dos
1.779.149.165.262;969784;ESP32-IDS-01;28.8;68.5;649;20;0;2.3;normal
1.779.156.400.353;92928;ESP32-IDS-01;30.1;61.8;876;22;3;3.14;dos
1.779.145.267.977;534868;ESP32-IDS-01;28.2;67.6;448;20;0;0.1;normal
1.779.159.912.757;44722;ESP32-IDS-01;30.6;61.3;593;371;531;0.7;dos
1.779.151.451.149;1253192;ESP32-IDS-01;30.0;64.1;436;20;0;3.0;dos
1.779.148.379.287;183790;ESP32-IDS-01;28.5;70.0;339;17;1;0.7;normal
1.779.156.811.543;504116;ESP32-IDS-01;30.0;62.2;595;26;14;2.18;dos
1.779.148.356.405;160903;ESP32-IDS-01;28.5;70.1;847;19;2;1.9;normal
1.779.167.256.948;295818;ESP32-IDS-01;28.7;53.0;676;26;14;4.56;dos
1.779.166.015.203;121239;ESP32-IDS-01;31.5;57.5;779;31;14;2.67;dos
1.779.149.084.145;888663;ESP32-IDS-01;28.9;68.3;903;20;0;1.6;normal
1.779.149.681.135;1485677;ESP32-IDS-01;29.0;67.8;885;19;2;3.0;normal
1779152926.68;401253;ESP32-IDS-01;29.9;63.2;5544;747;520;2.4;dos
1779149006.3;810649;ESP32-IDS-01;29.0;68.2;347;76;86;1.8;normal
1.779.157.518.814;82888;ESP32-IDS-01;30.2;61.5;1452;140;155;1.99;dos
1779145956.74;138998;ESP32-IDS-01;28.6;62.8;420;20;1;3.1;normal
1.779.146.045.342;227606;ESP32-IDS-01;28.6;64.8;519;20;0;2.4;normal
1.779.150.115.386;1919943;ESP32-IDS-01;28.9;67.9;629;18;2;0.7;dos
1.779.152.711.452;188220;ESP32-IDS-01;29.9;63.4;799;26;14;5.7;dos
1.779.148.502.896;307393;ESP32-IDS-01;28.7;69.5;990;21;2;2.1;normal
1.779.148.351.132;155622;ESP32-IDS-01;28.5;70.1;907;21;2;2.8;normal
1.779.150.783.537;584418;ESP32-IDS-01;29.5;66.3;1328;396;1019;0.95;dos
1.779.148.839.398;643909;ESP32-IDS-01;28.9;68.6;795;20;0;3.2;normal
1.779.152.626.948;103716;ESP32-IDS-01;29.9;63.5;590;21;1;6.49;dos
1.779.156.677.469;369989;ESP32-IDS-01;30.1;61.7;387;33;49;0.6;dos
1.779.167.299.907;338749;ESP32-IDS-01;28.7;52.9;772;35;22;2.4;dos
1.779.145.808.768;24696;ESP32-IDS-01;28.5;64.5;486;19;1;2.4;normal
1.779.149.077.759;882255;ESP32-IDS-01;28.9;68.2;989;19;2;1.4;normal
1.779.149.451.541;1256060;ESP32-IDS-01;28.9;68.2;975;19;4;1.4;normal
1779154286.84;82594;ESP32-IDS-01;30.0;62.5;571;23;15;2.25;dos
1779156398.75;91300;ESP32-IDS-01;30.1;61.8;480;30;20;8.73;dos
1779146575.61;72177;ESP32-IDS-01;28.6;63.1;518;27;11;3.2;normal
1.779.145.621.338;888268;ESP32-IDS-01;28.4;65.9;364;20;1;2.5;normal
1.779.149.461.065;1265594;ESP32-IDS-01;28.9;68.2;646;21;2;2.9;normal
1779158596.97;78061;ESP32-IDS-01;30.1;61.5;2542;134;129;0.59;dos
1.779.148.721.187;525695;ESP32-IDS-01;29.0;68.5;378;19;2;1.1;normal
1.779.145.561.007;827927;ESP32-IDS-01;28.4;66.7;505;21;1;1.3;normal
1.779.156.174.302;31180;ESP32-IDS-01;30.0;61.9;732;50;30;5.0;dos
1.779.151.467.922;1269991;ESP32-IDS-01;30.0;64.0;556;20;2;1.3;dos
1.779.152.618.799;95538;ESP32-IDS-01;30.0;63.4;808;28;13;3.91;dos
1.779.146.657.116;32541;ESP32-IDS-01;28.7;61.5;998;19;3;0.2;normal
1.779.154.598.033;273866;ESP32-IDS-01;30.1;62.3;3394;1119;1441;1.19;dos
1.779.154.545.151;213992;ESP32-IDS-01;30.1;62.3;10000;9999;0;1.06;dos
1.779.158.559.215;40638;ESP32-IDS-01;30.2;61.5;1322;46;29;1.66;dos
1.779.158.964.327;43020;ESP32-IDS-01;30.5;60.5;2107;193;42;1.97;dos
1.779.145.778.334;65838;ESP32-IDS-01;28.5;65.0;461;20;0;2.4;normal
1779146271.32;214168;ESP32-IDS-01;28.6;62.4;656;19;1;1.7;normal
1779167159.1;192673;ESP32-IDS-01;28.8;53.3;5300;186;232;2.19;dos
1.779.148.482.146;286644;ESP32-IDS-01;28.7;69.5;317;20;1;2.4;normal
1.779.146.641.194;16531;ESP32-IDS-01;28.7;63.4;801;40;43;2.9;normal
1.779.165.476.121;1146855;ESP32-IDS-01;31.1;59.1;681;362;518;4.07;dos
1.779.153.249.039;219872;ESP32-IDS-01;30.0;63.0;301;1019;1490;3.0;dos
1.779.164.849.981;521687;ESP32-IDS-01;30.4;61.7;859;49;36;4.69;dos
1.779.153.522.222;497034;ESP32-IDS-01;30.0;62.6;681;34;12;4.57;dos
1.779.149.062.664;867183;ESP32-IDS-01;29.0;68.2;938;20;2;1.2;normal
1.779.166.687.844;233047;ESP32-IDS-01;29.3;54.6;1194;32;33;4.04;dos
1.779.148.294.589;99080;ESP32-IDS-01;28.3;70.3;535;21;6;1.9;normal
1.779.156.141.355;139399;ESP32-IDS-01;30.0;62.0;379;50;101;0.3;dos
1.779.146.731.074;106496;ESP32-IDS-01;28.6;64.7;370;20;0;0.2;normal
1.779.148.649.134;453628;ESP32-IDS-01;28.8;69.0;935;24;6;1.0;normal
1.779.149.619.872;1424170;ESP32-IDS-01;29.0;67.7;426;91;111;3.1;normal
1.779.151.526.583;1328588;ESP32-IDS-01;29.9;64.1;730;42;64;2.9;dos
1.779.145.699.712;966649;ESP32-IDS-01;28.5;64.8;583;19;2;1.4;normal
1.779.150.654.197;455161;ESP32-IDS-01;29.3;67.0;440;370;1030;7.05;dos
1.779.148.788.729;593216;ESP32-IDS-01;28.9;68.5;706;19;2;3.1;normal
1.779.159.459.711;270936;ESP32-IDS-01;30.6;61.1;786;20;4;5.29;dos
1.779.165.456.383;1109388;ESP32-IDS-01;31.1;59.1;677;9999;0;1.9;dos
1.779.145.729.931;17432;ESP32-IDS-01;28.5;65.4;820;20;0;1.7;normal
1.779.146.559.549;56139;ESP32-IDS-01;28.6;63.6;918;18;1;1.7;normal
1.779.155.234.456;502560;ESP32-IDS-01;30.0;62.3;553;23;13;0.4;dos
1.779.151.228.723;1020343;ESP32-IDS-01;29.8;64.9;10000;976;1830;2.65;dos
1.779.152.803.399;280172;ESP32-IDS-01;29.9;63.3;830;23;18;3.0;dos
1.779.149.174.458;978984;ESP32-IDS-01;28.8;68.5;934;19;2;2.2;normal
1.779.146.479.093;106864;ESP32-IDS-01;28.6;62.3;848;20;1;2.3;normal
1.779.151.766.912;1566819;ESP32-IDS-01;29.8;64.5;7997;33;22;0.9;dos
1.779.145.241.417;508331;ESP32-IDS-01;28.3;71.1;366;21;1;2.8;normal
1.779.149.266.491;1071018;ESP32-IDS-01;28.9;68.4;495;19;1;2.4;normal
1.779.165.565.359;1237049;ESP32-IDS-01;31.3;58.6;513;34;24;5.2;dos
1.779.148.941.027;745486;ESP32-IDS-01;28.9;68.5;967;30;17;0.7;normal
1.779.151.444.945;1246984;ESP32-IDS-01;30.0;64.1;796;21;1;0.7;dos
1.779.158.876.024;47954;ESP32-IDS-01;30.4;61.0;314;29;31;1.5;dos
1.779.166.153.614;9994;ESP32-IDS-01;31.3;57.3;924;27;11;3.3;dos
1779166738.83;284063;ESP32-IDS-01;29.2;54.4;631;23;10;2.3;dos
1.779.152.521.803;2323553;ESP32-IDS-01;29.9;63.6;397;134;131;3.62;dos
1.779.151.859.123;1661178;ESP32-IDS-01;29.8;64.4;442;28;13;2.56;dos
1.779.145.660.679;927610;ESP32-IDS-01;28.4;65.2;429;20;1;3.1;normal
1.779.156.900.326;46455;ESP32-IDS-01;29.9;62.4;479;27;10;1.5;dos
1.779.150.067.592;1872138;ESP32-IDS-01;29.0;67.7;538;22;3;1.5;dos
1.779.149.241.292;1045817;ESP32-IDS-01;28.9;68.5;847;20;0;1.8;normal
1.779.149.155.258;959780;ESP32-IDS-01;28.8;68.5;820;20;0;0.2;normal
1.779.149.020.769;825282;ESP32-IDS-01;29.0;68.2;469;21;0;2.0;normal
1.779.157.982.571;135857;ESP32-IDS-01;30.2;60.9;601;26;7;2.16;dos
1.779.155.685.942;12635;ESP32-IDS-01;30.0;62.1;474;26;10;3.71;dos
1.779.145.874.682;56918;ESP32-IDS-01;28.5;66.2;581;19;1;2.9;normal
1.779.153.249.634;224019;ESP32-IDS-01;30.0;63.0;4147;164;214;0.3;dos
1.779.159.722.184;108514;ESP32-IDS-01;30.7;61.1;10000;2621;2071;1.35;dos
1.779.149.091.348;895868;ESP32-IDS-01;28.9;68.3;879;20;0;3.5;normal
1779148657.05;461243;ESP32-IDS-01;28.9;69.0;504;124;311;0.4;normal
1779149510.86;1315373;ESP32-IDS-01;29.0;68.0;762;19;3;3.2;normal
1779148525.04;329515;ESP32-IDS-01;28.7;69.5;366;20;0;3.3;normal
1.779.145.233.439;500353;ESP32-IDS-01;28.3;69.0;425;21;1;2.1;normal
1.779.145.458.335;725114;ESP32-IDS-01;28.3;68.6;768;69;78;0.2;normal
1.779.153.346.848;321598;ESP32-IDS-01;30.1;62.7;777;48;34;3.3;dos
1.779.149.159.033;963555;ESP32-IDS-01;28.8;68.4;353;20;0;0.9;normal
1.779.145.472.997;739927;ESP32-IDS-01;28.3;68.8;980;18;2;1.9;normal
1779148599.58;404083;ESP32-IDS-01;28.8;69.2;903;20;0;2.7;normal
1.779.156.913.726;47923;ESP32-IDS-01;30.0;62.3;667;75;33;0.5;dos
1.779.158.244.932;398213;ESP32-IDS-01;30.3;60.9;481;31;6;2.1;dos
1.779.157.484.313;50899;ESP32-IDS-01;30.2;61.5;655;22;7;4.03;dos
1.779.146.298.802;241650;ESP32-IDS-01;14.3;173.0;984;19;1;3.0;normal
1.779.146.731.074;106496;ESP32-IDS-01;28.6;64.7;370;20;0;0.2;normal
1.779.145.561.007;827927;ESP32-IDS-01;28.4;66.7;505;21;1;1.3;normal
1.779.153.837.793;178915;ESP32-IDS-01;30.0;62.5;989;29;11;3.81;dos
1779149177.02;981543;ESP32-IDS-01;28.8;68.5;541;20;1;2.2;normal
1.779.158.471.422;92528;ESP32-IDS-01;30.2;61.4;931;34;24;0.9;dos
1.779.146.458.421;86170;ESP32-IDS-01;28.6;63.9;613;27;19;0.3;normal
1.779.148.379.009;183451;ESP32-IDS-01;28.5;70.0;909;30;30;0.9;normal
1.779.156.759.013;451515;ESP32-IDS-01;30.1;61.7;449;44;24;3.3;dos
1.779.150.601.104;401689;ESP32-IDS-01;29.2;67.2;10000;460;599;2.56;dos
1779159417.45;228654;ESP32-IDS-01;30.5;61.2;957;25;18;3.39;dos
1.779.146.718.552;93960;ESP32-IDS-01;28.6;62.7;836;25;8;0.9;normal
1.779.149.423.695;1228195;ESP32-IDS-01;29.0;68.0;624;21;2;0.3;normal
1.779.145.519.911;786807;ESP32-IDS-01;28.4;68.7;971;21;2;2.7;normal
1.779.148.654.412;458918;ESP32-IDS-01;28.9;69.0;668;20;1;0.3;normal
1.779.148.994.127;798646;ESP32-IDS-01;29.0;68.3;358;19;2;3.0;normal
1.779.145.349.238;616152;ESP32-IDS-01;28.3;66.4;417;21;1;0.2;normal
1.779.148.971.369;775882;ESP32-IDS-01;28.9;68.4;649;21;1;1.6;normal
1.779.159.678.041;72378;ESP32-IDS-01;30.7;60.9;10000;334;423;0.58;dos
1.779.146.415.254;43016;ESP32-IDS-01;28.7;63.6;701;22;3;0.8;normal
1.779.148.233.765;38258;ESP32-IDS-01;28.0;69.1;481;19;0;2.3;normal
1.779.151.351.657;1153720;ESP32-IDS-01;29.9;64.4;724;21;1;3.2;dos
1.779.153.388.575;363363;ESP32-IDS-01;30.1;62.6;535;33;39;3.77;dos
1.779.167.121.588;160478;ESP32-IDS-01;28.8;53.4;560;19;2;2.0;dos
1.779.152.255.212;2051540;ESP32-IDS-01;29.9;64.3;7896;88;38;0.83;dos
1.779.149.423.695;1228195;ESP32-IDS-01;29.0;68.0;624;21;2;0.3;normal
1.779.149.810.133;1614676;ESP32-IDS-01;29.0;67.8;842;19;1;3.4;normal
1.779.150.382.301;184254;ESP32-IDS-01;28.8;68.0;892;34;25;4.62;dos
1.779.158.606.163;87681;ESP32-IDS-01;30.1;61.7;463;17;1;2.56;dos
1.779.158.252.335;405612;ESP32-IDS-01;30.3;60.9;787;32;22;5.54;dos
1.779.148.407.622;212119;ESP32-IDS-01;28.6;69.8;859;19;3;1.2;normal
1.779.145.376.117;643012;ESP32-IDS-01;28.3;68.5;862;21;1;1.1;normal
1.779.154.378.117;57242;ESP32-IDS-01;30.0;62.4;463;23;8;0.4;dos
1.779.166.019.009;125023;ESP32-IDS-01;31.5;57.5;785;41;15;3.2;dos
1779156569.66;262108;ESP32-IDS-01;30.0;61.8;10000;48;11;3.35;dos
1.779.145.109.723;376635;ESP32-IDS-01;28.2;72.1;815;20;1;0.9;normal
1.779.149.432.526;1237060;ESP32-IDS-01;28.9;68.1;466;19;2;0.9;normal
1.779.152.485.315;2287289;ESP32-IDS-01;29.9;63.8;477;55;55;6.39;dos
1.779.156.306.237;159329;ESP32-IDS-01;30.0;61.8;1390;694;719;1.02;dos
1.779.152.578.902;55681;ESP32-IDS-01;29.9;63.5;463;18;2;0.4;dos
1.779.149.599.412;1403894;ESP32-IDS-01;29.1;67.7;419;38;29;1.0;normal
1.779.145.494.405;761333;ESP32-IDS-01;28.3;66.8;421;19;3;3.3;normal
1.779.165.113.179;784950;ESP32-IDS-01;30.8;59.9;858;30;6;6.03;dos
1.779.146.159.402;102247;ESP32-IDS-01;28.6;63.1;707;19;1;2.9;normal
1.779.148.730.431;534915;ESP32-IDS-01;29.0;68.5;972;19;2;2.9;normal
1.779.150.111.446;1915998;ESP32-IDS-01;28.9;67.9;466;21;1;0.9;dos
1.779.145.418.736;685659;ESP32-IDS-01;28.3;68.7;807;20;4;3.4;normal
1.779.145.208.811;475495;ESP32-IDS-01;28.3;68.5;370;89;108;1.6;normal
1.779.167.348.288;387181;ESP32-IDS-01;28.6;52.4;970;18;1;0.5;dos
1.779.145.731.258;18739;ESP32-IDS-01;28.5;63.7;655;19;2;2.5;normal
1779164970.22;641748;ESP32-IDS-01;30.5;61.0;2665;62;9;3.78;dos
1.779.149.154.452;958960;ESP32-IDS-01;28.8;68.5;496;23;9;3.2;normal
1.779.153.518.075;492923;ESP32-IDS-01;30.0;62.6;349;22;8;4.47;dos
1.779.157.298.231;124609;ESP32-IDS-01;30.1;62.1;1195;45;32;3.04;dos
1.779.152.895.897;372692;ESP32-IDS-01;29.9;63.2;1188;20;4;2.64;dos
1.779.158.057.072;202886;ESP32-IDS-01;30.2;61.0;10000;1119;100;0.85;dos
1779165375.74;1047075;ESP32-IDS-01;31.0;59.2;10000;162;154;0.5;dos
1.779.145.796.806;12731;ESP32-IDS-01;28.5;65.7;686;20;0;1.8;normal
1.779.149.318.611;1123112;ESP32-IDS-01;28.9;68.3;805;29;13;0.2;normal
1.779.165.604.311;1274975;ESP32-IDS-01;31.3;58.5;10000;396;511;2.99;dos
1.779.165.209.821;881607;ESP32-IDS-01;30.9;59.6;405;23;10;4.07;dos
1.779.151.397.422;1199289;ESP32-IDS-01;29.9;64.3;951;86;200;2.3;dos
1.779.145.406.819;673741;ESP32-IDS-01;28.3;68.5;592;20;2;0.8;normal
1.779.145.736.318;23813;ESP32-IDS-01;28.5;64.7;728;22;4;1.3;normal
1.779.148.218.651;23141;ESP32-IDS-01;27.9;68.2;463;20;0;0.4;normal
1.779.151.480.304;1282367;ESP32-IDS-01;30.0;64.0;645;20;0;1.1;dos
1.779.148.659.968;464472;ESP32-IDS-01;28.9;69.0;831;20;0;3.3;normal
1.779.167.245.169;279126;ESP32-IDS-01;28.7;53.0;10000;983;1373;2.24;dos
1.779.146.265.543;208364;ESP32-IDS-01;28.6;63.2;963;20;1;3.5;normal
1.779.149.555.172;1359703;ESP32-IDS-01;29.0;67.9;840;20;1;1.1;normal
1.779.146.482.947;110724;ESP32-IDS-01;28.6;63.7;750;18;2;1.5;normal
1.779.156.575.533;263894;ESP32-IDS-01;30.0;61.8;842;448;512;3.28;dos
1.779.166.686.427;230419;ESP32-IDS-01;29.3;54.6;2250;404;545;2.64;dos
1.779.165.695.221;1363329;ESP32-IDS-01;31.4;58.4;10000;1246;2427;1.05;dos
1.779.148.634.469;438948;ESP32-IDS-01;28.8;69.0;427;20;4;0.2;normal
1.779.148.793.009;597525;ESP32-IDS-01;28.9;68.5;510;18;2;0.7;normal
1.779.149.342.489;1147019;ESP32-IDS-01;29.0;68.2;779;19;1;1.1;normal
1.779.149.179.532;984052;ESP32-IDS-01;28.8;68.5;473;21;0;2.0;normal
1.779.148.787.354;591854;ESP32-IDS-01;28.9;68.5;809;22;3;2.3;normal
1.779.148.869.331;673847;ESP32-IDS-01;28.9;68.5;589;18;2;3.2;normal
1.779.150.249.798;51821;ESP32-IDS-01;28.9;67.9;385;21;0;1.5;dos
1.779.146.720.476;95748;ESP32-IDS-01;28.6;64.8;439;71;78;2.8;normal
1.779.149.511.233;1315759;ESP32-IDS-01;29.0;68.0;386;21;1;1.9;normal
1.779.152.623.987;100745;ESP32-IDS-01;29.9;63.5;560;25;6;3.19;dos
1.779.166.324.275;177479;ESP32-IDS-01;30.5;54.9;7753;746;522;3.1;dos
1.779.151.411.571;1213635;ESP32-IDS-01;29.9;64.3;354;20;1;2.2;dos
1.779.149.558.974;1363510;ESP32-IDS-01;29.0;67.9;562;20;0;2.2;normal
1779157607.98;77776;ESP32-IDS-01;30.2;61.4;956;758;504;6.23;dos
1.779.146.733.997;109423;ESP32-IDS-01;28.6;64.8;901;19;2;0.3;normal
1.779.148.881.535;686048;ESP32-IDS-01;28.9;68.5;619;20;0;1.6;normal
1.779.146.773.749;149174;ESP32-IDS-01;28.6;63.8;744;20;3;3.3;normal
1.779.150.340.585;140447;ESP32-IDS-01;28.8;68.0;993;24;26;4.51;dos
1.779.148.470.888;275385;ESP32-IDS-01;28.7;69.5;756;21;0;3.1;normal
1779164932.05;602669;ESP32-IDS-01;30.5;61.3;2608;396;527;2.58;dos
1.779.151.277.291;1079353;ESP32-IDS-01;29.9;64.6;496;20;0;2.6;dos
1779157296.8;120424;ESP32-IDS-01;30.1;62.1;3321;944;1345;1.1;dos
1.779.154.154.525;289450;ESP32-IDS-01;29.9;62.7;626;22;11;3.3;dos
1.779.159.015.941;98352;ESP32-IDS-01;30.4;60.7;571;36;5;0.5;dos
1.779.153.779.673;120667;ESP32-IDS-01;30.0;62.5;10000;62;27;2.87;dos
1.779.149.681.135;1485677;ESP32-IDS-01;29.0;67.8;885;19;2;3.0;normal
1.779.148.839.398;643909;ESP32-IDS-01;28.9;68.6;795;20;0;3.2;normal
1779158872.91;37219;ESP32-IDS-01;30.4;61.0;5283;504;649;3.59;dos
1.779.155.189.938;457924;ESP32-IDS-01;30.0;62.3;970;41;37;1.53;dos
1.779.145.417.929;684852;ESP32-IDS-01;28.3;68.7;746;20;0;1.4;normal
1.779.150.510.903;308254;ESP32-IDS-01;29.0;67.7;6584;26;7;0.6;dos
1.779.145.658.202;925134;ESP32-IDS-01;28.4;64.7;489;19;1;1.7;normal
1.779.158.116.315;268570;ESP32-IDS-01;30.3;60.7;903;373;519;3.5;dos
1.779.153.116.536;91368;ESP32-IDS-01;29.9;63.1;563;23;8;1.3;dos
1.779.146.711.042;86463;ESP32-IDS-01;28.6;63.6;579;21;1;1.9;normal
1.779.150.836.779;638788;ESP32-IDS-01;29.5;66.2;914;23;10;0.4;dos
1.779.151.515.209;1317257;ESP32-IDS-01;30.0;64.0;481;21;2;1.5;dos
1.779.146.185.565;128410;ESP32-IDS-01;28.6;62.4;468;19;1;2.6;normal
1.779.145.555.132;822063;ESP32-IDS-01;28.4;68.0;865;19;3;1.3;normal
1.779.149.668.014;1472531;ESP32-IDS-01;29.0;67.8;320;27;10;1.0;normal
1.779.150.745.939;547940;ESP32-IDS-01;29.5;66.3;471;31;16;0.8;dos
1.779.148.906.394;710881;ESP32-IDS-01;28.9;68.5;905;29;14;0.3;normal
1779146418.94;46705;ESP32-IDS-01;28.7;63.6;873;21;2;1.3;normal
1.779.145.675.369;942302;ESP32-IDS-01;28.4;65.6;379;20;4;1.6;normal
1.779.148.216.259;20746;ESP32-IDS-01;27.8;67.8;515;21;1;1.3;normal
1779145834.4;16636;ESP32-IDS-01;28.5;64.8;801;19;1;2.9;normal
1.779.159.377.122;188314;ESP32-IDS-01;30.5;61.2;351;30;9;3.65;dos
1.779.149.145.478;950000;ESP32-IDS-01;28.9;68.4;961;20;1;1.5;normal
1.779.148.841.761;646270;ESP32-IDS-01;28.9;68.6;914;20;2;2.1;normal
1.779.146.409.428;37195;ESP32-IDS-01;28.7;63.6;795;19;1;2.0;normal
1.779.150.084.903;1889456;ESP32-IDS-01;28.9;67.8;999;20;1;2.1;dos
1.779.166.554.613;99855;ESP32-IDS-01;29.4;54.1;995;27;15;3.21;dos
1.779.155.050.251;318289;ESP32-IDS-01;30.0;62.4;1257;36;9;2.7;dos
1.779.154.504.628;178984;ESP32-IDS-01;30.1;62.3;10000;55;13;2.8;dos
1779151502.38;1304452;ESP32-IDS-01;30.0;64.0;696;19;3;0.7;dos
1.779.150.564.174;366169;ESP32-IDS-01;29.2;67.2;516;34;24;0.9;dos
1.779.148.352.196;156689;ESP32-IDS-01;28.5;70.1;477;21;1;2.5;normal
1.779.167.438.361;477245;ESP32-IDS-01;28.6;52.4;656;22;18;3.02;dos
1.779.145.129.405;396318;ESP32-IDS-01;28.2;69.4;677;19;2;1.9;normal
1.779.149.153.967;958464;ESP32-IDS-01;28.8;68.5;663;20;0;3.2;normal
1.779.152.797.609;274259;ESP32-IDS-01;29.9;63.3;4004;57;24;3.55;dos
1.779.148.574.385;378884;ESP32-IDS-01;28.7;69.4;715;20;1;3.5;normal
1.779.146.302.487;245329;ESP32-IDS-01;28.6;64.0;809;20;2;3.2;normal
1.779.157.259.038;85472;ESP32-IDS-01;30.1;62.2;571;24;18;0.5;dos
1.779.146.198.804;141654;ESP32-IDS-01;28.6;64.6;595;17;2;0.5;normal
1.779.154.785.275;53375;ESP32-IDS-01;30.0;62.3;358;26;5;4.49;dos
1779146047.6;229869;ESP32-IDS-01;28.5;63.1;613;19;2;0.7;normal
1.779.156.398.322;90820;ESP32-IDS-01;30.1;61.8;2015;49;85;0.7;dos
1.779.148.693.078;497588;ESP32-IDS-01;28.9;68.7;751;19;3;2.5;normal
1.779.145.685.574;952496;ESP32-IDS-01;28.5;65.0;481;21;1;0.4;normal
1.779.158.072.423;225684;ESP32-IDS-01;30.3;60.8;957;36;27;3.39;dos
1.779.155.806.976;82253;ESP32-IDS-01;30.0;62.2;10000;300;420;2.45;dos
1779146015.19;197455;ESP32-IDS-01;28.6;61.8;420;20;0;3.2;normal
1.779.149.055.484;860004;ESP32-IDS-01;29.0;68.2;887;19;1;2.7;normal
1.779.154.375.728;54847;ESP32-IDS-01;30.0;62.4;515;21;4;3.24;dos
1.779.148.307.615;112111;ESP32-IDS-01;28.3;70.3;955;19;1;1.8;normal
1.779.145.218.514;485432;ESP32-IDS-01;28.3;68.7;668;20;3;0.3;normal
1.779.148.462.177;266670;ESP32-IDS-01;28.7;69.5;970;20;1;3.1;normal
1.779.149.081.013;885535;ESP32-IDS-01;28.9;68.3;789;19;1;0.8;normal
1.779.145.851.203;33426;ESP32-IDS-01;28.5;65.2;780;23;5;2.8;normal
1.779.148.691.681;496161;ESP32-IDS-01;28.9;68.7;467;29;15;3.5;normal
1.779.165.064.831;733458;ESP32-IDS-01;30.7;60.3;1583;53;25;2.5;dos
1.779.149.656.326;1460860;ESP32-IDS-01;29.0;67.7;977;20;0;3.4;normal
1.779.164.622.788;294454;ESP32-IDS-01;29.9;63.9;590;48;51;4.29;dos
1.779.165.610.362;1282192;ESP32-IDS-01;31.3;58.5;376;18;0;7.82;dos
1.779.157.754.678;55866;ESP32-IDS-01;30.3;60.9;563;23;8;1.3;dos
1.779.155.985.751;117151;ESP32-IDS-01;30.0;62.2;1001;398;998;1.8;dos
1779154601.09;279051;ESP32-IDS-01;30.1;60.6;892;399;543;3.5;dos
1.779.146.740.321;115741;ESP32-IDS-01;28.6;64.4;438;21;4;2.4;normal
1.779.149.812.565;1617071;ESP32-IDS-01;29.0;67.8;937;32;23;2.1;normal
1.779.146.805.864;21364;ESP32-IDS-01;28.6;63.5;1214;17;2;1.5;normal
1.779.146.746.176;121596;ESP32-IDS-01;28.6;64.8;851;20;1;0.1;normal
1.779.151.721.444;1523500;ESP32-IDS-01;29.8;64.6;718;24;19;3.39;dos
1.779.148.840.843;645356;ESP32-IDS-01;28.9;68.6;330;19;0;0.6;normal
1.779.148.265.815;70307;ESP32-IDS-01;28.1;70.1;993;20;0;2.5;normal
1.779.148.646.458;450923;ESP32-IDS-01;28.8;69.0;731;20;1;1.8;normal
1.779.149.110.982;915496;ESP32-IDS-01;28.9;68.3;795;21;3;0.5;normal
1.779.148.583.053;387375;ESP32-IDS-01;28.7;69.3;658;80;93;2.0;normal
1.779.145.843.213;25449;ESP32-IDS-01;28.5;65.1;486;19;3;2.4;normal
1.779.153.340.874;314692;ESP32-IDS-01;30.0;62.7;667;361;1016;4.8;dos
1.779.157.888.711;41976;ESP32-IDS-01;30.3;59.4;801;23;9;4.15;dos
1.779.166.576.255;107435;ESP32-IDS-01;29.4;55.0;455;9999;0;2.9;dos
1.779.156.362.128;54688;ESP32-IDS-01;30.1;61.8;972;26;17;2.53;dos
1.779.154.368.237;43533;ESP32-IDS-01;30.0;62.4;9455;1290;1466;0.5;dos
1.779.156.838.014;525514;ESP32-IDS-01;30.1;62.2;10000;1698;1868;0.45;dos
1.779.150.333.795;133549;ESP32-IDS-01;28.8;67.9;6492;60;13;2.45;dos
1.779.149.304.028;1108525;ESP32-IDS-01;28.9;68.3;959;20;0;3.4;normal
1.779.165.791.749;46146;ESP32-IDS-01;31.4;58.0;479;30;19;3.59;dos
1.779.155.413.466;104245;ESP32-IDS-01;30.0;62.3;785;27;11;5.75;dos
1.779.145.549.194;815940;ESP32-IDS-01;28.4;68.8;750;80;90;0.9;normal
1.779.146.018.509;200766;ESP32-IDS-01;28.6;64.5;987;21;0;0.4;normal
1.779.149.526.218;1330754;ESP32-IDS-01;29.0;68.0;721;19;1;2.6;normal
1.779.146.687.384;62805;ESP32-IDS-01;28.6;64.2;535;20;1;1.0;normal
1.779.146.792.566;8054;ESP32-IDS-01;28.6;65.1;777;21;1;1.6;normal
1779148714.68;519181;ESP32-IDS-01;29.0;68.5;934;22;3;0.3;normal
1.779.149.786.665;1591207;ESP32-IDS-01;29.0;67.8;901;20;0;2.1;normal
1.779.148.558.529;363006;ESP32-IDS-01;28.7;69.4;613;20;0;3.0;normal
1.779.146.553.672;50249;ESP32-IDS-01;28.6;64.0;697;23;5;2.8;normal
1.779.149.051.845;856360;ESP32-IDS-01;29.0;68.2;754;19;3;3.1;normal
1.779.166.201.983;58371;ESP32-IDS-01;31.0;54.6;563;34;6;1.3;dos
1779155113.56;370730;ESP32-IDS-01;30.1;62.3;370;21;2;0.2;dos
1.779.167.481.407;520280;ESP32-IDS-01;28.6;52.2;847;26;14;4.26;dos
1.779.159.106.868;49186;ESP32-IDS-01;30.5;60.7;479;382;1052;1.5;dos
1.779.159.640.659;37932;ESP32-IDS-01;30.7;60.9;965;37;30;3.4;dos
1.779.146.659.946;35367;ESP32-IDS-01;28.7;63.2;995;20;0;2.2;normal
1.779.146.310.856;253674;ESP32-IDS-01;28.6;63.3;842;21;5;1.9;normal
1.779.149.802.197;1606737;ESP32-IDS-01;29.0;67.8;980;21;1;0.4;normal
1.779.148.258.137;62626;ESP32-IDS-01;28.0;70.0;535;21;1;1.0;normal
1.779.166.735.545;280744;ESP32-IDS-01;29.2;53.0;613;40;20;0.3;dos
1.779.149.170.176;974672;ESP32-IDS-01;28.8;68.5;903;20;3;3.2;normal
1.779.156.623.835;316346;ESP32-IDS-01;30.0;61.7;1263;35;29;2.3;dos
1.779.148.987.861;792380;ESP32-IDS-01;29.0;68.3;589;19;3;1.2;normal
1.779.148.759.677;564184;ESP32-IDS-01;28.9;68.5;875;20;2;1.9;normal
1.779.150.073.154;1877702;ESP32-IDS-01;28.9;67.8;504;20;1;2.2;dos
1.779.159.277.107;87880;ESP32-IDS-01;30.5;60.8;10000;148;166;0.47;dos
1.779.167.389.367;428208;ESP32-IDS-01;28.6;52.3;752;20;4;0.9;dos
1.779.150.966.115;768141;ESP32-IDS-01;29.5;66.1;584;25;10;5.74;dos
1.779.156.886.239;20091;ESP32-IDS-01;30.0;61.0;10000;9999;0;0.17;dos
1.779.165.784.848;39039;ESP32-IDS-01;31.4;58.0;1790;86;16;3.96;dos
1.779.146.172.984;115813;ESP32-IDS-01;28.6;62.4;772;20;1;1.1;normal
1.779.153.119.497;94314;ESP32-IDS-01;29.9;63.1;958;24;6;2.29;dos
1779146653.7;29036;ESP32-IDS-01;28.7;61.5;752;40;30;2.8;normal
1.779.159.326.548;137713;ESP32-IDS-01;30.5;61.1;590;35;6;11.57;dos
1.779.149.420.964;1225478;ESP32-IDS-01;29.0;68.0;987;25;9;2.8;normal
1.779.155.402.907;93554;ESP32-IDS-01;30.0;62.2;4515;41;10;3.02;dos
1779149221.37;1025875;ESP32-IDS-01;28.9;68.5;338;18;1;3.3;normal
1.779.167.096.484;135374;ESP32-IDS-01;28.8;53.2;549;20;1;3.4;dos
1.779.146.236.436;179214;ESP32-IDS-01;28.6;64.4;356;33;14;0.2;normal
1.779.149.125.901;930396;ESP32-IDS-01;28.9;68.3;495;20;0;3.3;normal
1.779.145.380.198;647110;ESP32-IDS-01;28.3;68.7;362;23;5;0.3;normal
1.779.151.398.572;1200624;ESP32-IDS-01;29.9;64.3;668;25;9;0.3;dos
1.779.148.382.773;187250;ESP32-IDS-01;28.5;70.0;674;26;8;3.5;normal
1.779.149.101.973;906470;ESP32-IDS-01;28.9;68.3;728;19;2;2.3;normal
1.779.148.785.434;589916;ESP32-IDS-01;28.9;68.5;972;21;1;2.9;normal
1.779.151.946.814;1748826;ESP32-IDS-01;29.8;64.2;967;26;27;0.7;dos
1.779.148.635.939;440446;ESP32-IDS-01;28.8;69.0;873;19;1;0.6;normal
1.779.166.602.704;146933;ESP32-IDS-01;29.3;54.7;551;363;1002;3.11;dos
1.779.146.142.907;85733;ESP32-IDS-01;28.6;64.1;579;20;2;1.9;normal
1.779.151.538.613;1340659;ESP32-IDS-01;29.9;64.1;343;20;0;3.1;dos
1779145174.32;441226;ESP32-IDS-01;28.3;70.9;931;23;8;0.4;normal
1.779.154.018.165;155235;ESP32-IDS-01;30.0;62.5;701;18;2;6.51;dos
1.779.148.980.692;785201;ESP32-IDS-01;28.9;68.4;986;22;4;0.9;normal
1.779.154.692.956;372084;ESP32-IDS-01;30.1;62.3;721;22;8;2.3;dos
1.779.148.355.561;160056;ESP32-IDS-01;28.5;70.1;685;20;0;3.0;normal
1.779.151.312.568;1114628;ESP32-IDS-01;29.9;64.4;656;20;0;0.8;dos
1.779.151.903.514;1705548;ESP32-IDS-01;29.8;64.3;639;36;24;4.96;dos
1.779.149.375.419;1179949;ESP32-IDS-01;29.0;68.1;461;20;0;0.2;normal
1779145754.09;41597;ESP32-IDS-01;28.5;64.0;601;19;3;0.5;normal
1779150058.12;1862641;ESP32-IDS-01;29.0;67.7;945;21;1;0.9;dos
1.779.145.770.825;58325;ESP32-IDS-01;28.5;64.9;799;20;1;3.2;normal
1.779.146.208.283;151076;ESP32-IDS-01;28.6;62.7;545;36;25;1.3;normal
1.779.146.185.095;127942;ESP32-IDS-01;28.6;62.4;965;18;2;0.2;normal
1.779.153.449.848;412791;ESP32-IDS-01;30.1;62.7;708;9999;0;4.21;dos
1.779.154.868.293;136282;ESP32-IDS-01;30.0;62.2;3276;50;42;2.91;dos
1.779.155.983.413;104978;ESP32-IDS-01;30.0;62.2;10000;1545;613;0.28;dos
1.779.145.738.854;26364;ESP32-IDS-01;28.5;65.5;931;17;1;0.9;normal
1.779.146.634.232;9624;ESP32-IDS-01;28.7;61.6;924;21;1;3.3;normal
1.779.165.789.585;43795;ESP32-IDS-01;31.4;58.0;686;72;45;6.17;dos
1.779.159.550.099;361204;ESP32-IDS-01;30.6;61.1;457;30;20;12.25;dos
1779152342.13;2140896;ESP32-IDS-01;29.9;64.0;8813;406;509;1.9;dos
1.779.145.254.808;521724;ESP32-IDS-01;28.3;68.1;377;20;1;2.8;normal
1.779.149.777.309;1581841;ESP32-IDS-01;29.0;67.8;691;24;7;2.9;normal
1.779.153.429.416;404208;ESP32-IDS-01;30.1;62.6;752;32;13;3.2;dos
1.779.149.745.267;1549808;ESP32-IDS-01;29.0;67.9;750;20;0;1.4;normal
1779146267.76;210609;ESP32-IDS-01;28.6;63.2;317;19;1;1.9;normal
1.779.167.124.555;163447;ESP32-IDS-01;28.8;53.3;518;19;1;3.2;dos
1.779.157.500.843;54381;ESP32-IDS-01;30.2;61.5;358;9999;0;1.7;dos
1.779.157.666.332;139389;ESP32-IDS-01;30.3;61.2;549;24;22;7.04;dos
1.779.156.675.687;368266;ESP32-IDS-01;30.1;61.7;481;23;6;4.18;dos
1.779.153.570.801;545597;ESP32-IDS-01;30.0;62.7;440;30;36;5.27;dos
1779148810.0;614506;ESP32-IDS-01;28.9;68.5;681;21;4;1.7;normal
1.779.155.813.836;91925;ESP32-IDS-01;30.0;62.2;2380;40;2;1.5;dos
1.779.151.569.106;1371122;ESP32-IDS-01;29.9;64.1;316;30;16;3.2;dos
1.779.145.464.911;731807;ESP32-IDS-01;28.3;68.5;692;23;5;0.8;normal
1.779.149.215.702;1020226;ESP32-IDS-01;28.8;68.5;508;20;0;2.8;normal
1.779.145.687.711;954635;ESP32-IDS-01;28.4;64.2;649;23;7;2.2;normal
1.779.167.212.117;250976;ESP32-IDS-01;28.8;53.1;892;24;19;1.92;dos
1.779.148.702.108;506602;ESP32-IDS-01;28.9;68.7;697;20;1;2.4;normal
1.779.145.485.314;752244;ESP32-IDS-01;28.3;66.4;346;17;1;1.2;normal
1.779.156.181.162;38117;ESP32-IDS-01;30.0;61.9;1184;24;6;2.34;dos
1.779.166.280.583;125729;ESP32-IDS-01;30.8;54.6;10000;3763;2803;1.3;dos
1.779.159.284.456;95650;ESP32-IDS-01;30.5;61.0;808;27;14;0.2;dos
1779145223.24;490155;ESP32-IDS-01;28.3;68.7;355;20;0;0.5;normal
1.779.146.701.245;76476;ESP32-IDS-01;28.6;63.6;842;84;190;0.9;normal
1.779.158.406.768;15858;ESP32-IDS-01;30.3;61.1;7733;9999;0;3.43;dos
1.779.146.601.401;97959;ESP32-IDS-01;28.7;63.6;410;22;2;0.9;normal
1.779.154.235.461;27520;ESP32-IDS-01;29.9;61.3;777;1246;1803;5.46;dos
1.779.148.359.306;163797;ESP32-IDS-01;28.5;70.1;688;21;1;1.8;normal
1.779.157.171.756;15517;ESP32-IDS-01;30.0;62.4;479;23;1;1.5;dos
1.779.149.549.115;1353466;ESP32-IDS-01;29.0;67.9;452;81;97;0.7;normal
1.779.149.000.042;804321;ESP32-IDS-01;29.0;68.2;544;99;119;0.2;normal
1.779.151.296.399;1098294;ESP32-IDS-01;29.9;64.5;481;76;89;2.0;dos
1.779.154.643.675;322790;ESP32-IDS-01;30.1;62.3;2623;22;7;3.48;dos
1.779.166.156.681;13063;ESP32-IDS-01;31.3;57.3;474;26;1;1.6;dos
1.779.145.162.779;429694;ESP32-IDS-01;28.3;71.8;428;20;1;3.4;normal
1.779.151.190.336;992079;ESP32-IDS-01;29.8;64.9;730;54;44;2.57;dos
1.779.146.200.854;143674;ESP32-IDS-01;28.6;62.3;553;19;1;0.4;normal
1.779.150.100.744;1905299;ESP32-IDS-01;28.9;67.9;719;18;0;2.2;dos
1779154690.7;369820;ESP32-IDS-01;30.0;62.3;948;27;11;3.25;dos
1.779.156.991.733;137830;ESP32-IDS-01;29.9;62.5;590;42;36;4.79;dos
1.779.148.416.849;221345;ESP32-IDS-01;28.6;69.8;945;20;0;2.5;normal
1.779.153.119.985;94794;ESP32-IDS-01;29.9;63.1;480;31;6;0.4;dos
1.779.149.718.282;1522821;ESP32-IDS-01;29.0;67.9;860;20;0;3.5;normal
1.779.148.284.785;89280;ESP32-IDS-01;28.2;70.4;777;19;1;3.3;normal
1.779.155.993.822;126302;ESP32-IDS-01;30.0;62.2;779;49;47;6.52;dos
1.779.165.288.881;958563;ESP32-IDS-01;31.0;59.4;1323;53;39;1.96;dos
1.779.145.685.909;952842;ESP32-IDS-01;28.5;65.0;346;20;0;1.9;normal
1.779.149.339.214;1143744;ESP32-IDS-01;29.0;68.2;759;19;1;1.3;normal
1.779.159.448.779;240117;ESP32-IDS-01;30.6;61.1;7918;9999;0;2.13;dos
1.779.156.438.086;129013;ESP32-IDS-01;30.1;61.7;1348;555;733;3.2;dos
1.779.156.130.014;132236;ESP32-IDS-01;30.0;62.0;481;29;18;2.3;dos
1.779.159.142.701;84815;ESP32-IDS-01;30.5;60.7;1283;446;1009;1.78;dos
1.779.145.540.709;807634;ESP32-IDS-01;28.4;68.0;442;20;1;3.3;normal
1.779.154.870.516;138602;ESP32-IDS-01;30.0;62.2;601;28;13;2.16;dos
1779157028.89;175056;ESP32-IDS-01;30.0;62.4;701;21;5;3.65;dos
1.779.159.278.609;89788;ESP32-IDS-01;30.5;60.8;563;31;14;3.08;dos
1779153747.89;88987;ESP32-IDS-01;30.0;62.5;931;32;23;0.9;dos
1.779.145.105.416;372329;ESP32-IDS-01;28.2;69.5;493;20;2;2.3;normal
1.779.154.148.156;282993;ESP32-IDS-01;30.0;62.5;842;82;32;2.09;dos
1.779.156.081.632;82673;ESP32-IDS-01;30.1;62.0;358;69;19;7.29;dos
1.779.152.212.755;2009735;ESP32-IDS-01;29.9;64.3;1448;1037;1475;1.19;dos
1.779.166.066.874;170969;ESP32-IDS-01;31.5;56.4;933;16;2;1.37;dos
1.779.149.817.855;1622404;ESP32-IDS-01;29.0;67.8;812;19;2;1.0;normal
1.779.145.687.057;953986;ESP32-IDS-01;28.4;64.2;575;21;1;1.6;normal
1.779.149.105.223;909719;ESP32-IDS-01;28.9;68.3;563;19;2;2.8;normal
1.779.159.729.557;126855;ESP32-IDS-01;30.7;61.1;480;30;5;0.4;dos
1.779.155.503.599;194262;ESP32-IDS-01;30.0;62.3;889;24;8;3.42;dos
1.779.148.483.691;288186;ESP32-IDS-01;28.7;69.5;594;20;0;0.9;normal
1.779.151.277.925;1079985;ESP32-IDS-01;29.9;64.6;632;21;1;2.0;dos
1.779.146.222.103;164947;ESP32-IDS-01;28.6;64.0;646;20;1;2.4;normal
1.779.146.106.232;49049;ESP32-IDS-01;28.5;63.5;318;19;1;3.1;normal
1.779.154.419.534;98645;ESP32-IDS-01;30.1;62.3;737;21;5;7.58;dos
1.779.151.366.008;1168073;ESP32-IDS-01;29.9;64.4;336;20;0;0.2;dos
1.779.149.139.306;943468;ESP32-IDS-01;28.9;68.4;594;131;169;1.1;normal
1.779.148.368.674;173136;ESP32-IDS-01;28.5;70.1;873;21;2;1.6;normal
1.779.148.779.425;583936;ESP32-IDS-01;28.9;68.5;429;20;1;0.8;normal
1.779.154.647.439;326505;ESP32-IDS-01;30.1;62.3;571;36;21;5.0;dos
1.779.146.773.006;148430;ESP32-IDS-01;28.6;63.8;385;20;1;0.1;normal
1.779.145.284.596;551514;ESP32-IDS-01;28.3;69.2;378;20;0;1.1;normal
1.779.145.325.393;592316;ESP32-IDS-01;28.3;68.9;712;19;3;1.6;normal
1.779.148.470.129;274629;ESP32-IDS-01;28.7;69.5;469;19;2;2.5;normal
1.779.149.406.792;1211236;ESP32-IDS-01;29.0;68.1;851;23;7;0.5;normal
1.779.155.813.644;89545;ESP32-IDS-01;30.0;62.2;3205;47;24;1.3;dos
1779154638.13;307635;ESP32-IDS-01;30.1;62.3;10000;9999;0;1.95;dos
1779155325.34;16132;ESP32-IDS-01;30.0;62.3;965;22;6;4.37;dos
1.779.159.014.915;97295;ESP32-IDS-01;30.5;60.6;563;38;17;3.08;dos
1.779.151.375.094;1177162;ESP32-IDS-01;29.9;64.3;404;19;3;2.1;dos
1779146165.85;108693;ESP32-IDS-01;28.6;65.6;901;20;1;0.3;normal
1.779.145.391.864;658783;ESP32-IDS-01;28.3;68.5;785;19;1;1.2;normal
1.779.146.723.607;99029;ESP32-IDS-01;28.6;63.5;479;20;0;1.4;normal
1.779.158.901.377;54974;ESP32-IDS-01;30.5;60.7;515;9999;0;1.3;dos
1.779.152.215.997;2018078;ESP32-IDS-01;29.8;64.3;392;22;7;2.75;dos
1.779.153.024.019;497264;ESP32-IDS-01;29.9;63.1;3119;149;159;0.9;dos
1.779.145.215.064;481974;ESP32-IDS-01;28.3;68.5;943;21;2;2.0;normal
1.779.166.219.661;58857;ESP32-IDS-01;31.0;55.3;486;9999;0;4.46;dos
1.779.151.570.354;1372426;ESP32-IDS-01;29.9;64.1;927;20;0;3.1;dos
1.779.165.255.778;926515;ESP32-IDS-01;30.9;59.5;970;369;521;4.53;dos
1.779.151.268.893;1070919;ESP32-IDS-01;29.9;64.6;366;24;6;3.3;dos
1.779.164.936.884;608565;ESP32-IDS-01;30.5;61.1;959;26;13;4.29;dos
1.779.153.655.019;629788;ESP32-IDS-01;30.0;62.6;722;43;39;0.8;dos
1.779.148.404.852;209348;ESP32-IDS-01;28.6;69.9;755;20;2;3.3;normal
1.779.146.082.477;25319;ESP32-IDS-01;28.5;64.1;571;19;3;0.5;normal
1.779.145.338.466;605385;ESP32-IDS-01;28.3;68.9;680;20;1;2.0;normal
1.779.149.491.497;1296005;ESP32-IDS-01;29.0;68.1;685;20;1;2.6;normal
1.779.146.227.281;170128;ESP32-IDS-01;28.6;64.0;603;19;2;3.0;normal
1.779.164.981.253;653022;ESP32-IDS-01;30.6;60.7;924;24;12;2.58;dos
1.779.156.759.451;451940;ESP32-IDS-01;30.1;61.7;425;55;58;1.6;dos
1.779.167.106.376;145267;ESP32-IDS-01;28.8;53.3;746;20;1;2.7;dos
1.779.156.180.993;36933;ESP32-IDS-01;30.0;61.9;593;368;525;2.39;dos
1.779.156.847.859;538521;ESP32-IDS-01;30.1;62.2;1320;310;752;3.16;dos
1.779.165.158.752;826993;ESP32-IDS-01;30.8;59.7;1331;489;886;3.55;dos
1779155773.09;51235;ESP32-IDS-01;30.0;62.2;1217;20;4;2.32;dos
1.779.157.027.736;173900;ESP32-IDS-01;30.0;62.4;5260;18;2;2.29;dos
1.779.148.394.174;198662;ESP32-IDS-01;28.6;69.9;643;22;3;0.5;normal
1.779.153.070.458;45215;ESP32-IDS-01;29.9;63.1;314;47;36;1.5;dos
1.779.146.333.865;15645;ESP32-IDS-01;28.7;65.1;479;20;0;1.5;normal
1.779.148.398.533;203026;ESP32-IDS-01;28.6;69.9;997;20;1;2.9;normal
1.779.151.347.474;1149513;ESP32-IDS-01;29.9;64.4;575;20;0;2.2;dos
1779145936.46;118722;ESP32-IDS-01;28.6;63.1;494;20;0;1.5;normal
1.779.154.478.727;151539;ESP32-IDS-01;30.1;62.3;697;27;9;4.23;dos
1.779.151.141.372;940714;ESP32-IDS-01;29.8;65.1;2827;249;176;2.2;dos
1.779.148.444.714;249210;ESP32-IDS-01;28.7;69.6;924;20;0;1.5;normal
1.779.154.863.184;122055;ESP32-IDS-01;30.0;62.2;10000;2249;1611;1.37;dos
1.779.145.285.767;552681;ESP32-IDS-01;28.3;69.2;758;21;2;0.1;normal
1.779.145.736.318;23813;ESP32-IDS-01;28.5;64.7;728;22;4;1.3;normal
1.779.164.746.985;418656;ESP32-IDS-01;30.2;62.8;4911;40;9;0.4;dos
1.779.149.796.286;1600830;ESP32-IDS-01;29.0;67.8;759;20;0;1.4;normal
1.779.151.256.983;1059043;ESP32-IDS-01;29.9;64.8;602;20;1;3.3;dos
1.779.148.719.972;524482;ESP32-IDS-01;29.0;68.5;941;19;1;0.3;normal
1.779.159.556.414;367606;ESP32-IDS-01;30.7;61.1;948;26;12;3.25;dos
1.779.145.099.408;366297;ESP32-IDS-01;28.2;69.8;722;18;2;1.6;normal
1.779.145.600.975;866823;ESP32-IDS-01;28.4;67.7;305;380;545;1.8;normal
1.779.151.489.671;1291748;ESP32-IDS-01;30.0;64.0;329;17;2;2.0;dos
1.779.146.692.664;68085;ESP32-IDS-01;28.6;61.1;786;20;0;0.2;normal
1.779.145.998.797;181062;ESP32-IDS-01;28.6;63.9;845;19;3;0.2;normal
1.779.146.436.801;64569;ESP32-IDS-01;28.7;64.2;889;20;1;2.3;normal
1.779.160.044.485;37083;ESP32-IDS-01;30.6;61.5;965;39;16;3.4;dos
1.779.150.834.953;636924;ESP32-IDS-01;29.5;66.2;1709;38;26;3.39;dos
1.779.149.514.878;1319412;ESP32-IDS-01;29.0;68.0;470;20;0;1.3;normal
1.779.149.380.515;1185040;ESP32-IDS-01;29.0;68.1;681;21;2;0.4;normal
1.779.153.166.496;141320;ESP32-IDS-01;29.9;63.2;1203;25;6;3.33;dos
1.779.164.614.286;285973;ESP32-IDS-01;29.9;64.2;4735;38;22;1.51;dos
1.779.152.127.173;1929251;ESP32-IDS-01;29.9;64.3;395;20;4;1.7;dos
1.779.164.472.118;143876;ESP32-IDS-01;29.6;64.7;387;18;1;0.6;dos
1.779.153.826.987;165388;ESP32-IDS-01;30.0;62.5;10000;920;1292;0.35;dos
1.779.150.157.876;1962409;ESP32-IDS-01;28.9;68.0;444;19;4;0.4;dos
1.779.145.619.259;886164;ESP32-IDS-01;28.4;65.9;553;19;1;2.1;normal
1.779.146.161.115;103779;ESP32-IDS-01;28.6;63.1;811;79;92;3.1;normal
1.779.164.470.371;142153;ESP32-IDS-01;29.6;64.7;481;17;1;2.1;dos
1.779.149.494.186;1298716;ESP32-IDS-01;29.0;68.1;513;21;1;2.3;normal
1.779.148.298.011;102506;ESP32-IDS-01;28.3;70.3;707;19;2;2.9;normal
1.779.149.490.787;1295320;ESP32-IDS-01;28.9;68.1;796;20;0;1.2;normal
1.779.148.919.566;723457;ESP32-IDS-01;28.9;68.5;617;219;299;1.7;normal
1.779.165.341.053;1012859;ESP32-IDS-01;31.0;59.3;658;21;12;3.72;dos
1.779.146.296.317;239163;ESP32-IDS-01;28.6;65.5;710;20;0;3.4;normal
1.779.166.052.612;156828;ESP32-IDS-01;31.5;56.1;993;281;705;3.3;dos
1.779.165.569.785;1241594;ESP32-IDS-01;31.3;58.6;787;23;6;3.5;dos
1779155949.4;81926;ESP32-IDS-01;30.0;62.2;3681;23;7;0.47;dos
1.779.146.550.654;47244;ESP32-IDS-01;28.6;63.1;873;19;0;1.3;normal
1.779.148.614.242;418746;ESP32-IDS-01;28.8;69.1;958;20;0;0.9;normal
1.779.145.962.585;144852;ESP32-IDS-01;28.6;62.3;831;19;2;2.6;normal
1.779.164.799.693;471434;ESP32-IDS-01;30.2;62.4;738;27;11;6.87;dos
1.779.149.218.436;1022962;ESP32-IDS-01;28.8;68.5;859;19;1;3.1;normal
1.779.151.463.396;1265464;ESP32-IDS-01;30.0;64.0;941;20;2;0.3;dos
1.779.146.459.498;87251;ESP32-IDS-01;28.6;63.1;483;17;0;3.1;normal
1.779.145.871.935;54195;ESP32-IDS-01;28.5;65.3;746;20;2;2.7;normal
1779149194.44;998781;ESP32-IDS-01;28.8;68.5;636;72;79;0.8;normal
1.779.158.110.119;263383;ESP32-IDS-01;30.3;60.8;3060;33;14;1.03;dos
1.779.152.259.795;2061823;ESP32-IDS-01;29.9;64.3;384;27;13;5.2;dos
1.779.148.695.597;500104;ESP32-IDS-01;28.9;68.8;575;19;4;3.5;normal
1779156316.03;8622;ESP32-IDS-01;30.0;60.5;777;17;1;4.17;dos
1.779.149.456.486;1260994;ESP32-IDS-01;28.9;68.2;601;20;1;0.2;normal
1.779.156.266.076;122986;ESP32-IDS-01;30.1;61.8;326;41;11;1.3;dos
1.779.156.488.253;180809;ESP32-IDS-01;30.0;61.7;965;22;5;1.84;dos
1.779.154.288.808;84483;ESP32-IDS-01;30.0;62.5;958;27;32;2.29;dos
1.779.145.902.305;84540;ESP32-IDS-01;28.6;65.3;633;20;3;0.8;normal
1.779.149.780.554;1585059;ESP32-IDS-01;29.0;67.8;423;23;5;0.3;normal
1.779.165.919.033;24276;ESP32-IDS-01;31.5;56.5;4950;291;699;3.5;dos
1.779.154.101.777;237664;ESP32-IDS-01;29.9;62.6;10000;396;504;1.0;dos
1.779.158.515.092;136177;ESP32-IDS-01;30.2;61.5;785;40;18;4.47;dos
1.779.146.701.551;76970;ESP32-IDS-01;28.6;63.6;494;21;1;2.0;normal
1.779.166.605.972;151187;ESP32-IDS-01;29.3;54.7;873;23;10;0.8;dos
1.779.149.435.266;1239796;ESP32-IDS-01;28.9;68.1;782;20;2;3.1;normal
1.779.150.985.689;775715;ESP32-IDS-01;29.6;65.9;938;9999;0;1.8;dos
1.779.146.782.822;158247;ESP32-IDS-01;28.6;61.5;355;20;1;1.3;normal
1.779.148.746.473;550954;ESP32-IDS-01;29.0;68.4;349;20;0;0.2;normal
1.779.157.884.693;36918;ESP32-IDS-01;30.3;60.8;1545;378;542;2.15;dos
1.779.165.164.016;835686;ESP32-IDS-01;30.9;59.6;326;55;51;5.67;dos
1779148959.69;764204;ESP32-IDS-01;28.9;68.5;613;20;5;0.9;normal
1.779.154.105.339;242385;ESP32-IDS-01;30.0;62.5;461;27;17;2.4;dos
1.779.148.970.719;775233;ESP32-IDS-01;28.9;68.4;480;21;1;0.5;normal
1.779.157.659.216;132224;ESP32-IDS-01;30.2;61.3;326;30;20;1.3;dos
1779166373.39;40110;ESP32-IDS-01;30.0;53.3;898;31;21;5.95;dos
1.779.148.263.412;67906;ESP32-IDS-01;28.1;70.1;786;19;2;0.2;normal
1.779.149.014.986;819480;ESP32-IDS-01;29.0;68.2;629;18;0;0.2;normal
1.779.153.547.424;502987;ESP32-IDS-01;30.0;62.7;592;9999;0;3.1;dos
1.779.158.098.828;237545;ESP32-IDS-01;30.3;60.8;10000;9999;0;3.59;dos
1.779.148.699.419;503922;ESP32-IDS-01;28.9;68.7;973;21;3;1.6;normal
1.779.148.897.559;702073;ESP32-IDS-01;28.9;68.5;317;20;0;1.5;normal
1.779.156.360.658;53201;ESP32-IDS-01;30.1;61.8;956;27;17;2.05;dos
1.779.166.372.282;34839;ESP32-IDS-01;30.0;53.3;732;1067;1306;2.27;dos
1.779.159.691.667;86834;ESP32-IDS-01;30.7;61.1;602;27;16;0.2;dos
1.779.153.344.831;319508;ESP32-IDS-01;30.1;62.7;598;78;59;3.97;dos
1.779.149.642.088;1446625;ESP32-IDS-01;29.0;67.7;388;20;0;3.0;normal
1.779.146.224.076;166922;ESP32-IDS-01;28.6;62.9;759;19;1;1.9;normal
1.779.146.053.206;235447;ESP32-IDS-01;28.5;65.5;820;20;0;3.1;normal
1.779.145.923.033;105097;ESP32-IDS-01;28.6;66.1;941;78;87;0.4;normal
1.779.146.119.537;62381;ESP32-IDS-01;28.5;62.8;535;19;4;1.0;normal
1779159909.21;42164;ESP32-IDS-01;30.6;61.2;2470;25;11;2.0;dos
1.779.160.001.712;134693;ESP32-IDS-01;30.5;61.5;481;27;14;2.3;dos
1.779.146.592.583;89173;ESP32-IDS-01;28.6;62.8;777;20;0;3.3;normal
1.779.151.464.256;1266299;ESP32-IDS-01;30.0;64.0;835;20;2;3.4;dos
1.779.149.328.499;1132998;ESP32-IDS-01;28.9;68.3;555;21;5;3.3;normal
1779145704.93;971864;ESP32-IDS-01;28.5;65.9;625;20;3;0.9;normal
1.779.149.416.583;1221091;ESP32-IDS-01;29.0;68.1;310;20;1;1.7;normal
1.779.157.251.182;77437;ESP32-IDS-01;30.1;62.2;956;69;14;1.0;dos
1.779.153.570.321;545157;ESP32-IDS-01;30.0;62.7;1179;27;8;3.75;dos
1.779.159.728.122;125417;ESP32-IDS-01;30.7;61.1;5137;30;30;0.9;dos
1.779.152.530.618;7386;ESP32-IDS-01;30.0;61.8;1172;25;9;0.95;dos
1.779.154.102.673;239289;ESP32-IDS-01;30.0;62.5;1625;164;144;3.5;dos
1.779.165.029.234;700857;ESP32-IDS-01;30.7;60.4;602;78;74;2.9;dos
1.779.148.470.129;274629;ESP32-IDS-01;28.7;69.5;469;19;2;2.5;normal
1.779.145.835.039;17303;ESP32-IDS-01;28.5;64.8;667;18;2;0.5;normal
1.779.145.401.962;668873;ESP32-IDS-01;28.3;67.5;795;21;0;3.2;normal
1.779.146.599.318;95907;ESP32-IDS-01;28.7;63.6;750;20;0;2.3;normal
1.779.152.123.508;1921818;ESP32-IDS-01;29.9;64.3;968;938;2678;1.13;dos
1.779.146.719.427;94852;ESP32-IDS-01;28.6;62.7;892;19;1;0.8;normal
1.779.148.830.263;634770;ESP32-IDS-01;28.9;68.6;558;21;1;1.4;normal
1.779.151.803.418;1575250;ESP32-IDS-01;29.8;64.5;793;9999;0;4.26;dos
1779155490.83;168236;ESP32-IDS-01;30.0;62.3;10000;9999;0;0.37;dos
1.779.145.665.522;932143;ESP32-IDS-01;28.4;65.6;728;115;147;2.3;normal
1.779.148.550.656;354979;ESP32-IDS-01;28.7;69.5;764;79;177;2.5;normal
1.779.159.375.228;186344;ESP32-IDS-01;30.5;61.2;529;31;21;2.1;dos
1.779.151.632.043;1434026;ESP32-IDS-01;29.8;64.3;405;41;36;3.1;dos
1.779.167.299.137;337977;ESP32-IDS-01;28.7;52.9;438;39;10;2.4;dos
1779149746.28;1550824;ESP32-IDS-01;29.0;67.9;711;20;1;1.6;normal
1.779.153.163.149;137935;ESP32-IDS-01;29.9;63.2;3094;33;10;2.62;dos
1.779.157.974.479;127763;ESP32-IDS-01;30.2;60.9;737;25;11;6.23;dos
1.779.158.744.671;7175;ESP32-IDS-01;30.2;60.2;466;23;11;2.25;dos
1779146074.58;17422;ESP32-IDS-01;28.5;63.0;820;18;3;1.7;normal
1.779.145.340.982;607874;ESP32-IDS-01;28.3;66.6;774;29;23;2.8;normal
1.779.160.136.757;52876;ESP32-IDS-01;30.7;61.1;330;41;7;0.2;dos
1.779.149.229.293;1033819;ESP32-IDS-01;28.9;68.5;575;19;1;1.8;normal
1.779.159.051.131;129293;ESP32-IDS-01;30.5;60.6;8889;50;2;2.91;dos
1.779.156.423.119;100843;ESP32-IDS-01;30.1;61.8;795;9999;0;3.26;dos
1.779.146.399.403;27172;ESP32-IDS-01;28.7;63.6;958;19;1;0.2;normal
1.779.145.886.625;68886;ESP32-IDS-01;28.5;65.7;848;20;0;0.7;normal
1.779.156.936.107;78622;ESP32-IDS-01;30.0;62.3;3779;59;4;2.66;dos
1.779.157.789.115;90100;ESP32-IDS-01;30.3;60.9;823;87;49;7.76;dos
1.779.149.284.226;1088753;ESP32-IDS-01;28.9;68.4;891;20;1;2.4;normal
1.779.148.653.078;457583;ESP32-IDS-01;28.9;69.0;951;20;0;2.3;normal
1.779.146.409.915;37676;ESP32-IDS-01;28.7;63.6;481;22;5;2.3;normal
1.779.165.669.925;1333867;ESP32-IDS-01;31.4;58.4;473;1594;2364;0.1;dos
1.779.151.673.256;1475319;ESP32-IDS-01;29.8;64.4;1225;21;5;2.92;dos
1.779.146.541.629;38215;ESP32-IDS-01;28.6;63.7;481;19;1;2.3;normal
1779146432.72;60489;ESP32-IDS-01;28.7;64.0;747;19;1;2.6;normal
1.779.156.670.005;362585;ESP32-IDS-01;30.1;61.7;811;18;4;3.1;dos
1.779.146.341.075;23106;ESP32-IDS-01;28.7;63.8;463;20;0;0.4;normal
1.779.149.359.985;1164514;ESP32-IDS-01;29.0;68.2;589;20;0;2.7;normal
1.779.154.270.176;50992;ESP32-IDS-01;30.0;62.6;7600;9999;0;2.53;dos
1.779.148.671.539;476036;ESP32-IDS-01;28.9;68.9;469;23;6;0.7;normal
1.779.149.108.907;913429;ESP32-IDS-01;28.9;68.3;774;19;1;2.5;normal
1.779.146.559.549;56139;ESP32-IDS-01;28.6;63.6;918;18;1;1.7;normal
1.779.152.638.205;104523;ESP32-IDS-01;29.9;63.5;807;2199;2066;2.6;dos
1.779.148.217.592;22076;ESP32-IDS-01;27.8;67.8;358;20;5;1.7;normal
1.779.153.523.913;498736;ESP32-IDS-01;30.0;62.7;807;31;22;2.44;dos
1.779.167.171.866;210694;ESP32-IDS-01;28.7;53.2;598;35;32;3.97;dos
1.779.165.699.397;1371160;ESP32-IDS-01;31.4;58.4;935;42;18;2.8;dos
1.779.166.197.186;52512;ESP32-IDS-01;31.0;54.7;655;374;528;2.5;dos
1.779.145.100.816;367729;ESP32-IDS-01;28.2;69.8;890;20;1;1.7;normal
1.779.148.893.711;698224;ESP32-IDS-01;28.9;68.5;976;20;0;1.7;normal
1.779.149.196.719;1001243;ESP32-IDS-01;28.8;68.5;398;20;0;1.8;normal
1779145858.33;40595;ESP32-IDS-01;28.5;65.5;785;18;1;3.2;normal
1.779.156.941.393;87539;ESP32-IDS-01;29.9;62.4;376;28;14;2.5;dos
1.779.165.076.482;748289;ESP32-IDS-01;30.8;60.0;738;17;2;2.81;dos
1.779.145.839.992;22231;ESP32-IDS-01;28.5;65.8;358;27;12;1.7;normal
1.779.167.164.659;203526;ESP32-IDS-01;28.8;53.3;454;25;25;12.31;dos
1.779.148.668.488;472987;ESP32-IDS-01;28.9;68.9;354;21;6;2.3;normal
1779154674.85;347810;ESP32-IDS-01;30.0;62.3;10000;1152;160;0.58;dos
1779149067.72;872021;ESP32-IDS-01;29.0;68.2;532;20;2;3.2;normal
1.779.145.909.992;92243;ESP32-IDS-01;28.6;66.1;724;23;3;2.4;normal
1.779.151.543.329;1345400;ESP32-IDS-01;29.9;64.1;838;20;0;3.1;dos
1.779.145.924.307;106569;ESP32-IDS-01;28.6;66.1;426;20;0;1.7;normal
1.779.159.780.482;33505;ESP32-IDS-01;30.8;60.9;479;23;18;1.5;dos
1.779.145.095.752;362662;ESP32-IDS-01;28.2;69.8;612;21;2;3.1;normal
1.779.145.826.544;8805;ESP32-IDS-01;28.5;67.3;777;19;1;1.6;normal
1.779.158.246.756;399939;ESP32-IDS-01;30.3;60.9;387;52;51;0.6;dos
1.779.151.680.063;1482130;ESP32-IDS-01;29.8;64.6;910;18;1;2.7;dos
1779154059.35;196323;ESP32-IDS-01;30.0;62.5;529;42;17;3.99;dos
1.779.150.918.426;720457;ESP32-IDS-01;29.4;66.2;6548;24;7;1.35;dos
1.779.151.433.531;1235596;ESP32-IDS-01;29.9;64.3;897;21;1;1.7;dos
1.779.155.362.829;52472;ESP32-IDS-01;30.0;62.3;972;407;505;2.53;dos
1.779.146.754.037;129460;ESP32-IDS-01;28.6;64.7;349;21;1;1.6;normal
1.779.156.764.527;457108;ESP32-IDS-01;30.0;61.9;1217;18;2;2.42;dos
1.779.145.267.555;534420;ESP32-IDS-01;28.2;67.1;447;36;26;2.9;normal
1.779.151.062.231;864264;ESP32-IDS-01;29.7;65.4;711;21;6;4.91;dos
1.779.154.280.537;73297;ESP32-IDS-01;30.0;62.6;1462;1021;2832;1.98;dos
1.779.146.117.324;60142;ESP32-IDS-01;28.5;62.8;300;20;3;2.4;normal
1.779.154.115.639;247741;ESP32-IDS-01;30.0;62.5;672;1197;1770;5.18;dos
1.779.145.341.617;608526;ESP32-IDS-01;28.3;66.6;327;21;2;0.5;normal
1779155454.5;145257;ESP32-IDS-01;30.0;62.3;318;28;12;6.24;dos
1.779.149.523.554;1328088;ESP32-IDS-01;29.0;68.0;549;20;0;2.8;normal
1.779.145.617.793;884724;ESP32-IDS-01;28.4;67.1;482;20;0;1.7;normal
1.779.155.070.596;325791;ESP32-IDS-01;30.1;62.3;836;9999;0;3.29;dos
1.779.155.954.529;86044;ESP32-IDS-01;30.0;62.2;931;379;534;0.9;dos
1.779.145.555.132;822063;ESP32-IDS-01;28.4;68.0;865;19;3;1.3;normal
1.779.164.788.289;459869;ESP32-IDS-01;30.2;62.5;9823;72;33;3.1;dos
1.779.152.844.082;320841;ESP32-IDS-01;29.9;63.3;919;27;12;5.94;dos
1.779.145.212.359;479207;ESP32-IDS-01;28.3;68.5;844;21;1;3.3;normal
1.779.164.887.527;555005;ESP32-IDS-01;30.5;61.5;1705;745;542;3.29;dos
1.779.150.518.493;320501;ESP32-IDS-01;29.1;67.5;320;26;8;2.8;dos
1.779.156.613.767;296029;ESP32-IDS-01;30.0;61.7;10000;4260;39;2.36;dos
1779157253.86;80245;ESP32-IDS-01;30.1;62.2;1680;41;22;1.5;dos
1.779.148.482.146;286644;ESP32-IDS-01;28.7;69.5;317;20;1;2.4;normal
1.779.166.049.117;140312;ESP32-IDS-01;31.5;57.5;10000;9999;0;3.4;dos
1.779.157.256.678;83124;ESP32-IDS-01;30.1;62.2;1456;18;1;2.5;dos
1.779.156.264.933;121881;ESP32-IDS-01;30.1;61.9;560;28;12;1.4;dos
1.779.153.883.075;19091;ESP32-IDS-01;30.0;62.5;732;369;1007;0.9;dos
1.779.148.237.951;42442;ESP32-IDS-01;28.0;69.3;467;20;1;2.1;normal
1.779.148.814.741;619254;ESP32-IDS-01;28.9;68.5;876;19;1;3.2;normal
1.779.149.686.765;1491278;ESP32-IDS-01;29.0;67.8;883;21;1;0.2;normal
1.779.149.358.929;1163458;ESP32-IDS-01;29.0;68.2;842;20;0;0.1;normal
1.779.166.139.823;240127;ESP32-IDS-01;31.4;57.7;10000;9999;0;2.05;dos
1.779.155.778.894;53523;ESP32-IDS-01;30.0;62.2;820;361;514;4.14;dos
1779157650.25;119674;ESP32-IDS-01;30.3;61.2;10000;1210;1703;0.24;dos
1.779.146.242.561;185409;ESP32-IDS-01;28.6;63.9;405;19;1;0.4;normal
1.779.153.301.232;276049;ESP32-IDS-01;30.0;62.8;842;30;13;0.9;dos
1.779.145.098.664;365575;ESP32-IDS-01;28.2;67.2;707;20;0;0.1;normal
1.779.152.619.671;96361;ESP32-IDS-01;30.0;63.4;823;26;8;4.12;dos
1.779.167.306.896;345691;ESP32-IDS-01;28.7;52.7;921;39;51;1.2;dos
1.779.145.767.385;54886;ESP32-IDS-01;28.5;65.1;351;21;1;0.8;normal
1.779.149.519.233;1323766;ESP32-IDS-01;29.0;68.0;472;20;2;3.1;normal
1.779.146.361.534;43563;ESP32-IDS-01;28.7;63.7;701;20;1;0.8;normal
1.779.146.190.942;133765;ESP32-IDS-01;28.6;63.4;895;18;2;1.7;normal
1.779.146.407.529;35295;ESP32-IDS-01;28.7;63.1;560;20;0;1.4;normal
1779145323.08;590003;ESP32-IDS-01;28.3;66.7;875;19;2;1.9;normal
1.779.150.561.523;363450;ESP32-IDS-01;29.2;67.4;349;55;42;4.47;dos
1.779.157.215.981;42409;ESP32-IDS-01;30.1;62.3;479;23;8;1.5;dos
1.779.148.755.808;560315;ESP32-IDS-01;29.0;68.4;707;21;1;1.3;normal
1.779.154.330.796;8852;ESP32-IDS-01;30.0;61.0;777;379;1030;1.6;dos
1.779.159.811.323;57279;ESP32-IDS-01;30.7;61.1;10000;2370;1935;0.2;dos
1.779.148.572.363;376852;ESP32-IDS-01;28.7;69.4;406;24;6;0.3;normal
1.779.145.736.318;23813;ESP32-IDS-01;28.5;64.7;728;22;4;1.3;normal
1.779.157.342.704;40975;ESP32-IDS-01;30.1;61.9;965;414;979;7.55;dos
1.779.164.579.712;250369;ESP32-IDS-01;29.8;64.4;648;394;542;3.94;dos
1.779.157.215.486;41930;ESP32-IDS-01;30.1;62.3;593;21;6;4.07;dos
1779149340.86;1145365;ESP32-IDS-01;29.0;68.2;569;19;1;3.5;normal
1779149676.95;1481467;ESP32-IDS-01;29.0;67.8;404;28;11;2.5;normal
1.779.155.861.125;139217;ESP32-IDS-01;30.0;62.2;10000;36;8;2.69;dos
1.779.148.296.456;100950;ESP32-IDS-01;28.3;70.3;948;20;1;2.2;normal
1.779.145.700.426;967362;ESP32-IDS-01;28.5;64.8;713;19;1;1.3;normal
1.779.157.925.655;73675;ESP32-IDS-01;30.3;60.8;956;148;152;2.05;dos
1.779.155.173.323;432986;ESP32-IDS-01;30.1;62.2;10000;9999;0;1.26;dos
1779146723.15;98550;ESP32-IDS-01;28.6;63.5;410;19;2;0.9;normal
1.779.158.684.639;146067;ESP32-IDS-01;30.1;61.9;6937;9999;0;2.74;dos
1.779.165.296.042;967840;ESP32-IDS-01;31.0;59.3;878;21;8;2.1;dos
1.779.145.088.912;355802;ESP32-IDS-01;28.2;69.8;366;19;2;3.3;normal
1.779.148.430.238;234717;ESP32-IDS-01;28.7;69.6;376;26;10;3.2;normal
1.779.148.248.826;53294;ESP32-IDS-01;28.0;69.8;529;18;1;2.1;normal
1.779.149.801.059;1605238;ESP32-IDS-01;29.0;67.8;986;113;130;2.8;normal
1.779.149.272.115;1076638;ESP32-IDS-01;28.9;68.4;750;19;0;2.6;normal
1.779.149.362.153;1166657;ESP32-IDS-01;29.0;68.2;427;20;0;1.6;normal
1.779.156.672.473;364998;ESP32-IDS-01;30.1;61.7;426;29;9;4.05;dos
1.779.151.431.892;1233958;ESP32-IDS-01;30.0;64.2;466;20;1;2.6;dos
1.779.151.386.459;1188524;ESP32-IDS-01;29.9;64.3;331;19;1;0.3;dos
1.779.145.423.839;690761;ESP32-IDS-01;28.3;68.8;944;21;1;0.6;normal
1.779.158.251.585;404825;ESP32-IDS-01;30.3;60.9;772;25;7;1.1;dos
1.779.155.633.746;44430;ESP32-IDS-01;30.0;62.2;5968;40;34;1.67;dos
1.779.149.002.669;807181;ESP32-IDS-01;29.0;68.2;884;21;1;0.5;normal
1.779.152.755.661;231419;ESP32-IDS-01;30.0;63.3;518;363;519;8.99;dos
1.779.156.829.548;505583;ESP32-IDS-01;30.0;62.2;546;9999;0;4.83;dos
1.779.148.371.907;176400;ESP32-IDS-01;28.5;70.0;399;20;0;1.1;normal
1.779.145.526.112;793026;ESP32-IDS-01;28.4;68.8;783;23;3;2.4;normal
1.779.148.884.114;688630;ESP32-IDS-01;28.9;68.5;893;18;2;1.3;normal
1.779.156.269.441;126383;ESP32-IDS-01;30.1;61.8;807;24;16;3.84;dos
1.779.150.926.219;728196;ESP32-IDS-01;29.5;66.2;868;38;24;3.85;dos
1.779.145.993.856;176119;ESP32-IDS-01;28.6;64.0;471;19;3;0.8;normal
1.779.157.217.072;43210;ESP32-IDS-01;30.1;62.3;801;116;143;4.15;dos
1.779.152.297.763;2099716;ESP32-IDS-01;29.9;64.1;704;46;3;2.3;dos
1.779.145.432.665;699549;ESP32-IDS-01;28.3;71.3;346;25;6;3.3;normal
1.779.153.233.475;194155;ESP32-IDS-01;30.0;62.9;7432;9999;0;0.93;dos
1.779.148.945.274;749791;ESP32-IDS-01;28.9;68.5;772;19;1;3.5;normal
1.779.166.111.366;217177;ESP32-IDS-01;31.4;57.7;903;106;254;5.71;dos
1.779.148.945.274;749791;ESP32-IDS-01;28.9;68.5;772;19;1;3.5;normal
1.779.148.594.456;398936;ESP32-IDS-01;28.8;69.2;310;19;1;2.8;normal
1.779.160.038.715;27106;ESP32-IDS-01;30.6;60.2;10000;45;41;0.15;dos
1.779.148.822.314;626822;ESP32-IDS-01;28.9;68.6;755;21;2;1.0;normal
1.779.145.454.152;721050;ESP32-IDS-01;28.3;68.6;923;20;1;3.1;normal
1.779.157.965.758;111251;ESP32-IDS-01;30.3;60.8;10000;71;33;2.85;dos
1.779.165.294.344;966126;ESP32-IDS-01;31.0;59.3;366;21;7;3.3;dos
1779166555.15;100415;ESP32-IDS-01;29.4;54.1;560;19;4;3.19;dos
1.779.153.389.464;364285;ESP32-IDS-01;30.1;62.6;922;26;8;3.28;dos
1.779.145.729.931;17432;ESP32-IDS-01;28.5;65.4;820;20;0;1.7;normal
1.779.153.705.523;46626;ESP32-IDS-01;30.0;62.6;322;34;5;2.4;dos
1.779.145.213.229;480142;ESP32-IDS-01;28.3;68.5;935;21;2;1.0;normal
1.779.145.546.708;813458;ESP32-IDS-01;28.4;68.0;688;79;93;0.7;normal
1.779.155.981.534;104978;ESP32-IDS-01;30.0;62.2;10000;1545;613;0.28;dos
1.779.146.691.908;67299;ESP32-IDS-01;28.6;61.1;841;22;1;1.9;normal
1.779.146.181.503;124351;ESP32-IDS-01;28.6;65.5;345;18;2;2.1;normal
1.779.154.802.976;56107;ESP32-IDS-01;30.0;62.3;563;3263;1815;1.3;dos
1.779.151.300.263;1102325;ESP32-IDS-01;29.9;64.5;909;20;0;3.1;dos
1.779.151.380.086;1182152;ESP32-IDS-01;29.9;64.3;873;20;1;0.6;dos
1.779.167.161.345;198149;ESP32-IDS-01;28.8;53.3;5476;36;10;2.5;dos
1.779.145.559.774;826675;ESP32-IDS-01;28.4;66.7;369;20;4;2.9;normal
1.779.148.884.114;688630;ESP32-IDS-01;28.9;68.5;893;18;2;1.3;normal
1.779.152.168.435;1969256;ESP32-IDS-01;29.9;64.3;853;436;448;2.9;dos
1.779.158.202.642;354872;ESP32-IDS-01;30.3;60.8;410;368;525;0.9;dos
1779145360.0;626921;ESP32-IDS-01;28.3;68.9;538;20;0;1.5;normal
1.779.151.009.136;809275;ESP32-IDS-01;29.6;65.9;1046;652;892;3.3;dos
1.779.166.914.292;449024;ESP32-IDS-01;29.2;53.9;10000;1616;1129;2.8;dos
1779146771.95;147371;ESP32-IDS-01;28.6;64.6;648;21;2;2.4;normal
1.779.157.030.351;176500;ESP32-IDS-01;30.0;62.4;895;28;16;2.53;dos
1.779.154.822.914;85795;ESP32-IDS-01;30.0;62.3;2344;735;578;0.83;dos
1.779.145.680.659;947590;ESP32-IDS-01;28.5;65.0;737;20;1;0.9;normal
1.779.154.319.686;114626;ESP32-IDS-01;30.0;62.5;4168;291;373;0.2;dos
1.779.165.206.865;878664;ESP32-IDS-01;30.9;59.7;317;23;5;2.2;dos
1779146707.45;81749;ESP32-IDS-01;28.6;64.1;316;394;558;3.5;normal
1.779.158.424.441;45593;ESP32-IDS-01;30.3;61.1;965;18;2;5.41;dos
1.779.146.452.865;80610;ESP32-IDS-01;28.7;65.0;436;20;0;0.1;normal
1.779.153.299.486;274263;ESP32-IDS-01;30.0;62.8;570;35;26;3.3;dos
1.779.155.865.027;143153;ESP32-IDS-01;30.0;60.5;481;28;8;4.38;dos
1.779.146.065.262;8104;ESP32-IDS-01;28.5;66.1;777;18;4;1.6;normal
1.779.151.557.021;1359093;ESP32-IDS-01;29.9;64.1;730;20;0;1.2;dos
1.779.148.420.621;225096;ESP32-IDS-01;28.6;69.8;849;19;2;0.6;normal
1.779.148.911.049;714441;ESP32-IDS-01;28.9;68.5;752;393;565;0.3;normal
1.779.146.353.248;35282;ESP32-IDS-01;28.7;63.1;995;19;3;2.2;normal
1.779.148.382.773;187250;ESP32-IDS-01;28.5;70.0;674;26;8;3.5;normal
1.779.152.259.413;2061439;ESP32-IDS-01;29.9;64.3;661;26;0;2.1;dos
1.779.164.878.802;550413;ESP32-IDS-01;30.4;61.7;410;58;25;4.74;dos
1.779.148.839.398;643909;ESP32-IDS-01;28.9;68.6;795;20;0;3.2;normal
1.779.145.523.274;790181;ESP32-IDS-01;28.4;68.7;974;27;10;1.0;normal
1.779.146.739.254;114669;ESP32-IDS-01;28.6;64.1;669;23;8;3.1;normal
1.779.157.441.493;8083;ESP32-IDS-01;30.2;60.3;777;31;4;2.89;dos
1.779.149.817.047;1621592;ESP32-IDS-01;29.0;67.8;575;20;1;2.9;normal
1.779.145.411.028;677935;ESP32-IDS-01;28.3;67.5;740;20;1;0.4;normal
1.779.159.460.709;271784;ESP32-IDS-01;30.6;61.1;848;66;27;1.88;dos
1.779.165.743.225;1415016;ESP32-IDS-01;31.4;58.1;634;32;26;7.93;dos
1.779.145.707.001;973933;ESP32-IDS-01;28.5;64.2;838;20;0;2.4;normal
1.779.149.163.658;968125;ESP32-IDS-01;28.8;68.5;548;30;31;1.8;normal
1.779.148.511.691;316185;ESP32-IDS-01;28.7;69.5;608;21;1;3.5;normal
1.779.159.960.666;93646;ESP32-IDS-01;30.5;61.5;876;26;14;3.14;dos
1.779.146.158.694;101540;ESP32-IDS-01;28.6;63.1;320;19;1;1.7;normal
1779156392.32;83747;ESP32-IDS-01;30.1;61.8;728;393;531;1.3;dos
1.779.149.712.619;1517162;ESP32-IDS-01;29.0;67.9;586;19;2;0.7;normal
1.779.148.561.164;365665;ESP32-IDS-01;28.7;69.4;475;20;1;0.1;normal
1.779.155.007.695;275807;ESP32-IDS-01;30.0;62.5;833;20;5;4.9;dos
1.779.166.875.561;419788;ESP32-IDS-01;29.1;52.3;360;370;530;1.5;dos
1.779.153.748.886;89945;ESP32-IDS-01;30.0;62.5;958;45;23;2.29;dos
1.779.150.460.605;252639;ESP32-IDS-01;28.9;68.0;10000;9999;0;3.16;dos
1.779.155.227.039;493995;ESP32-IDS-01;30.0;62.3;3237;51;21;1.51;dos
1.779.149.583.588;1388125;ESP32-IDS-01;29.1;67.8;699;20;0;2.5;normal
1.779.167.165.179;203962;ESP32-IDS-01;28.7;53.2;436;46;12;0.1;dos
1.779.149.535.218;1339725;ESP32-IDS-01;29.0;68.0;708;21;3;0.4;normal
1.779.165.072.534;744212;ESP32-IDS-01;30.8;60.0;739;30;13;2.05;dos
1.779.149.574.099;1378391;ESP32-IDS-01;29.1;67.8;860;23;9;2.3;normal
1.779.145.188.345;455262;ESP32-IDS-01;28.3;69.2;754;19;1;2.3;normal
1.779.150.292.979;93884;ESP32-IDS-01;28.8;67.9;581;31;15;2.9;dos
1.779.164.620.547;292274;ESP32-IDS-01;29.9;64.0;371;29;22;2.9;dos
1.779.152.287.083;2069860;ESP32-IDS-01;29.9;64.1;431;9999;0;1.4;dos
1.779.151.575.268;1377341;ESP32-IDS-01;29.9;64.1;908;20;0;2.8;dos
1.779.145.687.057;953986;ESP32-IDS-01;28.4;64.2;575;21;1;1.6;normal
1.779.156.541.374;233956;ESP32-IDS-01;30.0;61.7;786;21;7;3.77;dos
1779157205.0;31173;ESP32-IDS-01;30.0;60.9;4911;94;47;3.5;dos
1.779.148.943.628;748115;ESP32-IDS-01;28.9;68.5;602;21;1;2.1;normal
1.779.145.243.567;510483;ESP32-IDS-01;28.3;71.1;798;20;0;1.9;normal
1.779.153.107.239;72156;ESP32-IDS-01;29.9;63.1;10000;9999;0;1.75;dos
1779151519.58;1321646;ESP32-IDS-01;30.0;64.0;937;20;1;0.8;dos
1779149448.78;1253306;ESP32-IDS-01;28.9;68.2;887;21;0;0.6;normal
1.779.149.626.386;1430922;ESP32-IDS-01;29.0;67.7;390;21;1;2.2;normal
1.779.165.653.889;1325693;ESP32-IDS-01;31.3;58.4;924;26;15;3.2;dos
1779145680.23;946853;ESP32-IDS-01;28.5;65.0;750;122;158;2.0;normal
1.779.145.670.541;937474;ESP32-IDS-01;28.4;65.4;764;20;1;2.1;normal
1.779.148.237.486;41975;ESP32-IDS-01;28.0;69.3;601;21;1;0.5;normal
1.779.149.217.571;1022103;ESP32-IDS-01;28.8;68.5;1201;17;2;2.4;normal
1.779.158.232.847;374656;ESP32-IDS-01;30.3;60.9;10000;9999;0;0.48;dos
1.779.154.336.335;15457;ESP32-IDS-01;30.0;62.4;1327;20;4;3.05;dos
1.779.159.464.855;276068;ESP32-IDS-01;30.6;61.1;755;21;1;2.6;dos
1.779.146.496.448;124190;ESP32-IDS-01;28.6;63.2;697;20;0;0.3;normal
1.779.149.365.408;1169912;ESP32-IDS-01;29.0;68.2;701;20;0;2.7;normal
1.779.149.665.844;1470374;ESP32-IDS-01;29.0;67.8;828;20;1;0.5;normal
1.779.145.728.468;15945;ESP32-IDS-01;28.5;65.4;801;20;1;2.9;normal
1.779.145.990.119;172381;ESP32-IDS-01;28.6;64.6;673;21;3;1.1;normal
1.779.158.564.137;44626;ESP32-IDS-01;30.1;61.5;965;357;509;4.37;dos
1.779.159.091.532;33731;ESP32-IDS-01;30.5;59.5;3408;418;520;3.3;dos
1.779.165.836.128;90575;ESP32-IDS-01;31.4;57.8;931;17;2;0.9;dos
1.779.159.196.019;7194;ESP32-IDS-01;30.6;59.5;466;26;7;2.25;dos
1.779.151.230.567;1031431;ESP32-IDS-01;29.8;64.9;10000;210;40;2.89;dos
1.779.149.041.271;845791;ESP32-IDS-01;29.0;68.2;509;19;1;0.7;normal
1.779.159.901.398;33320;ESP32-IDS-01;30.6;59.8;777;374;986;1.6;dos
1.779.159.462.828;274009;ESP32-IDS-01;30.6;61.1;672;26;8;3.69;dos
1.779.148.255.621;60087;ESP32-IDS-01;28.0;70.0;768;20;4;2.0;normal
1.779.148.719.043;523541;ESP32-IDS-01;29.0;68.5;681;20;1;0.7;normal
1.779.158.290.037;443256;ESP32-IDS-01;30.3;60.9;921;36;10;4.46;dos
1.779.149.470.703;1275212;ESP32-IDS-01;28.9;68.2;494;19;2;0.4;normal
1.779.152.807.676;284309;ESP32-IDS-01;29.9;63.3;528;35;50;4.79;dos
1779158020.79;174075;ESP32-IDS-01;30.2;61.0;385;28;11;4.1;dos
1.779.150.138.771;1943328;ESP32-IDS-01;28.9;68.0;499;19;1;2.7;dos
1.779.148.895.362;699856;ESP32-IDS-01;28.9;68.5;450;18;2;2.9;normal
1.779.151.322.951;1125002;ESP32-IDS-01;29.9;64.4;973;24;8;2.2;dos
1.779.146.302.487;245329;ESP32-IDS-01;28.6;64.0;809;20;2;3.2;normal
1.779.149.768.404;1572945;ESP32-IDS-01;29.0;67.8;969;21;1;1.8;normal
1779166734.3;279552;ESP32-IDS-01;29.2;53.0;991;20;4;0.4;dos
1.779.165.014.533;685887;ESP32-IDS-01;30.6;60.7;8007;156;144;3.22;dos
1.779.156.506.378;190228;ESP32-IDS-01;30.0;61.8;957;17;2;1.3;dos
1.779.152.624.864;101524;ESP32-IDS-01;29.9;63.5;779;54;108;0.1;dos
1.779.151.355.815;1157886;ESP32-IDS-01;29.9;64.4;544;18;2;2.6;dos
1.779.165.423.984;1092914;ESP32-IDS-01;31.0;59.2;10000;50;34;1.17;dos
1.779.149.178.457;982977;ESP32-IDS-01;28.8;68.5;633;21;1;2.0;normal
1.779.149.008.354;812851;ESP32-IDS-01;29.0;68.2;974;18;0;2.4;normal
1.779.149.022.939;827266;ESP32-IDS-01;29.0;68.2;799;73;80;2.5;normal
1779152304.4;2106428;ESP32-IDS-01;29.9;64.1;5110;33;35;2.1;dos
1.779.145.969.163;151423;ESP32-IDS-01;28.6;64.4;545;20;0;1.3;normal
1779145329.21;596128;ESP32-IDS-01;28.3;67.5;471;21;3;0.8;normal
1.779.145.411.028;677935;ESP32-IDS-01;28.3;67.5;740;20;1;0.4;normal
1.779.152.654.852;115540;ESP32-IDS-01;29.9;63.5;10000;9999;0;3.29;dos
1.779.146.352.271;34287;ESP32-IDS-01;28.7;63.1;314;24;6;2.6;normal
1779149137.15;941670;ESP32-IDS-01;28.9;68.4;713;19;3;1.3;normal
1.779.149.462.006;1266537;ESP32-IDS-01;28.9;68.2;943;20;1;2.2;normal
1.779.158.473.393;93486;ESP32-IDS-01;30.2;61.4;958;365;1034;0.2;dos
1.779.146.338.168;20196;ESP32-IDS-01;28.6;62.3;956;21;1;1.0;normal
1.779.157.709.524;10684;ESP32-IDS-01;30.3;61.1;965;29;14;5.47;dos
1.779.160.395.249;234319;ESP32-IDS-01;30.6;61.3;10000;9999;0;1.54;dos
1.779.149.558.044;1362579;ESP32-IDS-01;29.0;67.9;470;20;1;1.2;normal
1.779.151.437.223;1239294;ESP32-IDS-01;30.0;64.2;751;19;3;2.5;dos
1779146363.36;45386;ESP32-IDS-01;28.7;63.7;379;21;2;0.3;normal
1.779.145.832.504;14763;ESP32-IDS-01;28.5;65.0;314;19;1;1.5;normal
1.779.167.043.554;51065;ESP32-IDS-01;28.8;53.1;655;9999;0;4.03;dos
1.779.158.340.859;9662;ESP32-IDS-01;30.4;59.7;626;25;10;6.49;dos
1.779.146.701.245;76476;ESP32-IDS-01;28.6;63.6;842;84;190;0.9;normal
1.779.146.290.468;233316;ESP32-IDS-01;28.6;63.4;1000;19;2;2.6;normal
1.779.148.781.175;585687;ESP32-IDS-01;28.9;68.5;594;19;2;2.1;normal
1.779.155.495.584;181779;ESP32-IDS-01;30.0;62.3;10000;9999;0;3.27;dos
1.779.165.741.821;1411699;ESP32-IDS-01;31.4;58.1;2060;650;651;2.8;dos
1.779.148.902.112;706625;ESP32-IDS-01;28.9;68.5;547;20;1;2.2;normal
1.779.156.139.388;139399;ESP32-IDS-01;30.0;62.0;379;50;101;0.3;dos
1.779.145.688.111;955037;ESP32-IDS-01;28.4;64.2;402;22;0;1.5;normal
1.779.148.735.351;539859;ESP32-IDS-01;29.0;68.5;612;20;0;1.1;normal
1.779.149.558.416;1362948;ESP32-IDS-01;29.0;67.9;369;20;0;1.3;normal
1.779.164.889.013;560767;ESP32-IDS-01;30.5;61.5;945;28;10;3.56;dos
1.779.146.088.111;30947;ESP32-IDS-01;28.5;64.7;823;21;3;2.9;normal
1.779.149.461.065;1265594;ESP32-IDS-01;28.9;68.2;646;21;2;2.9;normal
1.779.149.436.549;1241052;ESP32-IDS-01;28.9;68.2;662;21;2;1.9;normal
1.779.146.412.093;39858;ESP32-IDS-01;28.7;63.6;785;20;0;3.2;normal
1.779.158.099.715;252291;ESP32-IDS-01;30.3;60.8;10000;247;270;0.57;dos
1.779.151.397.884;1199956;ESP32-IDS-01;29.9;64.3;667;18;1;1.2;dos
1779151476.57;1278565;ESP32-IDS-01;30.0;64.0;345;20;1;3.3;dos
1.779.153.298.071;272790;ESP32-IDS-01;30.0;62.8;755;26;14;2.6;dos
1.779.149.036.585;841077;ESP32-IDS-01;29.0;68.2;585;19;4;2.9;normal
1.779.156.359.761;52245;ESP32-IDS-01;30.1;61.8;655;37;32;4.03;dos
1.779.165.024.724;696451;ESP32-IDS-01;30.7;60.5;1216;21;4;3.62;dos
1779167088.21;127104;ESP32-IDS-01;28.8;53.2;560;18;3;1.4;dos
1.779.156.701.101;370944;ESP32-IDS-01;30.1;61.7;955;9999;0;1.8;dos
1.779.153.795.569;136682;ESP32-IDS-01;30.0;62.5;455;24;11;2.9;dos
1.779.151.506.729;1308798;ESP32-IDS-01;30.0;64.0;373;20;0;0.8;dos
1779149397.19;1201648;ESP32-IDS-01;29.0;68.1;766;36;47;1.7;normal
1.779.145.867.169;49432;ESP32-IDS-01;28.5;65.9;971;19;1;3.1;normal
1779145229.19;496098;ESP32-IDS-01;28.3;67.6;944;22;3;2.9;normal
1.779.154.786.347;54440;ESP32-IDS-01;30.0;62.3;463;28;16;0.4;dos
1.779.154.959.087;223854;ESP32-IDS-01;30.0;62.5;1785;229;279;1.0;dos
1.779.149.804.412;1608434;ESP32-IDS-01;29.0;67.8;816;194;266;1.4;normal
1.779.149.481.222;1285416;ESP32-IDS-01;28.9;68.2;557;133;174;1.9;normal
1.779.166.545.387;88470;ESP32-IDS-01;29.5;55.0;6551;386;551;0.35;dos
1.779.146.100.792;43601;ESP32-IDS-01;28.5;63.9;549;28;12;3.4;normal
1779146217.83;160674;ESP32-IDS-01;28.6;64.3;847;20;1;1.9;normal
1.779.151.462.496;1264523;ESP32-IDS-01;30.0;64.0;681;24;4;0.7;dos
1.779.152.667.368;144124;ESP32-IDS-01;29.9;63.5;385;22;7;1.5;dos
1.779.166.444.382;94303;ESP32-IDS-01;29.8;55.0;958;9999;0;0.2;dos
1.779.146.404.335;31909;ESP32-IDS-01;28.7;64.8;998;84;96;0.2;normal
1779145956.74;138998;ESP32-IDS-01;28.6;62.8;420;20;1;3.1;normal
1779145229.19;496098;ESP32-IDS-01;28.3;67.6;944;22;3;2.9;normal
1.779.158.657.037;138540;ESP32-IDS-01;30.1;61.9;481;22;4;4.38;dos
1.779.151.889.177;1686132;ESP32-IDS-01;29.8;64.3;10000;74;22;3.15;dos
1.779.148.273.129;77624;ESP32-IDS-01;28.1;70.2;833;19;3;2.5;normal
1.779.146.029.941;210964;ESP32-IDS-01;28.6;64.2;317;434;621;1.9;normal
1.779.158.200.268;353543;ESP32-IDS-01;30.3;60.6;723;26;21;3.1;dos
1.779.145.800.021;15883;ESP32-IDS-01;28.5;66.2;801;41;32;2.9;normal
1.779.166.462.035;7186;ESP32-IDS-01;29.7;53.8;466;56;3;4.39;dos
1.779.153.117.112;91854;ESP32-IDS-01;29.9;63.1;486;36;39;2.4;dos
1.779.151.387.022;1189083;ESP32-IDS-01;29.9;64.3;559;21;3;3.4;dos
1.779.145.320.711;587583;ESP32-IDS-01;28.3;66.7;762;20;0;3.3;normal
1.779.146.805.864;21364;ESP32-IDS-01;28.6;63.5;1214;17;2;1.5;normal
1.779.148.794.328;598839;ESP32-IDS-01;28.9;68.5;973;20;1;2.3;normal
1.779.145.271.955;538870;ESP32-IDS-01;28.2;69.2;787;20;2;2.2;normal
1779145168.3;435215;ESP32-IDS-01;28.3;69.4;524;20;0;1.2;normal
1.779.148.583.979;388303;ESP32-IDS-01;28.7;69.4;928;70;80;1.5;normal
1.779.146.768.396;143822;ESP32-IDS-01;28.6;64.6;546;20;1;3.0;normal
1.779.158.871.805;37219;ESP32-IDS-01;30.4;61.0;5283;504;649;3.59;dos
1.779.146.597.673;94261;ESP32-IDS-01;28.7;64.9;892;20;1;0.8;normal
1.779.152.257.825;2059902;ESP32-IDS-01;29.9;64.3;2301;21;5;1.53;dos
1.779.145.704.306;971239;ESP32-IDS-01;28.5;65.9;624;20;0;3.1;normal
1779150742.49;544521;ESP32-IDS-01;29.4;66.6;873;23;6;3.89;dos
1.779.150.095.628;1900149;ESP32-IDS-01;28.9;67.8;643;20;4;2.1;dos
1.779.146.430.353;58121;ESP32-IDS-01;28.7;62.6;799;20;2;3.2;normal
1.779.154.648.627;327757;ESP32-IDS-01;30.1;62.3;528;22;14;4.79;dos
1.779.164.838.906;505122;ESP32-IDS-01;30.3;62.0;10000;142;159;2.95;dos
1.779.146.103.914;46741;ESP32-IDS-01;28.5;62.4;873;24;10;1.3;normal
1.779.148.494.839;299313;ESP32-IDS-01;28.7;69.5;675;20;1;1.3;normal
1.779.149.199.262;1003785;ESP32-IDS-01;28.8;68.5;867;20;0;3.2;normal
1.779.149.789.251;1593798;ESP32-IDS-01;29.0;67.8;434;19;2;1.7;normal
1.779.157.514.633;80014;ESP32-IDS-01;30.2;61.5;7555;425;583;0.4;dos
1.779.165.929.609;35636;ESP32-IDS-01;31.4;57.6;801;26;14;5.4;dos
1.779.145.218.514;485432;ESP32-IDS-01;28.3;68.7;668;20;3;0.3;normal
1.779.149.045.614;850133;ESP32-IDS-01;29.0;68.2;440;20;1;1.2;normal
1.779.155.228.984;497117;ESP32-IDS-01;30.0;62.2;400;22;4;11.2;dos
1.779.145.245.581;512493;ESP32-IDS-01;28.2;68.6;767;21;2;1.6;normal
1.779.165.192.705;851580;ESP32-IDS-01;30.9;59.6;10000;9999;0;0.9;dos
1.779.151.572.481;1374527;ESP32-IDS-01;29.9;64.1;393;20;0;1.5;dos
1.779.153.297.209;272035;ESP32-IDS-01;30.0;62.8;518;27;10;3.2;dos
1.779.145.707.842;974731;ESP32-IDS-01;28.5;64.2;798;34;20;3.4;normal
1.779.148.282.098;86592;ESP32-IDS-01;28.2;70.3;614;19;4;0.3;normal
1.779.150.107.665;1912220;ESP32-IDS-01;28.9;67.9;572;20;1;0.3;dos
1.779.156.355.442;46982;ESP32-IDS-01;30.0;61.8;3869;362;511;1.5;dos
1.779.157.665.153;138139;ESP32-IDS-01;30.3;61.2;455;34;12;2.9;dos
1.779.156.711.606;392607;ESP32-IDS-01;30.1;61.7;10000;2863;4142;3.0;dos
1.779.148.965.668;770155;ESP32-IDS-01;28.9;68.5;901;21;1;0.5;normal
1.779.146.404.944;32689;ESP32-IDS-01;28.7;63.1;780;19;2;2.8;normal
1.779.149.352.086;1156588;ESP32-IDS-01;29.0;68.2;345;19;0;0.8;normal
1.779.155.797.694;60842;ESP32-IDS-01;30.0;62.2;7319;9999;0;0.34;dos
1.779.155.279.288;546280;ESP32-IDS-01;30.0;62.3;939;58;81;3.36;dos
1779145926.81;109070;ESP32-IDS-01;28.6;64.6;901;20;4;0.3;normal
1.779.146.399.403;27172;ESP32-IDS-01;28.7;63.6;958;19;1;0.2;normal
1779157919.59;72719;ESP32-IDS-01;30.3;60.8;7963;59;32;2.63;dos
1.779.148.536.939;341442;ESP32-IDS-01;28.7;69.5;890;19;1;1.7;normal
1.779.148.895.362;699856;ESP32-IDS-01;28.9;68.5;450;18;2;2.9;normal
1.779.146.192.448;135289;ESP32-IDS-01;28.6;63.4;717;20;1;3.4;normal
1.779.154.231.069;26743;ESP32-IDS-01;29.9;61.3;1050;42;32;4.25;dos
1.779.148.406.346;210838;ESP32-IDS-01;28.6;69.9;317;21;1;1.9;normal
1.779.160.133.348;44317;ESP32-IDS-01;30.7;61.1;3864;1031;3004;0.96;dos
1.779.155.409.711;100461;ESP32-IDS-01;30.0;62.3;779;25;15;0.1;dos
1.779.165.248.063;918763;ESP32-IDS-01;30.9;59.5;1279;378;543;2.08;dos
1.779.148.942.996;747513;ESP32-IDS-01;28.9;68.5;428;19;3;0.4;normal
1.779.146.565.402;61985;ESP32-IDS-01;28.6;64.0;957;21;1;1.3;normal
1.779.145.152.427;419344;ESP32-IDS-01;28.2;67.5;923;19;2;0.8;normal
1.779.149.101.213;905742;ESP32-IDS-01;28.9;68.3;374;17;0;3.0;normal
1.779.150.085.621;1890174;ESP32-IDS-01;28.9;67.8;718;20;1;1.8;dos
1.779.150.060.646;1865201;ESP32-IDS-01;29.0;67.7;438;19;1;2.6;dos
1.779.164.477.769;149549;ESP32-IDS-01;29.6;64.7;787;19;3;3.0;dos
1.779.149.612.494;1417030;ESP32-IDS-01;29.1;67.7;503;20;1;0.8;normal
1.779.167.170.042;208904;ESP32-IDS-01;28.7;53.2;1233;29;14;1.21;dos
1.779.145.182.699;449589;ESP32-IDS-01;28.3;69.2;884;20;4;3.4;normal
1.779.155.042.301;310306;ESP32-IDS-01;30.0;62.4;2640;56;20;1.38;dos
1.779.149.768.404;1572945;ESP32-IDS-01;29.0;67.8;969;21;1;1.8;normal
1.779.151.482.118;1284184;ESP32-IDS-01;30.0;64.0;963;21;2;0.8;dos
1.779.148.231.387;35877;ESP32-IDS-01;27.9;69.0;560;20;0;1.4;normal
1.779.145.235.193;502081;ESP32-IDS-01;28.3;68.9;850;21;1;3.0;normal
1.779.159.467.301;278485;ESP32-IDS-01;30.6;61.0;944;33;18;2.62;dos
1.779.146.167.326;110150;ESP32-IDS-01;28.6;65.6;976;26;20;3.5;normal
1.779.145.401.157;668078;ESP32-IDS-01;28.3;67.5;872;20;0;2.1;normal
1.779.148.317.567;122022;ESP32-IDS-01;28.4;70.3;898;33;37;0.2;normal
1.779.149.136.438;940957;ESP32-IDS-01;28.9;68.4;583;20;2;1.4;normal
1.779.153.969.662;106655;ESP32-IDS-01;30.0;62.5;752;34;9;8.12;dos
1.779.167.249.753;285389;ESP32-IDS-01;28.7;53.0;6263;54;29;1.9;dos
1.779.146.529.239;25822;ESP32-IDS-01;28.6;62.5;571;20;0;0.5;normal
1.779.166.246.007;102406;ESP32-IDS-01;30.8;54.6;995;30;11;4.21;dos
1.779.154.507.919;183909;ESP32-IDS-01;30.1;62.3;4925;399;1047;0.5;dos
1.779.150.336.876;138894;ESP32-IDS-01;28.8;68.0;848;17;3;3.06;dos
1.779.154.872.158;140225;ESP32-IDS-01;30.0;62.5;701;31;11;2.23;dos
1.779.165.201.287;869653;ESP32-IDS-01;30.9;59.6;3537;87;62;3.08;dos
1.779.165.118.733;789495;ESP32-IDS-01;30.8;59.8;2345;367;524;1.73;dos
1779146717.17;92596;ESP32-IDS-01;28.6;62.7;724;19;1;2.4;normal
1.779.146.192.448;135289;ESP32-IDS-01;28.6;63.4;717;20;1;3.4;normal
1.779.148.416.849;221345;ESP32-IDS-01;28.6;69.8;945;20;0;2.5;normal
1.779.146.718.552;93960;ESP32-IDS-01;28.6;62.7;836;25;8;0.9;normal
1.779.149.594.147;1398684;ESP32-IDS-01;29.1;67.7;691;20;0;0.4;normal
1.779.156.083.285;84519;ESP32-IDS-01;30.0;62.0;463;363;517;4.72;dos
1.779.153.713.457;48752;ESP32-IDS-01;30.0;62.6;515;1427;2109;5.18;dos
1779146440.34;68109;ESP32-IDS-01;28.7;64.6;848;19;1;0.7;normal
1.779.148.855.377;659888;ESP32-IDS-01;28.9;68.6;746;20;1;1.4;normal
1.779.152.850.215;326959;ESP32-IDS-01;29.9;63.3;516;28;3;7.71;dos
1.779.145.883.313;65346;ESP32-IDS-01;28.5;64.8;889;96;116;2.3;normal
1.779.154.914.097;178936;ESP32-IDS-01;30.0;62.4;1165;1112;2786;1.3;dos
1.779.146.667.779;43139;ESP32-IDS-01;28.6;63.1;455;32;17;2.9;normal
1.779.149.110.183;914701;ESP32-IDS-01;28.9;68.3;732;21;1;1.8;normal
1.779.148.816.472;620401;ESP32-IDS-01;28.9;68.5;370;128;141;3.4;normal
1.779.151.546.136;1348207;ESP32-IDS-01;29.9;64.1;301;20;0;3.3;dos
1.779.148.768.384;572895;ESP32-IDS-01;28.9;68.5;900;20;1;1.4;normal
1.779.146.435.143;62884;ESP32-IDS-01;28.7;64.2;903;21;3;3.5;normal
1.779.146.586.494;83082;ESP32-IDS-01;28.6;63.9;667;20;1;3.3;normal
1.779.145.231.171;498089;ESP32-IDS-01;28.3;71.5;536;19;0;0.2;normal
1.779.156.580.236;270617;ESP32-IDS-01;30.0;61.7;892;41;12;7.98;dos
1.779.157.693.767;157604;ESP32-IDS-01;30.3;61.2;10000;2917;1971;1.36;dos
1.779.158.788.409;50892;ESP32-IDS-01;30.3;61.3;1179;32;28;1.05;dos
1.779.152.034.876;1836922;ESP32-IDS-01;29.8;64.5;748;26;6;1.9;dos
1779158604.6;85049;ESP32-IDS-01;30.1;61.6;1206;368;526;2.13;dos
1.779.167.162.412;201224;ESP32-IDS-01;28.8;53.3;3075;35;15;3.5;dos
1.779.155.542.872;233685;ESP32-IDS-01;30.0;62.3;10000;20;4;2.6;dos
1.779.146.469.462;97234;ESP32-IDS-01;28.6;64.9;919;19;3;0.5;normal
1.779.151.536.904;1338933;ESP32-IDS-01;29.9;64.1;341;33;20;1.8;dos
1.779.150.960.345;758775;ESP32-IDS-01;29.5;66.1;1345;32;20;3.34;dos
1.779.153.790.458;131562;ESP32-IDS-01;30.0;62.5;795;33;24;2.0;dos
1.779.146.053.559;235823;ESP32-IDS-01;28.5;65.5;376;21;1;3.2;normal
1.779.150.821.749;621454;ESP32-IDS-01;29.5;66.2;10000;71;24;3.48;dos
1.779.164.666.831;337401;ESP32-IDS-01;29.9;63.8;620;388;542;4.73;dos
1779146658.95;34372;ESP32-IDS-01;28.7;63.2;314;20;1;2.6;normal
1.779.146.603.306;99895;ESP32-IDS-01;28.7;63.6;922;20;0;2.2;normal
1.779.165.822.966;67318;ESP32-IDS-01;31.4;57.9;10000;2575;699;1.56;dos
1.779.150.875.527;677551;ESP32-IDS-01;29.5;66.1;997;23;11;2.9;dos
1.779.145.206.423;473332;ESP32-IDS-01;28.3;68.8;331;20;4;0.3;normal
1.779.166.020.473;126558;ESP32-IDS-01;31.5;57.5;601;21;10;0.5;dos
1.779.149.744.538;1549058;ESP32-IDS-01;29.0;67.9;792;19;3;0.9;normal
1.779.145.212.359;479207;ESP32-IDS-01;28.3;68.5;844;21;1;3.3;normal
1.779.145.592.396;858243;ESP32-IDS-01;28.4;68.5;876;381;532;1.2;normal
1.779.149.755.028;1559536;ESP32-IDS-01;29.0;67.8;499;30;34;2.4;normal
1.779.166.512.976;58204;ESP32-IDS-01;29.5;53.8;563;26;8;4.85;dos
1.779.151.416.156;1218219;ESP32-IDS-01;29.9;64.3;477;20;0;2.7;dos
1.779.153.465.652;440079;ESP32-IDS-01;30.1;62.6;10000;137;131;2.57;dos
1.779.145.918.816;101081;ESP32-IDS-01;28.6;66.4;948;19;3;2.2;normal
1.779.150.080.732;1885284;ESP32-IDS-01;28.9;67.8;1000;19;1;1.0;dos
1.779.151.810.896;1612853;ESP32-IDS-01;29.8;64.5;692;59;59;2.25;dos
1.779.152.350.392;2152463;ESP32-IDS-01;29.9;63.9;553;20;6;3.91;dos
1.779.165.433.164;1102929;ESP32-IDS-01;31.1;59.1;649;23;5;1.4;dos
1.779.146.519.048;15637;ESP32-IDS-01;28.6;62.0;479;19;1;1.5;normal
1.779.146.172.194;115041;ESP32-IDS-01;28.6;62.4;468;18;4;2.4;normal
1.779.150.112.017;1916569;ESP32-IDS-01;28.9;67.9;571;20;1;1.8;dos
1.779.145.665.522;932143;ESP32-IDS-01;28.4;65.6;728;115;147;2.3;normal
1.779.156.208.999;56821;ESP32-IDS-01;30.0;61.9;10000;9999;0;0.26;dos
1.779.165.839.322;93641;ESP32-IDS-01;31.4;57.8;876;60;71;2.0;dos
1.779.159.237.954;49149;ESP32-IDS-01;30.5;60.8;667;23;6;2.0;dos
1.779.167.385.926;422133;ESP32-IDS-01;28.6;52.4;1875;591;1108;3.43;dos
1.779.148.473.077;277575;ESP32-IDS-01;28.7;69.5;967;20;3;3.2;normal
1.779.149.503.718;1308252;ESP32-IDS-01;29.0;68.1;536;20;0;3.2;normal
1.779.157.616.396;89462;ESP32-IDS-01;30.3;61.3;563;21;9;3.08;dos
1.779.154.061.291;198293;ESP32-IDS-01;30.0;62.5;351;39;34;0.8;dos
1.779.151.664.943;1447898;ESP32-IDS-01;29.8;64.4;8384;9999;0;2.22;dos
1.779.148.278.695;83188;ESP32-IDS-01;28.2;70.3;667;20;0;3.3;normal
1.779.159.646.041;43323;ESP32-IDS-01;30.7;60.9;3333;30;3;2.6;dos
1.779.145.306.959;573842;ESP32-IDS-01;28.3;67.2;409;24;10;0.4;normal
1.779.148.324.491;128988;ESP32-IDS-01;28.4;70.3;349;19;3;1.6;normal
1.779.154.156.392;293442;ESP32-IDS-01;29.9;62.7;951;25;8;1.35;dos
1.779.159.987.894;96275;ESP32-IDS-01;30.5;61.5;998;9999;0;0.2;dos
1.779.167.254.555;293390;ESP32-IDS-01;28.7;53.0;721;39;9;2.3;dos
1.779.166.228.221;76641;ESP32-IDS-01;31.0;55.3;10000;9999;0;0.5;dos
1.779.145.993.856;176119;ESP32-IDS-01;28.6;64.0;471;19;3;0.8;normal
1779150700.16;502167;ESP32-IDS-01;29.4;66.6;413;24;8;2.8;dos
1.779.145.677.509;944440;ESP32-IDS-01;28.4;65.6;341;20;0;0.2;normal
1.779.151.484.483;1286554;ESP32-IDS-01;30.0;64.0;664;19;1;1.4;dos
1.779.149.326.994;1131517;ESP32-IDS-01;28.9;68.3;459;20;0;1.2;normal
1.779.166.958.781;504033;ESP32-IDS-01;29.0;53.7;1164;22;5;3.66;dos
1.779.151.545.412;1347483;ESP32-IDS-01;29.9;64.1;382;20;0;2.9;dos
1.779.145.813.317;29264;ESP32-IDS-01;28.5;66.1;876;21;1;2.0;normal
1.779.152.077.623;1879677;ESP32-IDS-01;29.8;64.4;1786;28;10;1.06;dos
1.779.148.394.877;199347;ESP32-IDS-01;28.6;69.9;685;20;2;3.5;normal
1.779.150.465.065;264585;ESP32-IDS-01;28.9;67.9;1393;170;188;2.12;dos
1.779.149.334.573;1139100;ESP32-IDS-01;29.0;68.2;434;18;1;2.1;normal
1.779.157.123.101;269238;ESP32-IDS-01;30.0;62.4;1240;32;41;3.31;dos
1.779.166.201.454;57808;ESP32-IDS-01;31.0;54.6;728;26;10;1.3;dos
1.779.153.163.743;138525;ESP32-IDS-01;29.9;63.2;590;40;40;8.18;dos
1.779.165.069.797;741552;ESP32-IDS-01;30.8;60.1;469;34;13;4.63;dos
1.779.148.401.878;206376;ESP32-IDS-01;28.6;69.9;748;20;1;2.6;normal
1.779.148.415.901;220400;ESP32-IDS-01;28.6;69.8;342;19;1;3.1;normal
1.779.151.720.755;1522782;ESP32-IDS-01;29.8;64.6;971;36;20;2.4;dos
1.779.145.268.751;535661;ESP32-IDS-01;28.2;67.6;793;22;8;0.9;normal
1.779.156.262.881;118693;ESP32-IDS-01;30.1;61.9;4893;391;530;3.0;dos
1.779.149.364.681;1169211;ESP32-IDS-01;29.0;68.2;451;19;1;0.9;normal
1.779.149.123.772;928294;ESP32-IDS-01;28.9;68.3;575;20;4;1.6;normal
1779165436.2;1105976;ESP32-IDS-01;31.1;59.1;743;29;18;5.88;dos
1779167110.24;149131;ESP32-IDS-01;28.8;53.4;840;19;1;0.3;dos
1.779.157.927.613;80469;ESP32-IDS-01;30.3;60.8;1374;158;135;2.23;dos
1.779.151.560.032;1362099;ESP32-IDS-01;29.9;64.1;631;20;0;0.2;dos
1.779.158.106.867;258976;ESP32-IDS-01;30.3;60.8;1337;405;530;2.65;dos
1.779.146.552.683;49234;ESP32-IDS-01;28.6;63.1;971;32;19;3.1;normal
1.779.149.817.855;1622404;ESP32-IDS-01;29.0;67.8;812;19;2;1.0;normal
1.779.158.792.539;54009;ESP32-IDS-01;30.3;61.3;1184;366;523;2.14;dos
1.779.145.657.712;924645;ESP32-IDS-01;28.4;64.7;925;19;1;1.7;normal
1.779.155.323.779;14481;ESP32-IDS-01;30.0;62.3;474;53;48;5.82;dos
1.779.154.442.571;106880;ESP32-IDS-01;30.1;62.4;934;9999;0;2.5;dos
1.779.151.948.372;1750425;ESP32-IDS-01;29.8;64.2;369;27;25;1.1;dos
1.779.158.611.799;90407;ESP32-IDS-01;30.0;61.8;571;985;1418;0.5;dos
1.779.151.718.193;1519071;ESP32-IDS-01;29.8;64.6;2914;410;499;0.7;dos
1.779.150.243.463;45490;ESP32-IDS-01;28.9;67.9;601;20;0;0.5;dos
1.779.149.418.395;1222928;ESP32-IDS-01;29.0;68.1;888;19;1;1.3;normal
1.779.151.853.774;1655842;ESP32-IDS-01;29.8;64.4;2839;20;5;1.05;dos
1.779.165.565.634;1237449;ESP32-IDS-01;31.3;58.6;400;22;8;1.5;dos
1.779.145.219.453;486352;ESP32-IDS-01;28.3;68.9;920;17;1;3.1;normal
1.779.149.350.318;1154796;ESP32-IDS-01;29.0;68.2;360;37;12;3.3;normal
1.779.148.981.974;786488;ESP32-IDS-01;28.9;68.4;606;21;3;3.3;normal
1.779.164.478.759;150515;ESP32-IDS-01;29.7;64.7;654;19;2;2.4;dos
1.779.151.366.945;1169008;ESP32-IDS-01;29.9;64.4;935;19;1;2.8;dos
1779153301.74;276543;ESP32-IDS-01;30.0;62.8;494;30;14;6.05;dos
1.779.165.468.076;1136338;ESP32-IDS-01;31.1;59.1;1121;502;874;0.1;dos
1.779.149.019.461;823981;ESP32-IDS-01;29.0;68.2;392;19;2;0.2;normal
1.779.148.604.242;408701;ESP32-IDS-01;28.8;69.2;524;34;21;1.2;normal
1.779.149.248.664;1053183;ESP32-IDS-01;28.9;68.5;549;20;0;0.3;normal
1779150282.47;83655;ESP32-IDS-01;28.9;67.9;7140;270;171;2.24;dos
1.779.148.975.669;780183;ESP32-IDS-01;28.9;68.4;918;21;1;1.8;normal
1.779.145.362.293;629211;ESP32-IDS-01;28.3;68.6;918;21;2;3.3;normal
1.779.148.413.839;218308;ESP32-IDS-01;28.6;69.8;552;21;3;0.2;normal
1.779.166.364.622;29855;ESP32-IDS-01;0.0;0.0;10000;523;518;0.14;dos
1.779.146.172.064;114573;ESP32-IDS-01;28.6;62.4;634;122;159;2.5;normal
1.779.156.084.767;86976;ESP32-IDS-01;30.0;62.0;563;39;16;1.3;dos
1779165298.94;970748;ESP32-IDS-01;31.0;59.3;760;22;7;2.3;dos
1.779.153.932.324;69337;ESP32-IDS-01;30.0;62.5;3068;21;6;2.73;dos
1.779.158.728.182;203000;ESP32-IDS-01;30.1;61.7;10000;765;1435;2.15;dos
1.779.157.387.901;84065;ESP32-IDS-01;30.1;61.8;3495;409;528;1.3;dos
1.779.152.622.098;98876;ESP32-IDS-01;29.9;63.5;737;20;4;3.51;dos
1.779.145.867.169;49432;ESP32-IDS-01;28.5;65.9;971;19;1;3.1;normal
1779166876.68;421926;ESP32-IDS-01;29.2;53.9;955;19;2;7.04;dos
1.779.167.122.587;161471;ESP32-IDS-01;28.8;53.4;993;22;3;2.5;dos
1.779.166.016.771;122841;ESP32-IDS-01;31.5;57.5;481;28;19;6.46;dos
1779153300.39;275207;ESP32-IDS-01;30.0;62.8;944;31;22;2.62;dos
1.779.151.493.281;1295335;ESP32-IDS-01;30.0;64.0;801;25;16;0.5;dos
1.779.146.193.804;136648;ESP32-IDS-01;28.6;63.4;377;19;1;1.2;normal
1.779.149.212.208;1016703;ESP32-IDS-01;28.8;68.5;584;19;2;1.5;normal
1.779.149.479.314;1283822;ESP32-IDS-01;28.9;68.2;324;20;0;0.6;normal
1.779.148.375.603;180099;ESP32-IDS-01;28.5;70.0;656;20;2;3.4;normal
1.779.165.840.847;95272;ESP32-IDS-01;31.4;57.8;823;23;7;2.9;dos
1779148951.11;755617;ESP32-IDS-01;28.9;68.5;837;23;4;1.8;normal
1.779.148.438.715;243085;ESP32-IDS-01;28.7;69.6;743;52;49;1.0;normal
1.779.148.417.907;222406;ESP32-IDS-01;28.6;69.8;598;19;0;1.7;normal
1.779.146.436.801;64569;ESP32-IDS-01;28.7;64.2;889;20;1;2.3;normal
1.779.149.355.298;1159827;ESP32-IDS-01;29.0;68.2;998;20;0;0.3;normal
1.779.151.058.234;860200;ESP32-IDS-01;29.7;65.4;555;40;19;1.4;dos
1779145425.97;692867;ESP32-IDS-01;28.3;70.4;544;20;0;0.7;normal
1.779.146.583.672;80258;ESP32-IDS-01;28.6;63.6;626;20;0;3.3;normal
1.779.151.250.671;1052731;ESP32-IDS-01;29.9;64.8;610;20;0;0.1;dos
1.779.145.398.291;665213;ESP32-IDS-01;28.3;66.6;961;19;3;2.5;normal
1.779.166.200.424;56704;ESP32-IDS-01;31.0;54.6;463;72;56;0.4;dos
1.779.152.176.938;1978931;ESP32-IDS-01;29.8;64.3;930;49;28;2.98;dos
1.779.154.060.025;197069;ESP32-IDS-01;30.0;62.5;746;28;13;2.7;dos
1779148676.11;480452;ESP32-IDS-01;28.9;68.9;411;75;168;2.7;normal
1779145933.13;115388;ESP32-IDS-01;28.6;64.6;438;20;1;2.4;normal
1.779.146.286.501;229159;ESP32-IDS-01;28.6;63.4;599;83;192;1.4;normal
1.779.153.424.769;395808;ESP32-IDS-01;30.1;62.6;2503;115;92;2.0;dos
1.779.157.254.246;80603;ESP32-IDS-01;30.1;62.2;358;51;49;1.7;dos
1.779.153.752.137;93241;ESP32-IDS-01;30.0;62.5;808;21;14;1.44;dos
1.779.149.649.509;1454049;ESP32-IDS-01;29.0;67.7;510;20;0;2.5;normal
1.779.166.598.753;144011;ESP32-IDS-01;29.4;54.9;634;20;10;9.19;dos
1779146429.55;57322;ESP32-IDS-01;28.7;62.6;840;19;3;0.3;normal
1.779.145.088.912;355802;ESP32-IDS-01;28.2;69.8;366;19;2;3.3;normal
1.779.155.402.444;89039;ESP32-IDS-01;30.0;62.3;10000;743;524;0.29;dos
1.779.154.282.876;76470;ESP32-IDS-01;30.0;62.6;3173;408;512;1.5;dos
1.779.148.494.839;299313;ESP32-IDS-01;28.7;69.5;675;20;1;1.3;normal
1.779.148.386.766;191222;ESP32-IDS-01;28.5;70.0;611;33;20;3.0;normal
1.779.158.246.265;399552;ESP32-IDS-01;30.3;60.9;360;25;10;1.5;dos
1.779.151.379.212;1181279;ESP32-IDS-01;29.9;64.3;625;20;1;2.2;dos
1.779.153.381.735;354420;ESP32-IDS-01;30.1;62.7;10000;63;48;2.4;dos
1.779.154.471.436;150524;ESP32-IDS-01;30.1;62.4;1185;36;21;3.94;dos
1.779.148.841.761;646270;ESP32-IDS-01;28.9;68.6;914;20;2;2.1;normal
1.779.151.589.302;1391330;ESP32-IDS-01;29.9;64.2;477;27;15;2.9;dos
